P97292.2	N/A	8.67e-36
Q6U736.3	N/A	1.62e-33
P25021.1	N/A	1.45e-32
O15973.1	RecName: Full=Rhodopsin, GQ-coupled; AltName: Full=GQ-rhodopsin [Mizuhopecten yessoensis]	4.48e-32
P25102.1	N/A	9.99e-32
P47747.1	RecName: Full=Histamine H2 receptor; Short=H2R; Short=HH2R; AltName: Full=Gastric receptor I [Cavia porcellus]	1.13e-31
Q6VZZ7.1	N/A	1.30e-31
Q8N6U8.1	N/A	9.53e-31
P17124.1	N/A	1.18e-30
Q2YDN1.1	N/A	6.54e-30
Q91175.1	RecName: Full=Alpha-1A adrenergic receptor; AltName: Full=Alpha-1A adrenoreceptor; Short=Alpha-1A adrenoceptor; AltName: Full=MAR1 [Oryzias latipes]	8.88e-30
G3M4F8.1	RecName: Full=Octopamine receptor beta-2R; Short=CsOA2B2 [Chilo suppressalis]	3.88e-29
O42574.1	N/A	1.98e-28
Q804X9.1	RecName: Full=Melanopsin-A; AltName: Full=Opsin-4A [Gadus morhua]	3.61e-28
B2RPY5.1	N/A	3.95e-28
Q5QD15.1	N/A	8.94e-27
O57422.1	N/A	2.11e-26
Q8NDV2.1	N/A	3.10e-26
Q923Y7.1	N/A	8.77e-26
B3DM66.1	N/A	1.21e-25
Q8K4Z4.1	N/A	5.60e-25
Q1JPS6.1	N/A	7.45e-25
Q5QD10.1	N/A	8.82e-25
Q96RJ0.1	N/A	9.44e-25
Q8HZ64.1	N/A	9.49e-25
Q9QXI3.1	N/A	1.05e-24
P35406.1	RecName: Full=D(1) dopamine receptor; AltName: Full=Dopamine D1 receptor [Carassius auratus]	1.10e-24
P53452.1	RecName: Full=D(1)-like dopamine receptor [Takifugu rubripes]	1.20e-24
P0C5J4.1	N/A	1.23e-24
P15823.2	RecName: Full=Alpha-1B adrenergic receptor; AltName: Full=Alpha-1B adrenoreceptor; Short=Alpha-1B adrenoceptor [Rattus norvegicus]	1.25e-24
Q8BZA7.1	N/A	1.73e-24
Q5QD12.1	N/A	1.97e-24
Q923Y6.1	N/A	1.98e-24
O02824.1	N/A	2.15e-24
Q4KWL2.1	RecName: Full=Beta-2 adrenergic receptor; AltName: Full=Beta-2 adrenoreceptor; Short=Beta-2 adrenoceptor [Tscherskia triton]	2.81e-24
P18841.1	N/A	2.84e-24
A6QLE7.1	N/A	3.04e-24
Q9Y2T5.2	N/A	3.56e-24
P35361.1	N/A	3.57e-24
P35360.1	RecName: Full=Lateral eye opsin [Limulus polyphemus]	4.40e-24
P35368.3	N/A	4.70e-24
Q923Y3.1	N/A	4.75e-24
P21728.1	N/A	5.20e-24
E7F7V7.1	N/A	6.27e-24
P97717.2	RecName: Full=Alpha-1B adrenergic receptor; AltName: Full=Alpha-1B adrenoreceptor; Short=Alpha-1B adrenoceptor [Mus musculus]	6.34e-24
Q9TST5.1	N/A	6.57e-24
P04274.1	N/A	7.25e-24
Q28997.2	N/A	7.39e-24
P10608.1	RecName: Full=Beta-2 adrenergic receptor; AltName: Full=Beta-2 adrenoreceptor; Short=Beta-2 adrenoceptor [Rattus norvegicus]	7.54e-24
Q923Y8.1	N/A	7.74e-24
P31388.2	RecName: Full=5-hydroxytryptamine receptor 6; Short=5-HT-6; Short=5-HT6; AltName: Full=ST-B17; AltName: Full=Serotonin receptor 6 [Rattus norvegicus]	7.80e-24
P42288.1	RecName: Full=D(1A) dopamine receptor; AltName: Full=Dopamine D1 receptor [Didelphis virginiana]	8.39e-24
P54833.1	N/A	9.28e-24
Q804Q2.1	RecName: Full=Melanopsin-B; AltName: Full=Opsin-4B [Gadus morhua]	1.12e-23
P25100.2	N/A	1.22e-23
Q5IS65.1	N/A	1.30e-23
Q5QD29.1	N/A	1.32e-23
Q61616.2	N/A	1.91e-23
O77680.1	N/A	2.04e-23
Q923Y2.1	N/A	2.18e-23
F1R332.2	N/A	2.26e-23
Q95136.2	N/A	2.41e-23
O14718.1	N/A	2.62e-23
Q5QD05.1	N/A	2.92e-23
Q28044.2	N/A	3.11e-23
Q5QD16.1	N/A	3.49e-23
P18762.2	N/A	3.57e-23
P50406.1	N/A	4.01e-23
Q8CIQ6.1	RecName: Full=Melatonin receptor type 1B; Short=Mel-1B-R; Short=Mel1b receptor [Mus musculus]	4.68e-23
Q28509.1	N/A	5.29e-23
P47800.1	RecName: Full=D(1)-like dopamine receptor [Oreochromis mossambicus]	5.64e-23
Q4U4D2.2	RecName: Full=Melanopsin; AltName: Full=Opsin-4 [Podarcis siculus]	6.19e-23
P97718.3	N/A	6.33e-23
Q5QD06.1	N/A	6.58e-23
Q5QD24.1	N/A	7.36e-23
P50130.1	N/A	7.53e-23
Q8BX79.1	N/A	7.62e-23
Q923X6.1	RecName: Full=Trace amine-associated receptor 7e; Short=TaR-7e; Short=Trace amine receptor 7e; AltName: Full=Trace amine receptor 14; Short=TaR-14 [Rattus norvegicus]	8.73e-23
P42289.1	N/A	9.48e-23
Q6XL69.1	RecName: Full=Melanopsin; AltName: Full=Opsin-4 [Rutilus rutilus]	1.08e-22
Q923X9.2	RecName: Full=Trace amine-associated receptor 8a; Short=TaR-8a; Short=Trace amine receptor 8a; AltName: Full=Trace amine receptor 11; Short=TaR-11 [Rattus norvegicus]	1.14e-22
Q5QD08.1	N/A	1.37e-22
Q923Y0.1	N/A	1.51e-22
Q5QD11.1	N/A	1.56e-22
O70528.1	N/A	1.60e-22
P43141.1	N/A	1.62e-22
Q5QD04.1	N/A	1.81e-22
Q923Y9.1	RecName: Full=Trace amine-associated receptor 1; Short=TaR-1; Short=Trace amine receptor 1 [Rattus norvegicus]	2.13e-22
P35348.2	N/A	2.18e-22
Q9VCZ3.1	N/A	2.29e-22
Q17094.1	RecName: Full=Rhodopsin [Alloteuthis subulata]	2.34e-22
Q923X8.2	N/A	2.58e-22
Q95YI3.1	N/A	2.68e-22
P43140.1	N/A	2.92e-22
Q5QD09.1	N/A	3.03e-22
P49287.2	N/A	3.07e-22
P07550.3	N/A	3.84e-22
P49219.1	N/A	4.95e-22
P18130.1	N/A	5.62e-22
Q9WU25.2	RecName: Full=Alpha-1A adrenergic receptor; AltName: Full=Alpha-1A adrenoreceptor; Short=Alpha-1A adrenoceptor; AltName: Full=Alpha-1C adrenergic receptor [Cavia porcellus]	5.73e-22
Q99679.1	N/A	5.76e-22
P18901.2	RecName: Full=D(1A) dopamine receptor; AltName: Full=Dopamine D1 receptor [Rattus norvegicus]	6.25e-22
P49286.1	N/A	6.68e-22
P30974.2	N/A	7.74e-22
P24603.1	RecName: Full=Rhodopsin [Loligo forbesii]	7.81e-22
P25931.2	N/A	1.04e-21
Q5QD21.1	N/A	1.08e-21
Q923Y1.1	N/A	1.26e-21
Q5W8W0.1	N/A	1.30e-21
Q5QD07.1	N/A	1.32e-21
P48039.1	N/A	1.43e-21
P09241.1	RecName: Full=Rhodopsin [Enteroctopus dofleini]	1.48e-21
Q13639.2	N/A	1.98e-21
P30975.2	N/A	2.06e-21
Q923X5.1	RecName: Full=Trace amine-associated receptor 7d; Short=TaR-7d; Short=Trace amine receptor 7d; AltName: Full=Trace amine receptor 15; Short=TaR-15 [Rattus norvegicus]	2.07e-21
O14804.2	N/A	2.13e-21
Q91559.1	N/A	2.28e-21
O93441.1	RecName: Full=Rhodopsin [Galeus melastomus]	2.85e-21
P29371.1	N/A	3.15e-21
Q9R1C8.1	N/A	3.42e-21
Q96RI8.1	N/A	3.80e-21
O18766.1	N/A	4.27e-21
Q5QD28.1	N/A	5.16e-21
P32305.2	N/A	5.35e-21
P32304.2	N/A	5.66e-21
O93459.1	RecName: Full=Rhodopsin [Scyliorhinus canicula]	5.92e-21
P07700.1	N/A	6.73e-21
P51046.2	RecName: Full=Melatonin receptor type 1A-A; Short=Mel-1A-R-A; Short=Mel1a receptor A; AltName: Full=Melatonin receptor Mel1a Z1.7-4; AltName: Full=zMel1a1 [Danio rerio]	6.89e-21
P34969.2	N/A	7.27e-21
Q25188.1	RecName: Full=Octopamine receptor [Heliothis virescens]	8.08e-21
Q25188.1	RecName: Full=Octopamine receptor [Heliothis virescens]	3.69e-06
Q923Y5.1	N/A	9.18e-21
Q5QD13.1	N/A	1.00e-20
Q17232.1	N/A	1.04e-20
Q17232.1	N/A	2.43e-06
Q93127.1	RecName: Full=Probable G-protein coupled receptor No18 [Amphibalanus amphitrite]	1.13e-20
P02700.2	RecName: Full=Rhodopsin [Ovis aries]	1.21e-20
Q2KNE5.3	RecName: Full=Melanopsin-A; AltName: Full=Mammalian-like melanopsin; AltName: Full=Melanopsin-M; AltName: Full=Opsin-4-A; AltName: Full=Opsin-4M [Danio rerio]	1.39e-20
O43603.1	N/A	1.46e-20
P52202.1	N/A	1.65e-20
Q61184.1	N/A	1.86e-20
P49285.1	N/A	1.93e-20
Q90X46.2	RecName: Full=G-protein coupled receptor 161 [Danio rerio]	1.98e-20
C3ZQF9.1	N/A	2.10e-20
O35214.1	N/A	2.28e-20
Q9UHM6.1	N/A	2.55e-20
Q9EQQ4.1	N/A	2.63e-20
P53454.1	N/A	2.82e-20
P50407.1	N/A	2.84e-20
Q5YKK9.1	N/A	2.85e-20
Q9Y5X5.2	RecName: Full=Neuropeptide FF receptor 2; AltName: Full=G-protein coupled receptor 74; AltName: Full=G-protein coupled receptor HLWAR77; AltName: Full=Neuropeptide G-protein coupled receptor [Homo sapiens]	3.09e-20
Q8UUY8.1	N/A	3.20e-20
P31356.2	RecName: Full=Rhodopsin [Todarodes pacificus]	3.51e-20
O02464.2	RecName: Full=Opsin-1; Short=MANOP1; AltName: Full=Rhodopsin 1, long-wavelength; AltName: Full=Rhodopsin P520 [Manduca sexta]	3.60e-20
Q8HY69.2	RecName: Full=Rhodopsin [Sminthopsis crassicaudata]	3.60e-20
P49288.1	N/A	6.06e-20
Q95KU1.1	N/A	6.25e-20
O62794.1	N/A	7.47e-20
P28681.1	N/A	7.47e-20
P51050.1	RecName: Full=Melatonin receptor type 1B; Short=Mel-1B-R; Short=Mel1b receptor [Gallus gallus]	7.72e-20
P02699.1	N/A	7.77e-20
Q923Y4.1	N/A	8.32e-20
Q96RI9.1	N/A	8.65e-20
P49912.1	N/A	9.45e-20
P97288.3	N/A	9.73e-20
Q9Y5Y3.2	N/A	1.04e-19
Q9P1P5.2	N/A	1.09e-19
P30937.1	N/A	1.11e-19
P49217.2	RecName: Full=Melatonin receptor type 1A; Short=Mel-1A-R; Short=Mel1a receptor [Phodopus sungorus]	1.15e-19
Q19084.3	N/A	1.17e-19
P15409.2	N/A	1.27e-19
O62791.1	N/A	1.32e-19
O08726.1	N/A	1.44e-19
P56515.1	RecName: Full=Rhodopsin [Rhinella marina]	1.46e-19
P51471.1	N/A	1.51e-19
Q5QD23.1	N/A	1.64e-19
P22671.1	RecName: Full=Rhodopsin [Lethenteron camtschaticum]	1.73e-19
P51489.1	RecName: Full=Rhodopsin [Rattus norvegicus]	1.77e-19
Q9TTM9.1	N/A	1.95e-19
O62798.1	N/A	2.07e-19
O88854.2	N/A	2.44e-19
Q4R1I4.1	RecName: Full=Melanopsin; AltName: Full=Opsin-4; AltName: Full=amphi-MOP [Branchiostoma belcheri]	2.59e-19
Q588Y6.1	N/A	2.61e-19
Q769E8.1	N/A	2.65e-19
Q17292.1	N/A	2.84e-19
Q28886.1	N/A	2.89e-19
Q04573.1	N/A	2.96e-19
P21555.3	RecName: Full=Neuropeptide Y receptor type 1; Short=NPY1-R; AltName: Full=FC5 [Rattus norvegicus]	3.20e-19
P42290.1	N/A	3.21e-19
Q03566.2	N/A	3.34e-19
O57605.1	N/A	3.41e-19
P51472.1	N/A	3.57e-19
O16005.1	RecName: Full=Rhodopsin [Sepia officinalis]	3.81e-19
P41596.2	N/A	3.85e-19
Q90245.1	RecName: Full=Rhodopsin [Ambystoma tigrinum]	4.05e-19
Q1RMU8.1	N/A	4.36e-19
Q94741.1	RecName: Full=Opsin-1 [Schistocerca gregaria]	4.46e-19
Q17296.1	RecName: Full=Rhodopsin [Cataglyphis bombycina]	4.52e-19
O62793.1	RecName: Full=Rhodopsin [Mesoplodon bidens]	4.91e-19
Q5XXP2.1	RecName: Full=Melanopsin; AltName: Full=Opsin-4 [Phodopus sungorus]	4.93e-19
Q5QD17.1	N/A	5.52e-19
O02813.2	N/A	6.63e-19
P25929.1	N/A	7.14e-19
Q969N4.1	N/A	7.15e-19
P42291.1	RecName: Full=D(1C) dopamine receptor [Xenopus laevis]	7.23e-19
P35364.1	N/A	7.28e-19
P41591.1	RecName: Full=Rhodopsin [Anolis carolinensis]	7.94e-19
O13227.1	RecName: Full=Blue-sensitive opsin; AltName: Full=Blue cone photoreceptor pigment [Conger conger]	8.75e-19
P51476.1	RecName: Full=Pinopsin; AltName: Full=Pineal gland-specific opsin; Short=P-opsin; Short=Pineal opsin [Columba livia]	9.74e-19
O62795.1	RecName: Full=Rhodopsin [Phoca groenlandica]	9.83e-19
O62792.1	RecName: Full=Rhodopsin [Globicephala melas]	1.01e-18
Q16951.1	RecName: Full=5-hydroxytryptamine receptor 2; AltName: Full=5-HTB2; AltName: Full=Serotonin receptor 2 [Aplysia californica]	1.03e-18
Q9N2B7.1	RecName: Full=5-hydroxytryptamine receptor 1B; Short=5-HT-1B; Short=5-HT1B; AltName: Full=Serotonin receptor 1B [Gorilla gorilla gorilla]	1.04e-18
P51470.1	RecName: Full=Rhodopsin [Lithobates catesbeianus]	1.06e-18
Q68J47.1	N/A	1.07e-18
O02666.1	RecName: Full=Alpha-1D adrenergic receptor; AltName: Full=Alpha-1D adrenoreceptor; Short=Alpha-1D adrenoceptor [Oryctolagus cuniculus]	1.20e-18
P28222.1	N/A	1.26e-18
Q6W3E1.1	RecName: Full=Rhodopsin [Caluromys philander]	1.42e-18
P51049.2	N/A	1.49e-18
P28683.1	N/A	1.75e-18
P23944.2	N/A	1.84e-18
Q9WVD0.1	RecName: Full=Neuropeptide Y receptor type 1; Short=NPY1-R [Cavia porcellus]	1.90e-18
O02835.2	N/A	1.99e-18
Q9TT96.2	RecName: Full=Beta-1 adrenergic receptor; AltName: Full=Beta-1 adrenoreceptor; Short=Beta-1 adrenoceptor [Bos taurus]	2.00e-18
P32310.1	N/A	2.13e-18
P16177.1	N/A	2.37e-18
P35362.1	RecName: Full=Rhodopsin; Short=Opsin [Sphodromantis sp.]	2.40e-18
P22328.1	N/A	2.56e-18
O15974.1	RecName: Full=Rhodopsin, G0-coupled; AltName: Full=G0-rhodopsin [Mizuhopecten yessoensis]	2.99e-18
P56516.1	RecName: Full=Rhodopsin [Rana temporaria]	2.99e-18
Q8UUG8.1	RecName: Full=5-hydroxytryptamine receptor 2B; Short=5-HT-2B; Short=5-HT2B; AltName: Full=Serotonin receptor 2B [Tetraodon fluviatilis]	3.11e-18
O97512.2	N/A	3.12e-18
Q63652.2	RecName: Full=Short-wave-sensitive opsin 1; Short=S opsin; AltName: Full=Blue cone photoreceptor pigment; AltName: Full=Blue-sensitive opsin; Short=BOP; AltName: Full=Short wavelength-sensitive cone opsin [Rattus norvegicus]	3.13e-18
Q6BD04.1	N/A	3.20e-18
P30966.2	N/A	3.32e-18
P79863.1	RecName: Full=Rhodopsin [Leucoraja erinacea]	3.66e-18
Q5QD14.1	N/A	3.72e-18
Q92847.1	N/A	4.17e-18
P97714.1	RecName: Full=Alpha-1D adrenergic receptor; AltName: Full=Alpha-1A adrenergic receptor; AltName: Full=Alpha-1D adrenoreceptor; Short=Alpha-1D adrenoceptor [Mus musculus]	4.26e-18
P31355.1	RecName: Full=Rhodopsin [Rana pipiens]	4.49e-18
P47937.2	N/A	4.64e-18
P70031.1	N/A	4.83e-18
Q7T3Q7.1	RecName: Full=Opsin-VA; AltName: Full=Vertebrate ancient opsin [Rutilus rutilus]	4.94e-18
Q28927.2	RecName: Full=Beta-1 adrenergic receptor; AltName: Full=Beta-1 adrenoreceptor; Short=BETA1AR; Short=Beta-1 adrenoceptor [Ovis aries]	5.35e-18
Q4LBB9.2	N/A	5.55e-18
P25962.2	N/A	6.00e-18
P32308.1	N/A	7.45e-18
O08725.1	N/A	8.14e-18
Q9W6A9.2	RecName: Full=Opsin-1, short-wave-sensitive 1; Short=Opsin SWS-1; AltName: Full=Ultraviolet cone photoreceptor pigment; AltName: Full=Ultraviolet-sensitive opsin [Danio rerio]	8.43e-18
Q0EAB5.1	N/A	8.62e-18
O42266.1	N/A	9.50e-18
Q8BGE9.1	N/A	9.57e-18
A5A4K9.1	N/A	9.75e-18
Q16950.1	RecName: Full=5-hydroxytryptamine receptor 1; AltName: Full=5-HTB1; AltName: Full=Serotonin receptor 1 [Aplysia californica]	1.08e-17
P31387.1	RecName: Full=5-hydroxytryptamine receptor 5B; Short=5-HT-5B; Short=5-HT5B; AltName: Full=Serotonin receptor 5B [Mus musculus]	1.11e-17
A5A4L1.1	N/A	1.14e-17
Q8R456.1	N/A	1.14e-17
Q9W6A8.1	N/A	1.17e-17
Q99P50.3	N/A	1.20e-17
Q9NSD7.1	N/A	1.30e-17
Q9YGZ0.1	RecName: Full=Rhodopsin [Sardina pilchardus]	1.32e-17
P28221.1	N/A	1.40e-17
G4WMX4.1	N/A	1.46e-17
Q924H0.2	N/A	1.47e-17
Q5QD25.1	N/A	1.65e-17
P08100.1	N/A	1.70e-17
Q9QXZ9.1	N/A	1.73e-17
P30549.1	N/A	1.89e-17
Q9P1P4.1	PUTATIVE PSEUDOGENE: RecName: Full=Putative trace amine-associated receptor 3; Short=TaR-3; Short=Trace amine receptor 3; Short=hTaar3; AltName: Full=G-protein coupled receptor 57 [Homo sapiens]	2.48e-17
O77621.1	RecName: Full=Alpha-1A adrenergic receptor; AltName: Full=Alpha-1A adrenoreceptor; Short=Alpha-1A adrenoceptor; AltName: Full=Alpha-1C adrenergic receptor [Canis lupus familiaris]	3.35e-17
O42385.1	RecName: Full=5-hydroxytryptamine receptor 1A-alpha; Short=5-HT-1A-alpha; Short=5-HT1A-alpha; AltName: Full=F1A; AltName: Full=Serotonin receptor 1A-alpha [Takifugu rubripes]	3.52e-17
O42385.1	RecName: Full=5-hydroxytryptamine receptor 1A-alpha; Short=5-HT-1A-alpha; Short=5-HT1A-alpha; AltName: Full=F1A; AltName: Full=Serotonin receptor 1A-alpha [Takifugu rubripes]	3.32e-05
P35363.1	N/A	3.58e-17
P03999.1	N/A	3.95e-17
P49660.2	RecName: Full=Somatostatin receptor type 4; Short=SS-4-R; Short=SS4-R; Short=SS4R [Mus musculus]	4.16e-17
Q8BZ39.1	N/A	4.32e-17
P47898.1	N/A	4.70e-17
P46636.1	N/A	4.74e-17
Q9EQD2.1	N/A	4.75e-17
Q96P65.2	N/A	5.03e-17
P51473.1	N/A	5.43e-17
P41590.1	N/A	5.90e-17
P79809.1	RecName: Full=Rhodopsin [Neoniphon aurolineatus]	6.04e-17
Q62758.1	N/A	6.07e-17
P05363.1	N/A	6.12e-17
P79902.1	RecName: Full=Rhodopsin [Sargocentron punctatissimum]	6.27e-17
P56514.1	RecName: Full=Rhodopsin [Bufo bufo]	6.30e-17
P14842.1	N/A	7.04e-17
O62796.1	N/A	7.54e-17
P28646.1	N/A	7.60e-17
Q90214.1	RecName: Full=Rhodopsin, deep-sea form [Anguilla anguilla]	8.11e-17
P51491.1	N/A	8.31e-17
O43614.2	N/A	9.17e-17
P79807.1	RecName: Full=Rhodopsin [Myripristis violacea]	1.04e-16
Q9TST6.1	N/A	1.04e-16
P50129.1	N/A	1.05e-16
P30872.1	N/A	1.06e-16
O13092.1	N/A	1.09e-16
Q5R4Q6.1	N/A	1.09e-16
O13076.1	N/A	1.10e-16
P48040.1	RecName: Full=Melatonin receptor type 1A; Short=Mel-1A-R; Short=Mel1a receptor [Ovis aries]	1.20e-16
P18599.1	N/A	1.22e-16
Q49LX5.1	N/A	1.22e-16
P79148.1	RecName: Full=Beta-1 adrenergic receptor; AltName: Full=Beta-1 adrenoreceptor; Short=Beta-1 adrenoceptor [Canis lupus familiaris]	1.28e-16
P35365.1	N/A	1.34e-16
P30873.1	N/A	1.37e-16
Q28524.1	N/A	1.39e-16
P49145.1	N/A	1.46e-16
Q9ESQ4.2	N/A	1.49e-16
P34971.2	N/A	1.52e-16
O46635.2	N/A	1.54e-16
O70431.1	RecName: Full=Beta-2 adrenergic receptor; AltName: Full=Beta-2 adrenoreceptor; Short=Beta-2 adrenoceptor [Meriones unguiculatus]	1.76e-16
P79250.2	N/A	1.77e-16
P79808.1	RecName: Full=Rhodopsin [Neoniphon argenteus]	1.79e-16
Q9H1Y3.1	N/A	1.84e-16
P29403.1	RecName: Full=Rhodopsin [Xenopus laevis]	1.89e-16
Q90215.1	RecName: Full=Rhodopsin, freshwater form [Anguilla anguilla]	1.89e-16
P58308.2	N/A	1.94e-16
Q6XXX8.1	N/A	2.00e-16
Q09388.3	N/A	2.12e-16
P79898.1	RecName: Full=Rhodopsin [Sargocentron diadema]	2.30e-16
O42490.1	RecName: Full=Pineal opsin; AltName: Full=Pineal gland-specific opsin; Short=P-opsin [Petromyzon marinus]	2.41e-16
O62809.2	N/A	2.44e-16
P14416.2	N/A	2.64e-16
P14416.2	N/A	2.20e-09
P56719.1	N/A	2.72e-16
P49144.1	N/A	2.73e-16
P79911.1	RecName: Full=Rhodopsin [Sargocentron tiere]	2.96e-16
P79903.1	RecName: Full=Rhodopsin [Sargocentron spiniferum]	3.20e-16
O02662.1	RecName: Full=Beta-3 adrenergic receptor; AltName: Full=Beta-3 adrenoreceptor; Short=Beta-3 adrenoceptor [Canis lupus familiaris]	3.42e-16
P79218.1	N/A	3.77e-16
P28223.2	N/A	3.78e-16
P52702.1	N/A	4.03e-16
P52702.1	N/A	2.18e-09
Q8BLD9.1	N/A	4.15e-16
Q9TST4.1	N/A	4.21e-16
P56496.1	RecName: Full=5-hydroxytryptamine receptor 1B; Short=5-HT-1B; Short=5-HT1B; AltName: Full=Serotonin receptor 1B [Nannospalax ehrenbergi]	4.32e-16
Q9TUP7.1	N/A	4.40e-16
P79812.1	RecName: Full=Rhodopsin [Neoniphon sammara]	4.81e-16
P97295.2	N/A	5.47e-16
Q75Z89.1	N/A	5.63e-16
P50128.1	N/A	5.92e-16
P79901.1	RecName: Full=Rhodopsin [Sargocentron microstoma]	5.96e-16
Q95252.2	RecName: Full=Beta-3 adrenergic receptor; AltName: Full=Beta-3 adrenoreceptor; Short=Beta-3 adrenoceptor [Sus scrofa]	6.08e-16
O01670.1	RecName: Full=Octopamine receptor 2; Short=OA2 [Lymnaea stagnalis]	6.47e-16
Q17053.1	RecName: Full=Rhodopsin, long-wavelength; AltName: Full=Opsin, green-sensitive [Apis mellifera]	6.69e-16
P35359.2	RecName: Full=Rhodopsin [Danio rerio]	6.88e-16
Q5DUB2.1	N/A	7.06e-16
Q5QNP2.1	N/A	7.21e-16
Q9Z2D5.1	RecName: Full=Neuropeptide Y receptor type 2; Short=NPY2-R; AltName: Full=NPY-Y2 receptor; Short=Y2 receptor [Cavia porcellus]	8.07e-16
P79914.1	RecName: Full=Rhodopsin [Sargocentron xantherythrum]	8.10e-16
Q61212.1	N/A	8.32e-16
P79798.1	RecName: Full=Rhodopsin [Myripristis berndti]	9.16e-16
O88495.3	N/A	9.33e-16
Q95254.1	N/A	1.12e-15
P31391.2	N/A	1.13e-15
O08892.1	N/A	1.21e-15
P28564.1	N/A	1.26e-15
P18090.1	N/A	1.26e-15
P25115.1	N/A	1.27e-15
Q9EQQ3.2	N/A	1.37e-15
P22269.1	RecName: Full=Opsin Rh1; AltName: Full=Outer R1-R6 photoreceptor cells opsin [Calliphora vicina]	1.54e-15
Q28558.2	N/A	1.60e-15
Q90309.1	N/A	1.65e-15
Q9DDN6.1	N/A	1.75e-15
P11614.1	N/A	1.80e-15
O01668.1	N/A	1.81e-15
P20288.1	N/A	1.96e-15
P20288.1	N/A	1.89e-09
P51475.1	RecName: Full=Pinopsin; AltName: Full=Pineal gland-specific opsin; Short=P-opsin; Short=Pineal opsin [Gallus gallus]	2.00e-15
Q95M54.1	N/A	2.02e-15
Q64077.1	N/A	2.04e-15
P11617.1	N/A	2.14e-15
Q9MYW9.2	N/A	2.16e-15
P13945.3	N/A	2.33e-15
O02836.2	N/A	2.34e-15
P26255.2	N/A	2.44e-15
P51474.1	RecName: Full=Green-sensitive opsin-3; AltName: Full=Green cone photoreceptor pigment 3 [Psalidodon fasciatus]	2.75e-15
P61169.1	N/A	2.77e-15
P61169.1	N/A	1.29e-09
P53453.1	N/A	2.79e-15
P53453.1	N/A	5.24e-11
Q6TLI9.1	N/A	2.87e-15
Q6TLI9.1	N/A	9.56e-10
Q9GJU1.1	N/A	2.92e-15
Q9GJU1.1	N/A	1.87e-09
P35346.3	N/A	3.00e-15
F1MV99.2	N/A	3.03e-15
P51488.1	RecName: Full=Rhodopsin [Cyprinus carpio]	3.29e-15
Q98980.1	N/A	3.33e-15
P16610.1	N/A	3.44e-15
Q868T3.4	RecName: Full=Cardioacceleratory peptide receptor; AltName: Full=Crustacean cardioactive peptide receptor [Drosophila melanogaster]	3.48e-15
Q9YGY9.1	RecName: Full=Rhodopsin [Zosterisessor ophiocephalus]	3.85e-15
P61168.2	N/A	3.95e-15
P61168.2	N/A	1.33e-09
P41595.1	N/A	4.03e-15
Q59E83.1	N/A	4.04e-15
P32309.1	RecName: Full=Rhodopsin [Carassius auratus]	4.26e-15
Q25322.1	RecName: Full=Putative tyramine receptor 2; AltName: Full=Tyr-Loc2 [Locusta migratoria]	4.37e-15
Q25322.1	RecName: Full=Putative tyramine receptor 2; AltName: Full=Tyr-Loc2 [Locusta migratoria]	9.92e-06
Q60474.2	N/A	4.54e-15
O13018.1	N/A	4.66e-15
P30875.1	N/A	4.84e-15
Q25321.1	RecName: Full=Tyramine receptor 1; AltName: Full=Tyr-Loc1 [Locusta migratoria]	4.89e-15
Q25321.1	RecName: Full=Tyramine receptor 1; AltName: Full=Tyr-Loc1 [Locusta migratoria]	1.05e-05
O42604.1	RecName: Full=Rhodopsin [Zeus faber]	4.91e-15
P49146.1	N/A	4.92e-15
Q9YGZ2.1	RecName: Full=Rhodopsin [Gobius niger]	5.80e-15
P51144.1	N/A	5.92e-15
Q9YGZ3.1	RecName: Full=Rhodopsin [Salaria pavo]	5.99e-15
Q63447.1	RecName: Full=Neuropeptide Y receptor type 4; Short=NPY4-R; AltName: Full=Pancreatic polypeptide receptor 1; Short=PP1 [Rattus norvegicus]	6.01e-15
Q28998.2	N/A	6.23e-15
P28678.4	N/A	6.98e-15
P34992.1	N/A	7.14e-15
P08588.2	RecName: Full=Beta-1 adrenergic receptor; AltName: Full=Beta-1 adrenoreceptor; Short=Beta-1 adrenoceptor [Homo sapiens]	7.72e-15
P79113.1	N/A	7.93e-15
P87369.1	N/A	7.97e-15
P79217.1	N/A	8.25e-15
Q4LBB6.4	N/A	8.50e-15
Q98982.1	RecName: Full=Substance-P receptor; Short=SPR; AltName: Full=NK-1 receptor; Short=NK-1R; AltName: Full=Tachykinin receptor 1 [Lithobates catesbeianus]	8.65e-15
P30680.1	N/A	8.79e-15
Q9YH01.1	RecName: Full=Rhodopsin [Mullus surmuletus]	1.01e-14
P06002.1	N/A	1.04e-14
Q91081.1	RecName: Full=Alpha-2 adrenergic receptor; AltName: Full=Alpha-2 adrenoreceptor; Short=Alpha-2 adrenoceptor [Labrus ossifagus]	1.09e-14
Q9YH05.1	RecName: Full=Rhodopsin [Diplodus annularis]	1.12e-14
Q9BZJ6.2	N/A	1.21e-14
Q91178.1	RecName: Full=Probable G-protein coupled receptor [Oryzias latipes]	1.21e-14
P30874.1	N/A	1.24e-14
P28682.1	N/A	1.24e-14
P47899.1	N/A	1.25e-14
P48145.2	N/A	1.41e-14
P11615.1	RecName: Full=Alpha-1B adrenergic receptor; AltName: Full=Alpha-1B adrenoreceptor; Short=Alpha-1B adrenoceptor [Canis lupus familiaris]	1.46e-14
Q9GK74.1	N/A	1.55e-14
Q9YGZ6.1	RecName: Full=Rhodopsin [Chelon auratus]	1.77e-14
P35357.1	RecName: Full=Blue-sensitive opsin P467; AltName: Full=Blue photoreceptor pigment [Gekko gecko]	1.85e-14
Q9YGZ1.1	RecName: Full=Rhodopsin [Atherina boyeri]	1.85e-14
P79848.1	RecName: Full=Rhodopsin [Poecilia reticulata]	1.91e-14
P34968.2	N/A	1.94e-14
P18871.2	RecName: Full=Alpha-2A adrenergic receptor; AltName: Full=Alpha-2A adrenoreceptor; Short=Alpha-2A adrenoceptor; Short=Alpha-2AAR [Sus scrofa]	2.01e-14
Q13585.3	N/A	2.04e-14
P34993.1	N/A	2.04e-14
P47748.1	N/A	2.17e-14
Q90WY5.1	N/A	2.19e-14
P34994.1	N/A	2.24e-14
P28684.1	N/A	2.41e-14
Q8IN35.2	N/A	2.47e-14
Q9YH02.1	N/A	2.61e-14
P08909.1	N/A	2.67e-14
P79756.1	RecName: Full=Rhodopsin [Gambusia affinis]	2.73e-14
Q9WUK7.1	N/A	2.90e-14
P58307.3	N/A	2.98e-14
Q96P66.1	N/A	3.01e-14
Q8C010.2	N/A	3.36e-14
Q8AYM7.1	N/A	3.41e-14
Q13304.2	N/A	3.44e-14
P41144.1	N/A	3.56e-14
Q24563.1	N/A	3.68e-14
O19025.2	RecName: Full=Alpha-2B adrenergic receptor; AltName: Full=Alpha-2B adrenoreceptor; Short=Alpha-2B adrenoceptor; Short=Alpha-2BAR [Macroscelides proboscideus]	3.72e-14
Q01338.2	N/A	3.73e-14
Q32ZE2.1	N/A	3.89e-14
P79945.1	N/A	4.00e-14
P70585.2	N/A	4.38e-14
P0DQD5.1	N/A	4.39e-14
Q9N296.1	N/A	4.41e-14
Q9N296.1	N/A	1.68e-06
P21452.3	N/A	4.42e-14
P22909.3	N/A	4.48e-14
Q9W6A6.2	RecName: Full=Green-sensitive opsin-4; AltName: Full=Green cone photoreceptor pigment 4; AltName: Full=Opsin RH2-4; AltName: Full=Opsin-1, medium-wave-sensitive 4 [Danio rerio]	4.70e-14
P32311.1	N/A	4.98e-14
Q8JZL2.3	N/A	5.16e-14
P79400.1	RecName: Full=5-hydroxytryptamine receptor 1D; Short=5-HT-1D; Short=5-HT1D; AltName: Full=Serotonin receptor 1D [Sus scrofa]	5.25e-14
Q58CW4.1	N/A	5.42e-14
P30731.2	N/A	5.69e-14
P97639.4	N/A	5.83e-14
P33534.1	N/A	6.13e-14
O19014.1	RecName: Full=Alpha-2B adrenergic receptor; AltName: Full=Alpha-2B adrenoreceptor; Short=Alpha-2B adrenoceptor; Short=Alpha-2BAR [Elephas maximus]	6.14e-14
P87368.1	N/A	6.35e-14
O42327.1	RecName: Full=Rhodopsin [Comephorus dybowskii]	6.35e-14
Q56UD9.1	N/A	6.53e-14
Q60475.1	RecName: Full=Alpha-2B adrenergic receptor; AltName: Full=Alpha-2B adrenoreceptor; Short=Alpha-2B adrenoceptor; Short=Alpha-2BAR [Cavia porcellus]	7.64e-14
O42300.1	RecName: Full=Rhodopsin [Batrachocottus multiradiatus]	8.00e-14
Q9YGZ8.1	RecName: Full=Rhodopsin [Chelon labrosus]	8.35e-14
Q61041.2	N/A	8.38e-14
O19012.1	RecName: Full=Alpha-2B adrenergic receptor; AltName: Full=Alpha-2B adrenoreceptor; Short=Alpha-2B adrenoceptor; Short=Alpha-2BAR [Erinaceus europaeus]	8.71e-14
Q28838.3	N/A	8.77e-14
Q9XT58.2	N/A	8.98e-14
Q61121.2	N/A	9.48e-14
P19327.1	N/A	9.71e-14
P19327.1	N/A	9.40e-07
Q60614.2	N/A	9.95e-14
Q6XXY0.1	N/A	1.01e-13
Q6XXY0.1	N/A	1.21e-06
Q8MJ89.2	RecName: Full=Melanin-concentrating hormone receptor 1; Short=MCH receptor 1; Short=MCH-R1; Short=MCHR-1; AltName: Full=G-protein coupled receptor 24; AltName: Full=MCH-1R; Short=MCH1R; Short=MCHR [Macaca mulatta]	1.03e-13
Q6XXX9.1	N/A	1.04e-13
Q6XXX9.1	N/A	1.14e-06
P08908.3	N/A	1.08e-13
P08908.3	N/A	1.63e-06
Q98998.1	N/A	1.08e-13
Q98998.1	N/A	8.66e-08
Q49LX6.1	N/A	1.11e-13
Q9XT57.1	RecName: Full=Beta-3 adrenergic receptor; AltName: Full=Beta-3 adrenoreceptor; Short=Beta-3 adrenoceptor [Capra hircus]	1.15e-13
Q9N298.1	N/A	1.19e-13
Q9N298.1	N/A	1.50e-06
P49681.2	N/A	1.26e-13
O42330.1	RecName: Full=Rhodopsin [Cottocomephorus inermis]	1.28e-13
Q5IJ49.1	N/A	1.28e-13
P34975.1	N/A	1.28e-13
Q9N297.1	N/A	1.31e-13
Q9N297.1	N/A	1.70e-06
Q9DGG4.1	RecName: Full=Rhodopsin [Tetraodon nigroviridis]	1.31e-13
O19054.1	RecName: Full=Alpha-2B adrenergic receptor; AltName: Full=Alpha-2B adrenoreceptor; Short=Alpha-2B adrenoceptor; Short=Alpha-2BAR [Procavia capensis habessinica]	1.35e-13
P24628.1	N/A	1.40e-13
P24628.1	N/A	2.98e-08
Q0GBZ5.1	N/A	1.50e-13
Q9YH03.1	RecName: Full=Rhodopsin [Sarpa salpa]	1.54e-13
P56718.1	N/A	1.57e-13
O19032.1	RecName: Full=Alpha-2B adrenergic receptor; AltName: Full=Alpha-2B adrenoreceptor; Short=Alpha-2B adrenoceptor; Short=Alpha-2BAR [Orycteropus afer]	1.59e-13
P18089.4	N/A	1.81e-13
Q6W3F4.1	N/A	2.01e-13
O42301.1	RecName: Full=Rhodopsin [Batrachocottus nikolskii]	2.15e-13
P35370.1	N/A	2.19e-13
Q9DDK4.2	RecName: Full=Sphingosine 1-phosphate receptor 1; Short=S1P receptor 1; Short=S1P1; AltName: Full=Sphingosine 1-phosphate receptor Edg-1; Short=S1P receptor Edg-1 [Danio rerio]	2.25e-13
Q0EAB6.1	N/A	2.26e-13
Q0EAB6.1	N/A	3.03e-07
Q9YH04.1	RecName: Full=Rhodopsin [Diplodus vulgaris]	2.29e-13
P35377.1	N/A	2.45e-13
P29275.1	N/A	2.61e-13
Q8AYM8.1	N/A	2.74e-13
O97661.2	N/A	2.90e-13
Q93126.1	RecName: Full=Probable G-protein coupled receptor No9 [Amphibalanus amphitrite]	3.01e-13
P83858.1	N/A	3.13e-13
Q26495.1	RecName: Full=Opsin-2 [Schistocerca gregaria]	3.18e-13
P21918.2	N/A	3.21e-13
P79960.2	N/A	3.31e-13
P41149.1	N/A	3.36e-13
P29276.1	N/A	3.37e-13
Q9R024.1	N/A	3.51e-13
P41146.1	N/A	3.55e-13
O42451.1	RecName: Full=Rhodopsin [Procottus jettelesii]	3.61e-13
Q90WY4.1	RecName: Full=Alpha-2A adrenergic receptor; AltName: Full=Alpha-2A adrenoreceptor; Short=Alpha-2A adrenoceptor; Short=Alpha-2AAR [Danio rerio]	3.75e-13
Q5IS66.1	RecName: Full=5-hydroxytryptamine receptor 2C; Short=5-HT-2C; Short=5-HT2C; Short=5-HTR2C; AltName: Full=Serotonin receptor 2C; Flags: Precursor [Pan troglodytes]	3.75e-13
P30098.1	N/A	3.94e-13
O60755.1	N/A	4.12e-13
O77713.2	RecName: Full=Alpha-2B adrenergic receptor; AltName: Full=Alpha-2B adrenoreceptor; Short=Alpha-2B adrenoceptor; Short=Alpha-2BAR [Dugong dugon]	4.15e-13
Q5DUB3.1	N/A	4.38e-13
Q9GZQ4.2	N/A	4.85e-13
O42452.1	RecName: Full=Rhodopsin [Paracottus knerii]	4.90e-13
P08913.4	N/A	5.02e-13
Q2TAD5.1	RecName: Full=Apelin receptor B; AltName: Full=Angiotensin receptor-like 1b; AltName: Full=Angiotensin receptor-related protein B; AltName: Full=G-protein coupled receptor APJ-B; Short=APJb [Xenopus laevis]	5.07e-13
Q9YGZ7.1	RecName: Full=Rhodopsin [Chelon saliens]	5.27e-13
O18935.2	RecName: Full=Alpha-2B adrenergic receptor; AltName: Full=Alpha-2B adrenoreceptor; Short=Alpha-2B adrenoceptor; Short=Alpha-2BAR [Amblysomus hottentotus]	5.30e-13
Q64264.2	N/A	5.47e-13
Q64264.2	N/A	1.05e-06
Q90456.2	RecName: Full=Melatonin receptor type 1B-A; Short=Mel-1B-R-A; Short=Mel1b receptor A; AltName: Full=Melatonin receptor Mel1b Z6.2; AltName: Full=Melatonin receptor Mel1b-19; AltName: Full=zMel1b-2 [Danio rerio]	5.49e-13
B3G515.1	N/A	5.63e-13
Q4V622.1	N/A	6.02e-13
O77830.2	RecName: Full=Alpha-2B adrenergic receptor; AltName: Full=Alpha-2B adrenoreceptor; Short=Alpha-2B adrenoceptor; Short=Alpha-2BAR [Oryctolagus cuniculus]	6.06e-13
Q09QM4.1	N/A	6.11e-13
P25103.1	N/A	6.18e-13
P35373.1	N/A	6.35e-13
Q9YGZ4.1	RecName: Full=Rhodopsin [Dicentrarchus labrax]	6.60e-13
P29089.1	N/A	6.63e-13
P34989.1	RecName: Full=Opsin, longwave 563 nm [Callithrix jacchus]	6.73e-13
O42268.1	RecName: Full=Rhodopsin [Ictalurus punctatus]	6.77e-13
Q8IS44.2	N/A	6.98e-13
Q60F97.1	N/A	7.02e-13
O97664.1	N/A	7.33e-13
Q60483.1	RecName: Full=Beta-3 adrenergic receptor; AltName: Full=Beta-3 adrenoreceptor; Short=Beta-3 adrenoceptor [Cavia porcellus]	7.37e-13
P49578.1	N/A	7.38e-13
Q9TTQ9.1	N/A	7.44e-13
P32312.1	N/A	7.49e-13
Q9YGZ9.1	RecName: Full=Rhodopsin [Mugil cephalus]	7.66e-13
O35478.2	RecName: Full=Medium-wave-sensitive opsin 1; AltName: Full=Green cone photoreceptor pigment; AltName: Full=Green-sensitive opsin; AltName: Full=Medium wavelength-sensitive cone opsin [Sciurus carolinensis]	7.83e-13
P47775.1	N/A	8.07e-13
P79292.1	N/A	8.38e-13
Q4VA82.1	N/A	8.93e-13
Q9QZN9.3	N/A	8.99e-13
O18910.2	N/A	9.10e-13
P22270.2	N/A	9.24e-13
P22270.2	N/A	4.61e-06
P30547.1	N/A	9.28e-13
P29274.2	N/A	9.34e-13
P29755.1	N/A	9.91e-13
O77721.2	RecName: Full=Alpha-2B adrenergic receptor; AltName: Full=Alpha-2B adrenoreceptor; Short=Alpha-2B adrenoceptor; Short=Alpha-2BAR [Equus caballus]	1.04e-12
F7EQ49.1	N/A	1.13e-12
P20905.1	N/A	1.15e-12
P20905.1	N/A	3.55e-07
O61303.1	N/A	1.18e-12
P28335.1	N/A	1.22e-12
O02213.4	N/A	1.24e-12
O43613.2	N/A	1.26e-12
Q5DUB1.1	N/A	1.31e-12
Q9YGZ5.1	RecName: Full=Rhodopsin [Solea solea]	1.32e-12
Q95LH1.1	N/A	1.38e-12
P21109.2	N/A	1.42e-12
Q90WY6.1	N/A	1.43e-12
Q90WY6.1	N/A	1.55e-07
Q02152.3	N/A	1.58e-12
Q9BGI7.1	N/A	1.67e-12
O08890.1	N/A	1.68e-12
Q6NS65.1	N/A	1.77e-12
Q99JA4.1	N/A	1.85e-12
Q9YH00.1	RecName: Full=Rhodopsin [Lithognathus mormyrus]	1.86e-12
P35404.1	RecName: Full=5-hydroxytryptamine receptor 1B; Short=5-HT-1B; Short=5-HT1B; AltName: Full=Serotonin receptor 1B [Didelphis virginiana]	1.87e-12
P35404.1	RecName: Full=5-hydroxytryptamine receptor 1B; Short=5-HT-1B; Short=5-HT1B; AltName: Full=Serotonin receptor 1B [Didelphis virginiana]	2.14e-05
O88626.1	RecName: Full=Galanin receptor type 3; Short=GAL3-R; Short=GALR-3 [Rattus norvegicus]	1.90e-12
P19328.2	N/A	2.13e-12
P19328.2	N/A	3.05e-05
P30548.2	N/A	2.17e-12
P51490.1	N/A	2.28e-12
P28647.3	N/A	2.28e-12
Q01718.1	N/A	2.36e-12
Q1LZD0.1	N/A	2.55e-12
P35345.1	N/A	2.63e-12
P14600.1	N/A	2.86e-12
P56450.3	N/A	2.88e-12
P47803.1	N/A	2.89e-12
P08099.1	N/A	2.89e-12
P28679.3	N/A	2.97e-12
O88853.2	N/A	3.11e-12
Q95170.1	N/A	3.14e-12
O77700.2	RecName: Full=Alpha-2B adrenergic receptor; AltName: Full=Alpha-2B adrenoreceptor; Short=Alpha-2B adrenoceptor; Short=Alpha-2BAR [Bos taurus]	3.34e-12
P30545.2	RecName: Full=Alpha-2B adrenergic receptor; AltName: Full=Alpha-2B adrenoreceptor; Short=Alpha-2B adrenoceptor; Short=Alpha-2BAR [Mus musculus]	3.51e-12
P30545.2	RecName: Full=Alpha-2B adrenergic receptor; AltName: Full=Alpha-2B adrenoreceptor; Short=Alpha-2B adrenoceptor; Short=Alpha-2BAR [Mus musculus]	1.46e-05
O42307.1	RecName: Full=Rhodopsin [Cottinella boulengeri]	3.73e-12
Q02284.1	N/A	3.89e-12
P04000.1	RecName: Full=Long-wave-sensitive opsin 1; AltName: Full=Red cone photoreceptor pigment; AltName: Full=Red-sensitive opsin; Short=ROP [Homo sapiens]	4.11e-12
Q9NYM4.2	N/A	4.29e-12
O42294.1	RecName: Full=Rhodopsin [Abyssocottus korotneffi]	4.51e-12
P32299.4	N/A	5.15e-12
Q9EP86.1	RecName: Full=Neuropeptide FF receptor 1; AltName: Full=G-protein coupled receptor 147; AltName: Full=RFamide-related peptide receptor OT7T022 [Rattus norvegicus]	5.43e-12
O42466.1	RecName: Full=Rhodopsin [Taurulus bubalis]	5.67e-12
O16020.1	RecName: Full=Rhodopsin [Procambarus milleri]	5.94e-12
Q9JHG3.1	N/A	6.60e-12
O35476.2	N/A	6.63e-12
Q9VML9.4	N/A	6.63e-12
Q8MJV3.1	RecName: Full=Neuropeptides B/W receptor type 1; AltName: Full=G-protein coupled receptor 7 [Bos taurus]	6.78e-12
Q99527.1	N/A	7.45e-12
P47936.1	N/A	7.65e-12
P52703.1	N/A	8.16e-12
P52703.1	N/A	1.98e-08
Q9ERZ3.1	N/A	8.73e-12
P08483.1	N/A	9.13e-12
P41592.1	N/A	9.25e-12
O35599.1	N/A	9.35e-12
Q5IS39.1	N/A	9.93e-12
P21451.2	N/A	1.02e-11
Q8BLG2.2	N/A	1.15e-11
O42431.1	RecName: Full=Rhodopsin [Limnocottus pallidus]	1.27e-11
O18913.2	N/A	1.30e-11
Q9N2D9.1	RecName: Full=5-hydroxytryptamine receptor 1F; Short=5-HT-1F; Short=5-HT1F; AltName: Full=Serotonin receptor 1F [Pan troglodytes]	1.37e-11
P33535.1	N/A	1.37e-11
Q0Z8I9.1	N/A	1.39e-11
P30994.1	N/A	1.56e-11
O77408.1	RecName: Full=Octopamine receptor 1; Short=OA1 [Lymnaea stagnalis]	1.57e-11
P42866.1	N/A	1.59e-11
P30939.1	N/A	1.62e-11
Q7JQF1.1	N/A	1.74e-11
Q15760.2	N/A	1.81e-11
P32245.2	N/A	1.92e-11
O18912.2	N/A	1.93e-11
P70596.1	N/A	1.96e-11
P35372.2	N/A	2.08e-11
P11483.1	N/A	2.09e-11
A0T2N3.1	N/A	2.13e-11
P56497.3	RecName: Full=Endothelin receptor type B; Short=ET-B; Short=ET-BR; AltName: Full=Endothelin receptor non-selective type; Flags: Precursor [Canis lupus familiaris]	2.23e-11
Q8HXX3.1	N/A	2.34e-11
O18481.1	RecName: Full=Rhodopsin [Orconectes australis]	2.42e-11
Q924T8.1	N/A	2.43e-11
O08858.3	N/A	2.53e-11
P41984.1	N/A	2.54e-11
Q64326.1	N/A	2.60e-11
P56481.1	N/A	2.67e-11
Q5IS84.1	N/A	2.67e-11
O73810.1	N/A	2.70e-11
O73810.1	N/A	1.35e-09
Q8WPA2.1	N/A	2.71e-11
Q9BZJ8.2	N/A	2.83e-11
O18914.2	N/A	3.01e-11
Q9XT82.1	N/A	3.09e-11
P43119.1	N/A	3.10e-11
Q0VC81.1	N/A	3.13e-11
P30940.1	RecName: Full=5-hydroxytryptamine receptor 1F; Short=5-HT-1F; Short=5-HT1F; AltName: Full=Serotonin receptor 1F [Rattus norvegicus]	3.15e-11
Q8BMP4.2	N/A	3.21e-11
Q5IS72.1	N/A	3.27e-11
Q5IS72.1	N/A	2.17e-08
O97504.1	N/A	3.49e-11
Q865E5.1	RecName: Full=Melanocyte-stimulating hormone receptor; Short=MSH-R; AltName: Full=Melanocortin receptor 1; Short=MC1-R [Puma yagouaroundi]	3.53e-11
P25104.1	N/A	3.65e-11
P04001.1	N/A	3.66e-11
O42427.1	RecName: Full=Rhodopsin [Limnocottus bergianus]	3.76e-11
Q9GZQ6.1	N/A	3.80e-11
Q25157.1	RecName: Full=Compound eye opsin BCRH1 [Hemigrapsus sanguineus]	4.07e-11
P35462.2	RecName: Full=D(3) dopamine receptor; AltName: Full=Dopamine D3 receptor [Homo sapiens]	4.07e-11
P35462.2	RecName: Full=D(3) dopamine receptor; AltName: Full=Dopamine D3 receptor [Homo sapiens]	1.95e-08
P32239.1	N/A	4.09e-11
Q8SPN2.1	N/A	4.25e-11
Q64017.2	N/A	4.58e-11
P20309.1	N/A	4.58e-11
Q9WV26.1	N/A	4.59e-11
Q9N2A3.1	N/A	4.66e-11
Q9N2A4.1	N/A	4.66e-11
P35414.1	N/A	4.72e-11
O42328.1	RecName: Full=Rhodopsin [Cottocomephorus grewingki]	4.75e-11
Q25414.1	RecName: Full=5-hydroxytryptamine receptor; Short=5-HT receptor; AltName: Full=Serotonin receptor [Lymnaea stagnalis]	4.90e-11
Q25414.1	RecName: Full=5-hydroxytryptamine receptor; Short=5-HT receptor; AltName: Full=Serotonin receptor [Lymnaea stagnalis]	4.92e-05
O97772.1	N/A	4.92e-11
Q9N2A2.1	RecName: Full=Muscarinic acetylcholine receptor M3 [Pongo pygmaeus]	4.93e-11
P79350.2	N/A	5.09e-11
O02667.1	RecName: Full=Adenosine receptor A3 [Oryctolagus cuniculus]	5.24e-11
P47804.1	N/A	5.26e-11
Q9Z2B3.1	N/A	5.31e-11
P08911.1	N/A	5.51e-11
Q25158.1	RecName: Full=Compound eye opsin BCRH2 [Hemigrapsus sanguineus]	5.72e-11
P30555.1	N/A	5.73e-11
O97666.1	N/A	5.78e-11
Q865E8.1	RecName: Full=Melanocyte-stimulating hormone receptor; Short=MSH-R; AltName: Full=Melanocortin receptor 1; Short=MC1-R [Panthera onca]	5.90e-11
O16018.1	RecName: Full=Rhodopsin [Cambarellus shufeldtii]	5.96e-11
P32303.2	N/A	6.03e-11
O02769.1	RecName: Full=Melatonin receptor type 1A; Short=Mel-1A-R; Short=Mel1a receptor [Bos taurus]	6.06e-11
P46627.1	RecName: Full=Gastrin/cholecystokinin type B receptor; Short=CCK-B receptor; Short=CCK-BR; AltName: Full=Cholecystokinin-2 receptor; Short=CCK2-R [Oryctolagus cuniculus]	6.11e-11
Q6VMN6.2	N/A	6.16e-11
Q8MJV2.1	N/A	6.29e-11
Q865E9.1	RecName: Full=Melanocyte-stimulating hormone receptor; Short=MSH-R; AltName: Full=Melanocortin receptor 1; Short=MC1-R [Felis catus]	6.54e-11
Q8SPN1.1	N/A	6.78e-11
P79393.1	RecName: Full=Prostacyclin receptor; AltName: Full=Prostaglandin I2 receptor; Short=PGI receptor; Short=PGI2 receptor; AltName: Full=Prostanoid IP receptor; Flags: Precursor [Bos taurus]	6.81e-11
Q6VB83.1	N/A	6.81e-11
Q95247.1	N/A	6.83e-11
A0A287A2K5.1	N/A	7.01e-11
P46616.1	RecName: Full=Adenosine receptor A2a [Cavia porcellus]	7.44e-11
Q8JG70.1	RecName: Full=Alpha-2Da adrenergic receptor; AltName: Full=Alpha-2Da adrenoceptor; Short=Alpha(2Da)AR; AltName: Full=Alpha-2Da adrenoreceptor [Danio rerio]	7.77e-11
Q60613.3	N/A	8.03e-11
Q9GLJ8.1	N/A	8.14e-11
P70612.1	N/A	8.39e-11
Q9JI35.2	N/A	8.45e-11
Q920H4.2	N/A	8.47e-11
Q8NFJ6.1	N/A	8.85e-11
P30938.2	RecName: Full=Somatostatin receptor type 5; Short=SS-5-R; Short=SS5-R; Short=SS5R [Rattus norvegicus]	8.99e-11
O77723.1	RecName: Full=Alpha-2B adrenergic receptor; AltName: Full=Alpha-2B adrenoreceptor; Short=Alpha-2B adrenoceptor; Short=Alpha-2BAR [Echinops telfairi]	9.02e-11
Q6TLI7.1	N/A	9.26e-11
Q80WT4.1	N/A	9.59e-11
Q2KIP6.1	N/A	9.84e-11
P25023.4	RecName: Full=B2 bradykinin receptor; Short=B2R; Short=BK-2 receptor [Rattus norvegicus]	1.01e-10
P35343.1	N/A	1.02e-10
O35210.1	N/A	1.02e-10
P24530.1	N/A	1.03e-10
Q9GLN9.1	N/A	1.03e-10
Q2NNR5.1	N/A	1.07e-10
Q99677.1	N/A	1.09e-10
Q8HYN8.1	N/A	1.11e-10
P25095.1	N/A	1.12e-10
P79266.1	RecName: Full=Gastrin/cholecystokinin type B receptor; Short=CCK-B receptor; Short=CCK-BR; AltName: Full=Cholecystokinin-2 receptor; Short=CCK2-R [Bos taurus]	1.18e-10
P30552.1	RecName: Full=Gastrin/cholecystokinin type B receptor; Short=CCK-B receptor; Short=CCK-BR; AltName: Full=Cholecystokinin-2 receptor; Short=CCK2-R [Canis lupus familiaris]	1.19e-10
P30543.2	N/A	1.20e-10
P48302.1	N/A	1.23e-10
Q14439.1	N/A	1.27e-10
P87365.1	N/A	1.39e-10
P35342.1	RecName: Full=Adenosine receptor A3 [Ovis aries]	1.39e-10
Q18179.2	N/A	1.49e-10
Q64121.1	N/A	1.52e-10
Q61618.2	RecName: Full=Adenosine receptor A3; AltName: Full=A3AR [Mus musculus]	1.56e-10
O77590.2	RecName: Full=Type-1 angiotensin II receptor; AltName: Full=Angiotensin II type-1 receptor; Short=AT1 [Ovis aries]	1.58e-10
P47211.3	N/A	1.62e-10
P87366.1	N/A	1.68e-10
O18485.1	RecName: Full=Rhodopsin [Procambarus orcinus]	1.74e-10
P32251.1	RecName: Full=Alpha-2 adrenergic receptor; AltName: Full=Alpha-2 adrenoreceptor; Short=Alpha-2 adrenoceptor [Carassius auratus]	1.75e-10
P25930.1	N/A	1.79e-10
Q6H2Y3.1	N/A	1.84e-10
Q8TCW9.1	N/A	1.84e-10
Q99463.1	PUTATIVE PSEUDOGENE: RecName: Full=Putative neuropeptide Y receptor type 6; Short=NPY6-R; AltName: Full=NPY Y1-like receptor; AltName: Full=Putative pancreatic polypeptide receptor 2; Short=PP2 [Homo sapiens]	1.87e-10
O97967.1	N/A	1.91e-10
P30553.1	N/A	2.02e-10
O16019.1	RecName: Full=Rhodopsin [Orconectes virilis]	2.05e-10
Q96P69.2	N/A	2.06e-10
Q9QYN8.1	N/A	2.08e-10
O18315.1	RecName: Full=Rhodopsin [Cambarus maculatus]	2.09e-10
Q63931.1	RecName: Full=Cholecystokinin receptor type A; Short=CCK-A receptor; Short=CCK-AR; AltName: Full=Cholecystokinin-1 receptor; Short=CCK1-R [Cavia porcellus]	2.14e-10
P58406.1	N/A	2.14e-10
P30796.1	RecName: Full=Gastrin/cholecystokinin type B receptor; Short=CCK-B receptor; Short=CCK-BR; AltName: Full=Cholecystokinin-2 receptor; Short=CCK2-R [Mastomys natalensis]	2.18e-10
P70115.1	N/A	2.19e-10
Q8R415.2	RecName: Full=Prokineticin receptor 2; Short=PK-R2; AltName: Full=G-protein coupled receptor 73-like 1; AltName: Full=G-protein coupled receptor I5E [Rattus norvegicus]	2.21e-10
P28088.1	N/A	2.24e-10
P30728.1	N/A	2.24e-10
P30728.1	N/A	8.78e-09
P30556.1	N/A	2.26e-10
Q8K418.1	N/A	2.29e-10
Q5D0K2.1	N/A	2.31e-10
Q90373.1	RecName: Full=Rhodopsin [Leocottus kesslerii]	2.35e-10
O08878.1	N/A	2.36e-10
Q8K458.1	N/A	2.38e-10
P30951.3	N/A	2.41e-10
P29754.1	N/A	2.46e-10
P22331.1	N/A	2.54e-10
P32238.1	N/A	2.62e-10
P31389.1	RecName: Full=Histamine H1 receptor; Short=H1R; Short=HH1R [Cavia porcellus]	2.73e-10
O16017.1	RecName: Full=Rhodopsin [Lacunicambarus ludovicianus]	2.79e-10
Q80T62.2	N/A	2.87e-10
B0F9W3.1	RecName: Full=G-protein coupled estrogen receptor 1; AltName: Full=G protein-coupled estrogen receptor 1; AltName: Full=G-protein coupled receptor 30 [Micropogonias undulatus]	2.95e-10
P43240.1	RecName: Full=Type-1 angiotensin II receptor; AltName: Full=Angiotensin II type-1 receptor; Short=AT1 [Canis lupus familiaris]	2.98e-10
Q9WV08.1	N/A	3.18e-10
P35412.1	N/A	3.21e-10
P19020.1	N/A	3.23e-10
P19020.1	N/A	7.06e-09
P35356.1	RecName: Full=Rhodopsin [Procambarus clarkii]	3.35e-10
O77715.1	RecName: Full=Alpha-2B adrenergic receptor; AltName: Full=Alpha-2B adrenoreceptor; Short=Alpha-2B adrenoceptor; Short=Alpha-2BAR [Didelphis virginiana]	3.45e-10
P32247.1	N/A	3.46e-10
Q4EW11.1	N/A	3.57e-10
Q90328.1	RecName: Full=Endothelin receptor type B; Short=ET-B; Short=ET-BR; AltName: Full=Endothelin receptor non-selective type [Coturnix japonica]	3.57e-10
O18911.1	RecName: Full=Medium-wave-sensitive opsin 1; AltName: Full=Green cone photoreceptor pigment; AltName: Full=Green-sensitive opsin [Odocoileus virginianus virginianus]	3.75e-10
Q6A155.1	RecName: Full=Melanocyte-stimulating hormone receptor; Short=MSH-R; AltName: Full=Melanocortin receptor 1; Short=MC1-R [Vulpes lagopus]	3.97e-10
P56447.1	RecName: Full=Melanocyte-stimulating hormone receptor; Short=MSH-R; AltName: Full=Melanocortin receptor 1; Short=MC1-R [Ovibos moschatus]	4.01e-10
Q7TQP3.1	N/A	4.37e-10
Q95KZ0.1	N/A	4.43e-10
Q28691.1	N/A	4.50e-10
P28334.1	N/A	4.51e-10
P35408.1	N/A	4.54e-10
O77616.2	RecName: Full=Melanocyte-stimulating hormone receptor; Short=MSH-R; AltName: Full=Melanocortin receptor 1; Short=MC1-R [Canis lupus familiaris]	4.56e-10
Q29154.2	RecName: Full=Melanocyte-stimulating hormone receptor; Short=MSH-R; AltName: Full=Melanocortin receptor 1; Short=MC1-R [Vulpes vulpes]	4.69e-10
Q924T9.1	N/A	5.14e-10
P30546.1	RecName: Full=Histamine H1 receptor; Short=H1R; Short=HH1R [Bos taurus]	5.27e-10
P35358.1	RecName: Full=Green-sensitive opsin P521; AltName: Full=Green photoreceptor pigment [Gekko gecko]	5.96e-10
P34976.1	N/A	6.10e-10
Q5E9P3.1	N/A	6.72e-10
O55040.2	N/A	6.88e-10
Q3LSL6.1	N/A	7.16e-10
Q9Y5N1.2	N/A	7.38e-10
Q8ITC7.3	N/A	7.49e-10
O19091.1	RecName: Full=Alpha-2B adrenergic receptor; AltName: Full=Alpha-2B adrenoreceptor; Short=Alpha-2B adrenoceptor; Short=Alpha-2BAR [Talpa europaea]	7.61e-10
Q9VNM1.3	N/A	7.65e-10
P56498.1	N/A	8.07e-10
P30551.1	N/A	8.36e-10
P35407.2	N/A	8.65e-10
P83861.1	N/A	8.89e-10
P41145.2	N/A	9.20e-10
Q95N02.1	RecName: Full=Cysteinyl leukotriene receptor 1; Short=CysLTR1 [Sus scrofa]	9.80e-10
Q9I919.1	N/A	1.07e-09
P34973.1	RecName: Full=D(2) dopamine receptor B; Short=D2R-B; AltName: Full=D2R 2 [Xenopus laevis]	1.08e-09
P34973.1	RecName: Full=D(2) dopamine receptor B; Short=D2R-B; AltName: Full=D2R 2 [Xenopus laevis]	2.82e-07
O42384.1	RecName: Full=5-hydroxytryptamine receptor 1A-beta; Short=5-HT-1A-beta; Short=5-HT1A-beta; AltName: Full=F1B; AltName: Full=Serotonin receptor 1A-beta [Takifugu rubripes]	1.12e-09
Q8TDV5.1	N/A	1.12e-09
Q18775.2	N/A	1.14e-09
Q62053.1	N/A	1.18e-09
Q764M9.1	N/A	1.21e-09
Q0Q460.1	RecName: Full=Melanocyte-stimulating hormone receptor; Short=MSH-R; AltName: Full=Melanocortin receptor 1; Short=MC1-R [Mammuthus primigenius]	1.22e-09
O08786.1	N/A	1.23e-09
P56479.1	N/A	1.31e-09
P49683.3	N/A	1.32e-09
O19037.1	N/A	1.32e-09
P35463.1	N/A	1.35e-09
Q60476.1	RecName: Full=Alpha-2C adrenergic receptor; AltName: Full=Alpha-2C adrenoreceptor; Short=Alpha-2C adrenoceptor; Short=Alpha-2CAR [Cavia porcellus]	1.38e-09
P56451.1	N/A	1.42e-09
Q9Y271.1	N/A	1.42e-09
P56444.1	RecName: Full=Melanocyte-stimulating hormone receptor; Short=MSH-R; AltName: Full=Melanocortin receptor 1; Short=MC1-R [Capra hircus]	1.42e-09
P28336.2	N/A	1.43e-09
Q62805.1	N/A	1.44e-09
Q2YEG0.1	N/A	1.47e-09
P35367.1	N/A	1.53e-09
O18486.1	RecName: Full=Rhodopsin [Procambarus seminolae]	1.62e-09
P21729.2	N/A	1.68e-09
P31390.1	N/A	1.69e-09
P48146.2	N/A	1.79e-09
P33533.1	N/A	1.90e-09
Q9I918.1	N/A	2.00e-09
P22332.2	N/A	2.07e-09
Q8C131.1	N/A	2.07e-09
Q5IS53.1	N/A	2.30e-09
P35403.1	RecName: Full=Rhodopsin [Pomatoschistus minutus]	2.33e-09
Q8MJ08.1	N/A	2.42e-09
P35405.2	RecName: Full=Alpha-2C adrenergic receptor; AltName: Full=Alpha-2C adrenoreceptor; Short=Alpha-2C adrenoceptor; Short=Alpha-2CAR [Didelphis virginiana]	2.50e-09
P35405.2	RecName: Full=Alpha-2C adrenergic receptor; AltName: Full=Alpha-2C adrenoreceptor; Short=Alpha-2C adrenoceptor; Short=Alpha-2CAR [Didelphis virginiana]	5.51e-06
P56445.1	RecName: Full=Melanocyte-stimulating hormone receptor; Short=MSH-R; AltName: Full=Melanocortin receptor 1; Short=MC1-R [Cervus elaphus]	2.50e-09
P52500.2	RecName: Full=Gastrin-releasing peptide receptor; Short=GRP-R; AltName: Full=GRP-preferring bombesin receptor [Rattus norvegicus]	2.54e-09
Q9N2B1.1	N/A	2.65e-09
Q01337.1	N/A	2.71e-09
Q6PI62.1	N/A	2.74e-09
Q9N2B2.1	N/A	2.75e-09
P22086.2	N/A	2.76e-09
Q7TQN8.1	N/A	2.83e-09
O08565.2	N/A	2.98e-09
Q80SS9.1	RecName: Full=Melanocyte-stimulating hormone receptor; Short=MSH-R; AltName: Full=Melanocortin receptor 1; Short=MC1-R [Chaetodipus baileyi]	3.15e-09
Q6TLJ0.1	N/A	3.27e-09
Q9N2B0.1	N/A	3.58e-09
P46091.2	N/A	3.75e-09
P34972.1	N/A	3.89e-09
O18312.1	RecName: Full=Rhodopsin [Cambarus hubrichti]	3.94e-09
O02664.1	RecName: Full=D(1A) dopamine receptor; AltName: Full=Dopamine D1 receptor [Oryctolagus cuniculus]	4.39e-09
P22329.1	N/A	4.58e-09
Q0VDU3.2	N/A	4.67e-09
Q98895.1	RecName: Full=Cannabinoid receptor type 1B [Takifugu rubripes]	4.79e-09
Q1WLP9.1	N/A	4.82e-09
P18825.2	N/A	4.87e-09
O54798.1	N/A	4.94e-09
Q9NS66.1	N/A	5.05e-09
P32240.1	N/A	5.16e-09
Q5E9H8.1	N/A	5.24e-09
Q9NS75.1	N/A	5.28e-09
Q95L55.1	N/A	5.35e-09
P30550.1	N/A	5.55e-09
P43253.1	N/A	5.67e-09
P41983.1	RecName: Full=Melanocortin receptor 5; Short=MC5-R [Ovis aries]	5.70e-09
Q01726.2	N/A	5.73e-09
P46023.1	RecName: Full=G-protein coupled receptor GRL101; Flags: Precursor [Lymnaea stagnalis]	5.85e-09
Q8HZU0.1	N/A	5.87e-09
Q9W6A5.2	N/A	5.91e-09
Q920A1.2	N/A	5.92e-09
P56446.1	RecName: Full=Melanocyte-stimulating hormone receptor; Short=MSH-R; AltName: Full=Melanocortin receptor 1; Short=MC1-R [Dama dama]	6.12e-09
P30411.2	N/A	6.14e-09
Q810W6.1	N/A	6.29e-09
P24053.1	N/A	6.41e-09
Q80SZ5.1	RecName: Full=Melanocyte-stimulating hormone receptor; Short=MSH-R; AltName: Full=Melanocortin receptor 1; Short=MC1-R [Chaetodipus penicillatus]	6.52e-09
P70174.2	N/A	6.56e-09
O97571.1	RecName: Full=C-X-C chemokine receptor type 2; Short=CXC-R2; Short=CXCR-2; AltName: Full=GRO/MGSA receptor; AltName: Full=High affinity interleukin-8 receptor B; Short=IL-8R B; AltName: CD_antigen=CD182 [Canis lupus familiaris]	6.64e-09
Q8HZU1.1	N/A	6.67e-09
P43114.1	RecName: Full=Prostaglandin E2 receptor EP4 subtype; Short=PGE receptor EP4 subtype; Short=PGE2 receptor EP4 subtype; AltName: Full=Prostanoid EP4 receptor [Rattus norvegicus]	6.68e-09
P21450.2	N/A	6.83e-09
Q9UBY5.1	N/A	6.88e-09
Q5ZI82.1	N/A	7.10e-09
P56443.1	RecName: Full=Melanocyte-stimulating hormone receptor; Short=MSH-R; AltName: Full=Melanocortin receptor 1; Short=MC1-R [Capreolus capreolus]	7.42e-09
P56448.1	RecName: Full=Melanocyte-stimulating hormone receptor; Short=MSH-R; AltName: Full=Melanocortin receptor 1; Short=MC1-R [Rangifer tarandus]	7.49e-09
Q8JG69.1	N/A	7.50e-09
Q8JG69.1	N/A	2.82e-05
Q7YS92.1	N/A	7.64e-09
O54799.1	N/A	7.82e-09
P34974.1	N/A	8.06e-09
B0V1P1.1	RecName: Full=Melanocortin receptor 4; Short=MC4-R [Danio rerio]	8.19e-09
Q01776.1	N/A	8.30e-09
A1ZAX0.2	N/A	8.34e-09
P56491.1	N/A	8.45e-09
P35413.1	N/A	8.81e-09
P33032.3	N/A	8.93e-09
Q8K1Q3.2	N/A	9.09e-09
P47798.2	N/A	9.17e-09
Q9Z1S9.1	N/A	9.17e-09
Q25190.1	RecName: Full=5-hydroxytryptamine receptor; Short=5-HT receptor; AltName: Full=Serotonin receptor [Heliothis virescens]	9.56e-09
Q60484.1	N/A	9.63e-09
Q60484.1	N/A	5.29e-06
Q5KSU9.2	N/A	1.02e-08
Q28474.2	N/A	1.08e-08
Q9TSQ8.1	RecName: Full=C-X-C chemokine receptor type 4; Short=CXC-R4; Short=CXCR-4; AltName: CD_antigen=CD184 [Chlorocebus aethiops]	1.09e-08
Q9TT23.1	N/A	1.13e-08
P0C5I1.1	N/A	1.18e-08
P26684.2	RecName: Full=Endothelin-1 receptor; AltName: Full=Endothelin receptor type A; Short=ET-A; Short=ET-AR; Flags: Precursor [Rattus norvegicus]	1.18e-08
Q8BZP8.1	N/A	1.25e-08
P08912.2	N/A	1.26e-08
P56490.1	N/A	1.31e-08
Q864L0.1	RecName: Full=Melanocyte-stimulating hormone receptor; Short=MSH-R; AltName: Full=Melanocortin receptor 1; Short=MC1-R [Pongo pygmaeus]	1.31e-08
P28286.3	N/A	1.32e-08
P28286.3	N/A	4.61e-06
O62747.1	RecName: Full=C-X-C chemokine receptor type 4; Short=CXC-R4; Short=CXCR-4; AltName: Full=Fusin; AltName: Full=Leukocyte-derived seven transmembrane domain receptor; Short=LESTR; AltName: Full=Stromal cell-derived factor 1 receptor; Short=SDF-1 receptor; AltName: CD_antigen=CD184 [Cercocebus atys]	1.37e-08
P79166.2	N/A	1.46e-08
P22330.1	RecName: Full=Green-sensitive opsin-1; AltName: Full=Green cone photoreceptor pigment 1 [Psalidodon fasciatus]	1.56e-08
Q9TU77.1	N/A	1.56e-08
P25101.1	N/A	1.57e-08
Q9NPB9.1	N/A	1.57e-08
P50131.1	N/A	1.62e-08
P60893.1	N/A	1.66e-08
P43115.1	N/A	1.75e-08
P43252.1	N/A	1.79e-08
Q9N0W7.1	N/A	1.91e-08
Q5RBG7.1	N/A	1.92e-08
Q29010.1	N/A	1.95e-08
Q61614.3	N/A	2.10e-08
Q9TU05.3	N/A	2.11e-08
P79394.1	RecName: Full=C-X-C chemokine receptor type 4; Short=CXC-R4; Short=CXCR-4; AltName: Full=Fusin; AltName: Full=Leukocyte-derived seven transmembrane domain receptor; Short=LESTR; AltName: Full=Stromal cell-derived factor 1 receptor; Short=SDF-1 receptor; AltName: CD_antigen=CD184 [Macaca mulatta]	2.14e-08
O12948.1	N/A	2.21e-08
P17200.1	N/A	2.29e-08
Q969F8.2	N/A	2.39e-08
O02465.2	RecName: Full=Opsin-2; Short=MANOP2; AltName: Full=Rhodopsin 2, short-wavelength; AltName: Full=Rhodopsin P357 [Manduca sexta]	2.42e-08
Q09638.3	N/A	2.46e-08
P30969.2	RecName: Full=Gonadotropin-releasing hormone receptor; Short=GnRH receptor; Short=GnRH-R [Rattus norvegicus]	2.49e-08
P46002.1	N/A	2.49e-08
P43116.2	N/A	2.60e-08
Q864J9.1	RecName: Full=Melanocyte-stimulating hormone receptor; Short=MSH-R; AltName: Full=Melanocortin receptor 1; Short=MC1-R [Cercopithecus mitis]	2.76e-08
Q8TDS4.1	N/A	2.76e-08
P34996.1	N/A	2.78e-08
Q9TUK4.1	RecName: Full=Melanocyte-stimulating hormone receptor; Short=MSH-R; AltName: Full=Melanocortin receptor 1; Short=MC1-R [Pan troglodytes]	2.83e-08
Q62928.1	N/A	2.84e-08
Q9MZV8.1	RecName: Full=Melanocortin receptor 5; Short=MC5-R [Sus scrofa]	2.86e-08
P49652.1	N/A	2.93e-08
P61072.1	N/A	2.95e-08
Q864I9.1	RecName: Full=Melanocyte-stimulating hormone receptor; Short=MSH-R; AltName: Full=Melanocortin receptor 1; Short=MC1-R [Presbytis comata]	3.08e-08
P56442.1	RecName: Full=Melanocyte-stimulating hormone receptor; Short=MSH-R; AltName: Full=Melanocortin receptor 1; Short=MC1-R [Alces alces alces]	3.11e-08
Q7SZP9.2	RecName: Full=Apelin receptor A; AltName: Full=Angiotensin II receptor-like 1a; AltName: Full=Angiotensin receptor-like 1a; AltName: Full=G-protein coupled receptor APJ A [Danio rerio]	3.45e-08
P16395.2	N/A	3.52e-08
P28285.2	RecName: Full=5-hydroxytryptamine receptor 2A; Short=5-HT receptor 2A; AltName: Full=Serotonin receptor 2A [Drosophila melanogaster]	3.52e-08
P33033.1	N/A	3.70e-08
Q9PUQ8.1	RecName: Full=Sphingosine 1-phosphate receptor 3; Short=S1P receptor 3; Short=S1P3; AltName: Full=Sphingosine 1-phosphate receptor Edg-3; Short=S1P receptor Edg-3 [Takifugu rubripes]	3.70e-08
P30557.1	RecName: Full=Prostaglandin E2 receptor EP3 subtype; Short=PGE receptor EP3 subtype; Short=PGE2 receptor EP3 subtype; AltName: Full=Prostanoid EP3 receptor [Mus musculus]	3.75e-08
P79748.1	RecName: Full=5-hydroxytryptamine receptor 1D; Short=5-HT-1D; Short=5-HT1D; Short=5HT1D; AltName: Full=F1D; AltName: Full=Serotonin receptor 1D [Takifugu rubripes]	3.76e-08
P79748.1	RecName: Full=5-hydroxytryptamine receptor 1D; Short=5-HT-1D; Short=5-HT1D; Short=5HT1D; AltName: Full=F1D; AltName: Full=Serotonin receptor 1D [Takifugu rubripes]	1.01e-05
P47751.2	RecName: Full=[Phe13]-bombesin receptor; AltName: Full=Bombesin receptor subtype-4; Short=BRS-4 [Bombina orientalis]	3.77e-08
B5X337.1	N/A	3.93e-08
Q9I8K8.1	N/A	4.01e-08
Q864J0.1	RecName: Full=Melanocyte-stimulating hormone receptor; Short=MSH-R; AltName: Full=Melanocortin receptor 1; Short=MC1-R [Colobus guereza]	4.32e-08
Q9H3N8.2	N/A	4.34e-08
O62709.2	RecName: Full=Endothelin receptor type B; Short=ET-B; Short=ET-BR; AltName: Full=Endothelin receptor non-selective type; Flags: Precursor [Equus caballus]	4.36e-08
P70658.2	RecName: Full=C-X-C chemokine receptor type 4; Short=CXC-R4; Short=CXCR-4; AltName: Full=Fusin; AltName: Full=Leukocyte-derived seven transmembrane domain receptor; Short=LESTR; AltName: Full=Pre-B-cell-derived chemokine receptor; Short=PB-CKR; AltName: Full=Stromal cell-derived factor 1 receptor; Short=SDF-1 receptor; AltName: CD_antigen=CD184 [Mus musculus]	4.37e-08
O08790.2	N/A	4.50e-08
P21453.2	N/A	4.79e-08
Q9EQ31.1	N/A	4.85e-08
Q8K5E0.1	N/A	5.40e-08
E9QJ73.2	RecName: Full=C-X-C chemokine receptor type 3-2 [Danio rerio]	5.48e-08
P46090.1	N/A	5.69e-08
P29404.2	N/A	5.71e-08
Q864J5.1	RecName: Full=Melanocyte-stimulating hormone receptor; Short=MSH-R; AltName: Full=Melanocortin receptor 1; Short=MC1-R [Macaca nigra]	5.90e-08
Q864J4.1	RecName: Full=Melanocyte-stimulating hormone receptor; Short=MSH-R; AltName: Full=Melanocortin receptor 1; Short=MC1-R [Macaca mulatta]	5.90e-08
Q864F9.1	RecName: Full=Melanocyte-stimulating hormone receptor; Short=MSH-R; AltName: Full=Melanocortin receptor 1; Short=MC1-R [Galago senegalensis]	5.95e-08
Q62035.1	N/A	6.32e-08
P87367.1	N/A	6.66e-08
P32300.1	N/A	6.77e-08
O08530.3	N/A	6.82e-08
P48303.1	N/A	7.09e-08
Q864I5.1	RecName: Full=Melanocyte-stimulating hormone receptor; Short=MSH-R; AltName: Full=Melanocortin receptor 1; Short=MC1-R [Trachypithecus obscurus]	7.28e-08
Q9GLX8.1	RecName: Full=B2 bradykinin receptor; Short=B2R; Short=BK-2 receptor [Sus scrofa]	7.31e-08
Q56H79.1	RecName: Full=Neuropeptide S receptor; AltName: Full=G-protein coupled receptor 154 [Macaca mulatta]	7.32e-08
B1PHQ8.1	N/A	7.43e-08
Q7TMA4.1	N/A	7.45e-08
Q8IZ08.2	N/A	7.61e-08
Q864J6.2	RecName: Full=Melanocyte-stimulating hormone receptor; Short=MSH-R; AltName: Full=Melanocortin receptor 1; Short=MC1-R [Macaca sylvanus]	7.90e-08
Q5NUL3.3	N/A	8.23e-08
Q9N0Z0.1	RecName: Full=C-X-C chemokine receptor type 6; Short=CXC-R6; Short=CXCR-6; AltName: Full=G-protein coupled receptor STRL33; AltName: Full=G-protein coupled receptor bonzo; AltName: CD_antigen=CD186 [Cercocebus atys]	8.51e-08
Q9BDS6.1	N/A	8.51e-08
Q23497.1	RecName: Full=Galanin-like G-protein coupled receptor npr-9; AltName: Full=Probable neuropeptide receptor 9 [Caenorhabditis elegans]	8.59e-08
P08255.2	N/A	9.02e-08
P0C7U4.1	RecName: Full=C3a anaphylatoxin chemotactic receptor; Short=C3AR; Short=C3a-R [Danio rerio]	9.18e-08
Q864J2.1	N/A	9.49e-08
Q8K087.1	N/A	9.55e-08
Q15743.1	N/A	9.80e-08
P56484.1	N/A	9.81e-08
Q864J1.1	RecName: Full=Melanocyte-stimulating hormone receptor; Short=MSH-R; AltName: Full=Melanocortin receptor 1; Short=MC1-R [Mandrillus sphinx]	9.93e-08
P47900.1	N/A	1.01e-07
Q95N03.1	RecName: Full=Cysteinyl leukotriene receptor 2; Short=CysLTR2 [Sus scrofa]	1.05e-07
Q28309.1	N/A	1.09e-07
P47745.1	N/A	1.12e-07
Q9XT45.1	N/A	1.16e-07
Q98894.1	N/A	1.20e-07
Q864J3.1	N/A	1.24e-07
Q864I4.1	RecName: Full=Melanocyte-stimulating hormone receptor; Short=MSH-R; AltName: Full=Melanocortin receptor 1; Short=MC1-R [Trachypithecus francoisi]	1.24e-07
P41143.4	N/A	1.26e-07
O70526.1	N/A	1.28e-07
Q2AC31.1	N/A	1.36e-07
Q18007.3	N/A	1.36e-07
Q9TV16.1	N/A	1.46e-07
P0C0L6.1	RecName: Full=Neuropeptide S receptor; AltName: Full=G-protein coupled receptor 154 [Rattus norvegicus]	1.47e-07
Q864K5.1	RecName: Full=Melanocyte-stimulating hormone receptor; Short=MSH-R; AltName: Full=Melanocortin receptor 1; Short=MC1-R [Allenopithecus nigroviridis]	1.50e-07
Q9Z0U9.1	N/A	1.51e-07
Q61H86.2	RecName: Full=Dopamine receptor 3 [Caenorhabditis briggsae]	1.59e-07
Q864K4.1	RecName: Full=Melanocyte-stimulating hormone receptor; Short=MSH-R; AltName: Full=Melanocortin receptor 1; Short=MC1-R [Miopithecus talapoin]	1.66e-07
Q3U507.1	N/A	1.67e-07
P41968.3	N/A	1.76e-07
Q17239.1	N/A	1.85e-07
Q864I6.1	RecName: Full=Melanocyte-stimulating hormone receptor; Short=MSH-R; AltName: Full=Melanocortin receptor 1; Short=MC1-R [Trachypithecus cristatus]	1.90e-07
P91657.1	N/A	1.95e-07
Q9TTY5.2	N/A	1.96e-07
O18983.1	RecName: Full=C-X-C chemokine receptor type 6; Short=CXC-R6; Short=CXCR-6; AltName: Full=G-protein coupled receptor bonzo; AltName: CD_antigen=CD186 [Chlorocebus aethiops]	1.98e-07
Q91V45.1	N/A	1.99e-07
B9VR26.1	N/A	2.04e-07
Q864K7.1	RecName: Full=Melanocyte-stimulating hormone receptor; Short=MSH-R; AltName: Full=Melanocortin receptor 1; Short=MC1-R [Hylobates muelleri]	2.06e-07
Q864J7.1	RecName: Full=Melanocyte-stimulating hormone receptor; Short=MSH-R; AltName: Full=Melanocortin receptor 1; Short=MC1-R [Macaca silenus]	2.18e-07
P17646.2	RecName: Full=Opsin Rh4; AltName: Full=Inner R7 photoreceptor cells opsin [Drosophila virilis]	2.49e-07
Q864K0.1	RecName: Full=Melanocyte-stimulating hormone receptor; Short=MSH-R; AltName: Full=Melanocortin receptor 1; Short=MC1-R [Cercopithecus diana]	2.52e-07
Q2V2K5.1	RecName: Full=Gonadotropin-releasing hormone receptor; Short=GnRH receptor; Short=GnRH-R; Short=oct-GnRHR [Octopus vulgaris]	2.53e-07
P32313.1	RecName: Full=Red-sensitive opsin; AltName: Full=Red cone photoreceptor pigment [Carassius auratus]	2.55e-07
P04761.1	N/A	2.56e-07
P11229.2	N/A	2.61e-07
Q864H3.1	RecName: Full=Melanocyte-stimulating hormone receptor; Short=MSH-R; AltName: Full=Melanocortin receptor 1; Short=MC1-R [Saguinus geoffroyi]	2.63e-07
P35350.1	N/A	2.64e-07
Q9R1K6.1	N/A	2.77e-07
P46094.1	N/A	2.78e-07
P35371.1	N/A	2.80e-07
Q9EP66.1	N/A	2.81e-07
P08482.1	N/A	2.86e-07
Q864H4.1	RecName: Full=Melanocyte-stimulating hormone receptor; Short=MSH-R; AltName: Full=Melanocortin receptor 1; Short=MC1-R [Leontocebus fuscicollis]	2.93e-07
P0DMS8.1	N/A	2.98e-07
Q864K8.1	RecName: Full=Melanocyte-stimulating hormone receptor; Short=MSH-R; AltName: Full=Melanocortin receptor 1; Short=MC1-R [Hylobates lar]	3.00e-07
P56489.1	N/A	3.01e-07
Q8BFQ3.1	N/A	3.07e-07
P12657.2	N/A	3.07e-07
P46626.1	N/A	3.10e-07
O54689.1	N/A	3.20e-07
Q5R949.1	N/A	3.21e-07
P51686.2	N/A	3.27e-07
Q28003.1	RecName: Full=C-X-C chemokine receptor type 2; Short=CXC-R2; Short=CXCR-2; AltName: Full=High affinity interleukin-8 receptor B; Short=IL-8R B; AltName: CD_antigen=CD182 [Bos taurus]	3.37e-07
P25099.2	N/A	3.40e-07
O35786.1	RecName: Full=Chemokine-like receptor 1; AltName: Full=G-protein coupled chemoattractant-like receptor; AltName: Full=G-protein coupled receptor DEZ [Rattus norvegicus]	3.41e-07
P35382.1	RecName: Full=5-hydroxytryptamine receptor 2A; Short=5-HT-2; Short=5-HT-2A; AltName: Full=Serotonin receptor 2A [Cavia porcellus]	3.65e-07
Q91ZY1.1	N/A	3.74e-07
Q8MJW8.1	N/A	3.76e-07
Q864K1.1	RecName: Full=Melanocyte-stimulating hormone receptor; Short=MSH-R; AltName: Full=Melanocortin receptor 1; Short=MC1-R [Cercopithecus neglectus]	3.87e-07
Q60612.4	N/A	3.93e-07
Q864K2.2	RecName: Full=Melanocyte-stimulating hormone receptor; Short=MSH-R; AltName: Full=Melanocortin receptor 1; Short=MC1-R [Chlorocebus aethiops]	4.01e-07
Q9BXC1.1	N/A	4.11e-07
Q9NDM2.1	N/A	4.25e-07
P32244.2	N/A	4.30e-07
Q8AYN0.1	RecName: Full=Red-sensitive opsin-2; AltName: Full=Opsin-1, long-wave-sensitive 2; Short=Opsin LWS-2; AltName: Full=Red cone photoreceptor pigment 2 [Danio rerio]	4.37e-07
Q864K6.1	RecName: Full=Melanocyte-stimulating hormone receptor; Short=MSH-R; AltName: Full=Melanocortin receptor 1; Short=MC1-R [Nomascus concolor]	4.55e-07
P49019.3	N/A	4.73e-07
P30544.1	RecName: Full=Muscarinic acetylcholine receptor M4 [Xenopus laevis]	4.78e-07
Q28031.1	N/A	5.07e-07
Q924U1.2	RecName: Full=KiSS-1 receptor; Short=KiSS-1R; AltName: Full=G-protein coupled receptor 54; AltName: Full=G-protein coupled receptor OT7T175; Short=rOT7T175; AltName: Full=Kisspeptins receptor; AltName: Full=Metastin receptor [Rattus norvegicus]	5.08e-07
Q91ZY2.1	N/A	5.22e-07
Q864K9.1	RecName: Full=Melanocyte-stimulating hormone receptor; Short=MSH-R; AltName: Full=Melanocortin receptor 1; Short=MC1-R [Gorilla gorilla gorilla]	5.25e-07
Q864K3.1	RecName: Full=Melanocyte-stimulating hormone receptor; Short=MSH-R; AltName: Full=Melanocortin receptor 1; Short=MC1-R [Erythrocebus patas]	5.27e-07
P79928.1	RecName: Full=P2Y purinoceptor 4; Short=P2Y4; AltName: Full=P2Y purinoceptor 8; Short=P2Y8 [Xenopus laevis]	5.48e-07
Q9N2B6.1	RecName: Full=5-hydroxytryptamine receptor 1E; Short=5-HT-1E; Short=5-HT1E; AltName: Full=Serotonin receptor 1E [Pan troglodytes]	5.54e-07
Q08520.1	RecName: Full=G-protein coupled receptor homolog K2 [Swinepox virus (STRAIN KASZA)]	5.79e-07
P30542.1	N/A	5.92e-07
P34997.1	N/A	5.96e-07
P34980.1	RecName: Full=Prostaglandin E2 receptor EP3 subtype; Short=PGE receptor EP3 subtype; Short=PGE2 receptor EP3 subtype; AltName: Full=Prostanoid EP3 receptor [Rattus norvegicus]	5.99e-07
P28566.1	N/A	6.15e-07
Q864I2.1	RecName: Full=Melanocyte-stimulating hormone receptor; Short=MSH-R; AltName: Full=Melanocortin receptor 1; Short=MC1-R [Leontopithecus chrysopygus]	6.17e-07
E7EM37.1	N/A	6.24e-07
P79191.1	RecName: Full=N-formyl peptide receptor 3; AltName: Full=FMLP-related receptor II; Short=FMLP-R-II; AltName: Full=Formyl peptide receptor-like 2 [Macaca mulatta]	6.38e-07
Q9PU17.1	N/A	6.39e-07
P33396.1	N/A	6.45e-07
Q9GK76.1	RecName: Full=Platelet-activating factor receptor; Short=PAF-R; Short=PAFr [Capra hircus]	6.72e-07
P79785.1	N/A	6.87e-07
Q864I8.1	RecName: Full=Melanocyte-stimulating hormone receptor; Short=MSH-R; AltName: Full=Melanocortin receptor 1; Short=MC1-R [Semnopithecus entellus]	6.92e-07
Q7TQP4.1	N/A	6.95e-07
P32745.1	N/A	7.32e-07
P61793.1	N/A	7.48e-07
O19024.1	RecName: Full=C-X-C chemokine receptor type 6; Short=CXC-R6; Short=CXCR-6; AltName: Full=G-protein coupled receptor bonzo; AltName: CD_antigen=CD186 [Macaca nemestrina]	7.63e-07
P49650.1	N/A	8.00e-07
O88536.1	N/A	8.12e-07
Q9JKL1.2	N/A	8.44e-07
P11616.1	N/A	8.75e-07
P46628.1	N/A	9.32e-07
Q7TQN7.1	N/A	9.82e-07
Q15761.2	N/A	9.83e-07
P46093.2	N/A	9.94e-07
Q1JQB3.1	N/A	9.94e-07
Q8R416.1	N/A	1.05e-06
P28190.3	N/A	1.05e-06
Q864G9.1	RecName: Full=Melanocyte-stimulating hormone receptor; Short=MSH-R; AltName: Full=Melanocortin receptor 1; Short=MC1-R [Cebus albifrons]	1.12e-06
O62729.1	N/A	1.13e-06
Q864G0.1	RecName: Full=Melanocyte-stimulating hormone receptor; Short=MSH-R; AltName: Full=Melanocortin receptor 1; Short=MC1-R [Loris tardigradus]	1.14e-06
O00574.1	N/A	1.15e-06
Q6RYS9.1	N/A	1.15e-06
Q6RYS9.1	N/A	2.10e-05
Q9W6A7.1	N/A	1.22e-06
Q80Z39.1	N/A	1.23e-06
Q99500.2	N/A	1.26e-06
P49892.1	N/A	1.27e-06
Q92633.3	N/A	1.32e-06
C8YUV0.1	N/A	1.32e-06
Q6W5P4.1	N/A	1.34e-06
O43193.1	N/A	1.36e-06
P47752.1	N/A	1.41e-06
Q867B2.1	N/A	1.43e-06
Q05394.1	N/A	1.55e-06
O93603.1	N/A	1.56e-06
O95136.2	N/A	1.59e-06
P50132.2	N/A	1.61e-06
P43657.3	N/A	1.67e-06
P52592.3	N/A	1.72e-06
O00254.1	N/A	1.73e-06
Q19PY9.1	RecName: Full=Gonadotropin-releasing hormone receptor; Short=GnRH receptor; Short=GnRH-R [Bos grunniens]	1.74e-06
Q63634.2	N/A	1.81e-06
O96107.1	RecName: Full=Opsin-3; Short=MANOP3; AltName: Full=Rhodopsin 3, short-wavelength; AltName: Full=Rhodopsin P450 [Manduca sexta]	1.85e-06
P30968.1	N/A	1.92e-06
P08173.2	N/A	2.12e-06
P0C7U5.1	N/A	2.20e-06
P34979.1	N/A	2.23e-06
Q7TQP2.1	N/A	2.30e-06
Q01717.1	N/A	2.42e-06
O97969.1	N/A	2.71e-06
Q61224.2	N/A	2.76e-06
Q61224.2	N/A	1.19e-05
Q9JJI5.2	RecName: Full=Neuromedin-U receptor 1; Short=NMU-R1; AltName: Full=G-protein coupled receptor 66; AltName: Full=G-protein coupled receptor FM-3 [Rattus norvegicus]	2.87e-06
O70342.2	N/A	2.91e-06
O95977.1	N/A	2.95e-06
P32211.1	N/A	2.95e-06
Q864H0.1	RecName: Full=Melanocyte-stimulating hormone receptor; Short=MSH-R; AltName: Full=Melanocortin receptor 1; Short=MC1-R [Saimiri oerstedii]	2.96e-06
Q29003.1	RecName: Full=5-hydroxytryptamine receptor 1E; Short=5-HT-1E; Short=5-HT1E; AltName: Full=Serotonin receptor 1E [Sus scrofa]	3.15e-06
P79177.1	RecName: Full=N-formyl peptide receptor 2; AltName: Full=FMLP-related receptor I; Short=FMLP-R-I; AltName: Full=Formyl peptide receptor-like 1 [Gorilla gorilla gorilla]	3.15e-06
P49651.1	N/A	3.23e-06
Q9U7D5.2	N/A	3.40e-06
P04950.1	N/A	3.46e-06
P25090.2	N/A	3.48e-06
P59902.1	N/A	3.51e-06
Q864I1.1	RecName: Full=Melanocyte-stimulating hormone receptor; Short=MSH-R; AltName: Full=Melanocortin receptor 1; Short=MC1-R [Leontopithecus chrysomelas]	3.55e-06
Q58D85.1	RecName: Full=Proteinase-activated receptor 3; Short=PAR-3; AltName: Full=Coagulation factor II receptor-like 2; AltName: Full=Thrombin receptor-like 2; Flags: Precursor [Bos taurus]	3.67e-06
Q28596.1	N/A	3.69e-06
O46639.1	N/A	3.82e-06
P79190.1	RecName: Full=N-formyl peptide receptor 2; AltName: Full=FMLP-related receptor I; Short=FMLP-R-I; AltName: Full=Formyl peptide receptor-like 1 [Macaca mulatta]	3.95e-06
P34970.1	N/A	3.96e-06
Q86917.1	RecName: Full=G-protein coupled receptor homolog Q2/3L [Sheeppox virus KS-1]	4.01e-06
P46069.1	N/A	4.28e-06
Q864H2.1	RecName: Full=Melanocyte-stimulating hormone receptor; Short=MSH-R; AltName: Full=Melanocortin receptor 1; Short=MC1-R [Saguinus oedipus]	4.53e-06
Q864H1.1	RecName: Full=Melanocyte-stimulating hormone receptor; Short=MSH-R; AltName: Full=Melanocortin receptor 1; Short=MC1-R [Saguinus midas]	4.57e-06
P48042.1	N/A	4.68e-06
P32236.1	N/A	4.83e-06
Q8NGX1.1	N/A	5.07e-06
O89039.2	N/A	5.17e-06
Q9HBW0.2	N/A	5.21e-06
P30989.2	N/A	5.87e-06
Q86VZ1.1	N/A	6.09e-06
Q864H5.1	RecName: Full=Melanocyte-stimulating hormone receptor; Short=MSH-R; AltName: Full=Melanocortin receptor 1; Short=MC1-R [Saguinus imperator]	6.22e-06
P28565.1	N/A	6.30e-06
P28565.1	N/A	1.34e-05
Q5RF57.1	N/A	6.36e-06
Q9UGF6.1	N/A	6.42e-06
P08485.1	RecName: Full=Muscarinic acetylcholine receptor M4 [Rattus norvegicus]	6.54e-06
Q5MD61.1	N/A	6.77e-06
O46685.1	N/A	6.82e-06
Q9R0M1.1	RecName: Full=Chemokine XC receptor 1; AltName: Full=Lymphotactin receptor; AltName: Full=SCM1 receptor; AltName: Full=XC chemokine receptor 1; AltName: Full=mXCR1 [Mus musculus]	7.25e-06
Q864I0.1	RecName: Full=Melanocyte-stimulating hormone receptor; Short=MSH-R; AltName: Full=Melanocortin receptor 1; Short=MC1-R [Callithrix pygmaea]	7.96e-06
Q864H9.1	RecName: Full=Melanocyte-stimulating hormone receptor; Short=MSH-R; AltName: Full=Melanocortin receptor 1; Short=MC1-R [Mico argentatus]	8.10e-06
P21554.1	N/A	8.19e-06
Q9BXA5.2	N/A	9.78e-06
Q4G072.1	N/A	1.06e-05
P32250.1	RecName: Full=Lysophosphatidic acid receptor 6; Short=LPA receptor 6; Short=LPA-6; AltName: Full=Oleoyl-L-alpha-lysophosphatidic acid receptor; AltName: Full=P2Y purinoceptor 5; Short=P2Y5; AltName: Full=Purinergic receptor 5 [Gallus gallus]	1.10e-05
P79242.1	RecName: Full=N-formyl peptide receptor 2; AltName: Full=FMLP-related receptor I; Short=FMLP-R-I; AltName: Full=Formyl peptide receptor-like 1 [Pan troglodytes]	1.14e-05
Q7ZXJ7.1	N/A	1.21e-05
O97663.1	N/A	1.24e-05
Q28553.1	RecName: Full=C-X-C chemokine receptor type 4; Short=CXC-R4; Short=CXCR-4; AltName: Full=Fusin; AltName: Full=Leukocyte-derived seven transmembrane domain receptor; Short=LESTR; AltName: Full=Stromal cell-derived factor 1 receptor; Short=SDF-1 receptor; AltName: CD_antigen=CD184 [Ovis aries]	1.29e-05
P28680.3	N/A	1.34e-05
Q95KH4.1	N/A	1.34e-05
Q864H6.1	RecName: Full=Melanocyte-stimulating hormone receptor; Short=MSH-R; AltName: Full=Melanocortin receptor 1; Short=MC1-R [Callimico goeldii]	1.38e-05
Q924I3.1	N/A	1.39e-05
P30372.1	N/A	1.41e-05
Q9BXC0.1	N/A	1.50e-05
P35344.1	N/A	1.51e-05
P56412.1	RecName: Full=G-protein coupled receptor 15 [Macaca nemestrina]	1.54e-05
P32237.1	RecName: Full=Gonadotropin-releasing hormone receptor; Short=GnRH receptor; Short=GnRH-R [Ovis aries]	1.55e-05
Q864H8.1	RecName: Full=Melanocyte-stimulating hormone receptor; Short=MSH-R; AltName: Full=Melanocortin receptor 1; Short=MC1-R [Callithrix geoffroyi]	1.58e-05
Q864H7.1	RecName: Full=Melanocyte-stimulating hormone receptor; Short=MSH-R; AltName: Full=Melanocortin receptor 1; Short=MC1-R [Callithrix jacchus]	1.64e-05
P51679.1	N/A	1.70e-05
Q9XSD4.2	RecName: Full=Platelet-activating factor receptor; Short=PAF-R; Short=PAFr [Sus scrofa]	1.72e-05
P34981.1	N/A	1.76e-05
P90680.2	N/A	1.83e-05
Q8NH03.2	N/A	1.87e-05
Q864F7.1	RecName: Full=Melanocyte-stimulating hormone receptor; Short=MSH-R; AltName: Full=Melanocortin receptor 1; Short=MC1-R [Varecia variegata variegata]	1.88e-05
O09027.1	RecName: Full=Atypical chemokine receptor 2; AltName: Full=C-C chemokine receptor D6; AltName: Full=CCR10-related receptor; AltName: Full=Chemokine-binding protein 2; AltName: Full=Chemokine-binding protein D6 [Rattus norvegicus]	1.88e-05
P20789.1	N/A	2.02e-05
P49685.1	N/A	2.07e-05
P56485.2	N/A	2.08e-05
Q90334.1	RecName: Full=Isotocin receptor; Short=ITR [Catostomus commersonii]	2.15e-05
O88319.1	N/A	2.21e-05
P97583.2	N/A	2.28e-05
O18793.2	N/A	2.33e-05
D4A7K7.1	N/A	2.40e-05
P51684.2	N/A	2.47e-05
P20272.1	N/A	2.59e-05
P47746.1	N/A	2.59e-05
Q9PU16.1	N/A	2.77e-05
Q864G4.1	RecName: Full=Melanocyte-stimulating hormone receptor; Short=MSH-R; AltName: Full=Melanocortin receptor 1; Short=MC1-R [Alouatta sara]	2.89e-05
Q8BMC0.1	N/A	2.91e-05
P79399.1	RecName: Full=5-hydroxytryptamine receptor 1B; Short=5-HT-1B; Short=5-HT1B; AltName: Full=Serotonin receptor 1B [Sus scrofa]	2.97e-05
P79236.1	RecName: Full=N-formyl peptide receptor 2; AltName: Full=FMLP-related receptor I; Short=FMLP-R-I; AltName: Full=Formyl peptide receptor-like 1 [Pongo pygmaeus]	3.36e-05
P49922.2	RecName: Full=Gonadotropin-releasing hormone receptor; Short=GnRH receptor; Short=GnRH-R; AltName: Full=Luteinizing hormone-releasing hormone receptor; Short=LHRH [Sus scrofa]	3.55e-05
P32248.2	N/A	3.56e-05
P97468.1	N/A	3.60e-05
P97266.1	RecName: Full=Mu-type opioid receptor; Short=M-OR-1; Short=MOR-1 [Cavia porcellus]	3.76e-05
P25105.1	N/A	3.76e-05
P43142.1	RecName: Full=G-protein coupled receptor 182; AltName: Full=G10D; AltName: Full=NOW [Mus musculus]	3.98e-05
Q1RMI1.1	N/A	3.99e-05
O18982.1	RecName: Full=G-protein coupled receptor 15; AltName: Full=Brother of Bonzo; Short=BoB [Chlorocebus aethiops]	4.17e-05
P48748.1	N/A	4.61e-05
P79189.1	RecName: Full=fMet-Leu-Phe receptor; Short=fMLP receptor; AltName: Full=N-formyl peptide receptor; Short=FPR; AltName: Full=N-formylpeptide chemoattractant receptor [Macaca mulatta]	4.67e-05
P55086.1	N/A	4.79e-05
P21761.1	N/A	4.83e-05
P21917.3	N/A	4.94e-05
