Q9H1Y3.1	N/A	1.29e-61
O42266.1	N/A	3.19e-59
O13018.1	N/A	9.92e-58
P51476.1	RecName: Full=Pinopsin; AltName: Full=Pineal gland-specific opsin; Short=P-opsin; Short=Pineal opsin [Columba livia]	3.25e-57
Q9WUK7.1	N/A	5.08e-57
O42490.1	RecName: Full=Pineal opsin; AltName: Full=Pineal gland-specific opsin; Short=P-opsin [Petromyzon marinus]	8.01e-57
P51475.1	RecName: Full=Pinopsin; AltName: Full=Pineal gland-specific opsin; Short=P-opsin; Short=Pineal opsin [Gallus gallus]	1.43e-54
Q7T3Q7.1	RecName: Full=Opsin-VA; AltName: Full=Vertebrate ancient opsin [Rutilus rutilus]	2.26e-54
P79911.1	RecName: Full=Rhodopsin [Sargocentron tiere]	2.95e-54
P79903.1	RecName: Full=Rhodopsin [Sargocentron spiniferum]	1.34e-53
Q5YKK9.1	N/A	2.90e-53
P49912.1	N/A	8.42e-53
Q8HY69.2	RecName: Full=Rhodopsin [Sminthopsis crassicaudata]	9.07e-53
P79809.1	RecName: Full=Rhodopsin [Neoniphon aurolineatus]	1.19e-52
Q5XXP2.1	RecName: Full=Melanopsin; AltName: Full=Opsin-4 [Phodopus sungorus]	1.53e-52
P52202.1	N/A	2.69e-52
Q95KU1.1	N/A	3.31e-52
P79798.1	RecName: Full=Rhodopsin [Myripristis berndti]	3.77e-52
P79807.1	RecName: Full=Rhodopsin [Myripristis violacea]	3.98e-52
P28681.1	N/A	4.13e-52
P02699.1	N/A	4.27e-52
P51489.1	RecName: Full=Rhodopsin [Rattus norvegicus]	5.00e-52
O62794.1	N/A	5.93e-52
P79812.1	RecName: Full=Rhodopsin [Neoniphon sammara]	6.75e-52
O42604.1	RecName: Full=Rhodopsin [Zeus faber]	8.71e-52
O62793.1	RecName: Full=Rhodopsin [Mesoplodon bidens]	9.55e-52
Q9YH04.1	RecName: Full=Rhodopsin [Diplodus vulgaris]	9.86e-52
P02700.2	RecName: Full=Rhodopsin [Ovis aries]	1.34e-51
Q28886.1	N/A	1.48e-51
O62791.1	N/A	1.62e-51
Q9YH01.1	RecName: Full=Rhodopsin [Mullus surmuletus]	2.36e-51
P41591.1	RecName: Full=Rhodopsin [Anolis carolinensis]	2.37e-51
Q2KNE5.3	RecName: Full=Melanopsin-A; AltName: Full=Mammalian-like melanopsin; AltName: Full=Melanopsin-M; AltName: Full=Opsin-4-A; AltName: Full=Opsin-4M [Danio rerio]	2.41e-51
P15409.2	N/A	2.61e-51
O62795.1	RecName: Full=Rhodopsin [Phoca groenlandica]	3.03e-51
P87369.1	N/A	4.05e-51
Q9YGZ3.1	RecName: Full=Rhodopsin [Salaria pavo]	4.80e-51
P56514.1	RecName: Full=Rhodopsin [Bufo bufo]	8.77e-51
Q6W3E1.1	RecName: Full=Rhodopsin [Caluromys philander]	9.03e-51
O18766.1	N/A	1.20e-50
Q9YH03.1	RecName: Full=Rhodopsin [Sarpa salpa]	1.26e-50
O62798.1	N/A	1.55e-50
P79808.1	RecName: Full=Rhodopsin [Neoniphon argenteus]	1.78e-50
P79914.1	RecName: Full=Rhodopsin [Sargocentron xantherythrum]	2.15e-50
P41590.1	N/A	2.53e-50
Q9YGY9.1	RecName: Full=Rhodopsin [Zosterisessor ophiocephalus]	2.76e-50
Q9YH05.1	RecName: Full=Rhodopsin [Diplodus annularis]	2.89e-50
Q9YGZ5.1	RecName: Full=Rhodopsin [Solea solea]	3.11e-50
P56516.1	RecName: Full=Rhodopsin [Rana temporaria]	4.24e-50
O93459.1	RecName: Full=Rhodopsin [Scyliorhinus canicula]	4.33e-50
P22328.1	N/A	4.71e-50
P32310.1	N/A	5.07e-50
Q9YH02.1	N/A	5.39e-50
Q9YGZ2.1	RecName: Full=Rhodopsin [Gobius niger]	5.54e-50
Q9YH00.1	RecName: Full=Rhodopsin [Lithognathus mormyrus]	5.80e-50
Q769E8.1	N/A	6.00e-50
P79902.1	RecName: Full=Rhodopsin [Sargocentron punctatissimum]	6.26e-50
O62792.1	RecName: Full=Rhodopsin [Globicephala melas]	7.74e-50
P79901.1	RecName: Full=Rhodopsin [Sargocentron microstoma]	8.25e-50
Q9DGG4.1	RecName: Full=Rhodopsin [Tetraodon nigroviridis]	1.24e-49
Q68J47.1	N/A	1.25e-49
P79848.1	RecName: Full=Rhodopsin [Poecilia reticulata]	1.33e-49
P56515.1	RecName: Full=Rhodopsin [Rhinella marina]	1.33e-49
Q9YGZ1.1	RecName: Full=Rhodopsin [Atherina boyeri]	1.40e-49
P79756.1	RecName: Full=Rhodopsin [Gambusia affinis]	1.54e-49
P35359.2	RecName: Full=Rhodopsin [Danio rerio]	2.16e-49
P79898.1	RecName: Full=Rhodopsin [Sargocentron diadema]	2.25e-49
Q9YGZ4.1	RecName: Full=Rhodopsin [Dicentrarchus labrax]	2.32e-49
Q9YGZ6.1	RecName: Full=Rhodopsin [Chelon auratus]	2.50e-49
P51470.1	RecName: Full=Rhodopsin [Lithobates catesbeianus]	3.13e-49
P29403.1	RecName: Full=Rhodopsin [Xenopus laevis]	3.33e-49
O93441.1	RecName: Full=Rhodopsin [Galeus melastomus]	3.86e-49
P31355.1	RecName: Full=Rhodopsin [Rana pipiens]	4.72e-49
P79863.1	RecName: Full=Rhodopsin [Leucoraja erinacea]	6.48e-49
Q9YGZ8.1	RecName: Full=Rhodopsin [Chelon labrosus]	6.52e-49
Q90373.1	RecName: Full=Rhodopsin [Leocottus kesslerii]	9.14e-49
P51488.1	RecName: Full=Rhodopsin [Cyprinus carpio]	1.15e-48
O35214.1	N/A	1.87e-48
O42300.1	RecName: Full=Rhodopsin [Batrachocottus multiradiatus]	2.45e-48
Q9YGZ7.1	RecName: Full=Rhodopsin [Chelon saliens]	3.32e-48
Q9YGZ9.1	RecName: Full=Rhodopsin [Mugil cephalus]	3.80e-48
P51472.1	N/A	3.87e-48
P32309.1	RecName: Full=Rhodopsin [Carassius auratus]	4.28e-48
O14718.1	N/A	4.58e-48
O42452.1	RecName: Full=Rhodopsin [Paracottus knerii]	5.73e-48
P32308.1	N/A	5.89e-48
O42330.1	RecName: Full=Rhodopsin [Cottocomephorus inermis]	6.72e-48
Q90245.1	RecName: Full=Rhodopsin [Ambystoma tigrinum]	7.03e-48
Q9YGZ0.1	RecName: Full=Rhodopsin [Sardina pilchardus]	8.60e-48
O42451.1	RecName: Full=Rhodopsin [Procottus jettelesii]	9.05e-48
Q8R456.1	N/A	1.86e-47
Q9W6A8.1	N/A	2.29e-47
P08100.1	N/A	3.25e-47
O42327.1	RecName: Full=Rhodopsin [Comephorus dybowskii]	5.85e-47
P34989.1	RecName: Full=Opsin, longwave 563 nm [Callithrix jacchus]	6.99e-47
O42301.1	RecName: Full=Rhodopsin [Batrachocottus nikolskii]	9.13e-47
O42268.1	RecName: Full=Rhodopsin [Ictalurus punctatus]	1.25e-46
Q8AYM7.1	N/A	1.60e-46
O42431.1	RecName: Full=Rhodopsin [Limnocottus pallidus]	3.09e-46
O13227.1	RecName: Full=Blue-sensitive opsin; AltName: Full=Blue cone photoreceptor pigment [Conger conger]	3.25e-46
O42294.1	RecName: Full=Rhodopsin [Abyssocottus korotneffi]	3.43e-46
P41592.1	N/A	4.97e-46
Q90215.1	RecName: Full=Rhodopsin, freshwater form [Anguilla anguilla]	5.65e-46
O42307.1	RecName: Full=Rhodopsin [Cottinella boulengeri]	6.08e-46
O62796.1	N/A	6.68e-46
Q9QXZ9.1	N/A	9.00e-46
P09241.1	RecName: Full=Rhodopsin [Enteroctopus dofleini]	1.09e-45
P04000.1	RecName: Full=Long-wave-sensitive opsin 1; AltName: Full=Red cone photoreceptor pigment; AltName: Full=Red-sensitive opsin; Short=ROP [Homo sapiens]	1.66e-45
O42427.1	RecName: Full=Rhodopsin [Limnocottus bergianus]	2.46e-45
P87367.1	N/A	2.92e-45
P28683.1	N/A	3.13e-45
Q8AYN0.1	RecName: Full=Red-sensitive opsin-2; AltName: Full=Opsin-1, long-wave-sensitive 2; Short=Opsin LWS-2; AltName: Full=Red cone photoreceptor pigment 2 [Danio rerio]	3.41e-45
P22671.1	RecName: Full=Rhodopsin [Lethenteron camtschaticum]	5.37e-45
P22329.1	N/A	6.69e-45
Q17094.1	RecName: Full=Rhodopsin [Alloteuthis subulata]	1.44e-44
O35478.2	RecName: Full=Medium-wave-sensitive opsin 1; AltName: Full=Green cone photoreceptor pigment; AltName: Full=Green-sensitive opsin; AltName: Full=Medium wavelength-sensitive cone opsin [Sciurus carolinensis]	1.73e-44
O15973.1	RecName: Full=Rhodopsin, GQ-coupled; AltName: Full=GQ-rhodopsin [Mizuhopecten yessoensis]	2.37e-44
P35403.1	RecName: Full=Rhodopsin [Pomatoschistus minutus]	2.82e-44
O16005.1	RecName: Full=Rhodopsin [Sepia officinalis]	2.98e-44
Q90214.1	RecName: Full=Rhodopsin, deep-sea form [Anguilla anguilla]	3.19e-44
Q804X9.1	RecName: Full=Melanopsin-A; AltName: Full=Opsin-4A [Gadus morhua]	3.55e-44
Q9W6A5.2	N/A	4.68e-44
O18914.2	N/A	5.19e-44
P32313.1	RecName: Full=Red-sensitive opsin; AltName: Full=Red cone photoreceptor pigment [Carassius auratus]	5.34e-44
O12948.1	N/A	5.59e-44
Q9R024.1	N/A	8.67e-44
P24603.1	RecName: Full=Rhodopsin [Loligo forbesii]	9.36e-44
P32311.1	N/A	1.02e-43
O18910.2	N/A	1.05e-43
O57605.1	N/A	1.06e-43
O42466.1	RecName: Full=Rhodopsin [Taurulus bubalis]	1.91e-43
P51491.1	N/A	2.31e-43
O18913.2	N/A	2.37e-43
P22332.2	N/A	2.57e-43
Q4U4D2.2	RecName: Full=Melanopsin; AltName: Full=Opsin-4 [Podarcis siculus]	2.62e-43
Q6XL69.1	RecName: Full=Melanopsin; AltName: Full=Opsin-4 [Rutilus rutilus]	2.92e-43
P51471.1	N/A	3.06e-43
Q9BGI7.1	N/A	3.34e-43
Q9W6A7.1	N/A	3.41e-43
Q9W6A6.2	RecName: Full=Green-sensitive opsin-4; AltName: Full=Green cone photoreceptor pigment 4; AltName: Full=Opsin RH2-4; AltName: Full=Opsin-1, medium-wave-sensitive 4 [Danio rerio]	3.69e-43
Q8AYM8.1	N/A	3.89e-43
O35599.1	N/A	4.18e-43
O18912.2	N/A	5.47e-43
P04001.1	N/A	6.07e-43
O35476.2	N/A	6.15e-43
P22331.1	N/A	6.22e-43
Q95170.1	N/A	8.39e-43
P51473.1	N/A	9.54e-43
Q9UHM6.1	N/A	1.14e-42
Q1JPS6.1	N/A	2.98e-42
O13092.1	N/A	3.26e-42
P22330.1	RecName: Full=Green-sensitive opsin-1; AltName: Full=Green cone photoreceptor pigment 1 [Psalidodon fasciatus]	3.85e-42
P03999.1	N/A	6.42e-42
P35358.1	RecName: Full=Green-sensitive opsin P521; AltName: Full=Green photoreceptor pigment [Gekko gecko]	7.00e-42
Q6VZZ7.1	N/A	7.36e-42
Q98980.1	N/A	1.92e-41
O42328.1	RecName: Full=Rhodopsin [Cottocomephorus grewingki]	1.99e-41
P51490.1	N/A	2.33e-41
Q4R1I4.1	RecName: Full=Melanopsin; AltName: Full=Opsin-4; AltName: Full=amphi-MOP [Branchiostoma belcheri]	3.13e-41
P51474.1	RecName: Full=Green-sensitive opsin-3; AltName: Full=Green cone photoreceptor pigment 3 [Psalidodon fasciatus]	3.24e-41
Q6U736.3	N/A	3.67e-41
Q804Q2.1	RecName: Full=Melanopsin-B; AltName: Full=Opsin-4B [Gadus morhua]	4.46e-41
P32312.1	N/A	7.18e-41
P31356.2	RecName: Full=Rhodopsin [Todarodes pacificus]	1.07e-40
Q63652.2	RecName: Full=Short-wave-sensitive opsin 1; Short=S opsin; AltName: Full=Blue cone photoreceptor pigment; AltName: Full=Blue-sensitive opsin; Short=BOP; AltName: Full=Short wavelength-sensitive cone opsin [Rattus norvegicus]	1.44e-40
P28684.1	N/A	1.85e-40
O57422.1	N/A	1.94e-40
P28682.1	N/A	6.35e-40
P35357.1	RecName: Full=Blue-sensitive opsin P467; AltName: Full=Blue photoreceptor pigment [Gekko gecko]	9.89e-40
Q9W6A9.2	RecName: Full=Opsin-1, short-wave-sensitive 1; Short=Opsin SWS-1; AltName: Full=Ultraviolet cone photoreceptor pigment; AltName: Full=Ultraviolet-sensitive opsin [Danio rerio]	3.04e-39
P87365.1	N/A	2.28e-38
Q90309.1	N/A	4.60e-38
P87368.1	N/A	1.49e-36
O15974.1	RecName: Full=Rhodopsin, G0-coupled; AltName: Full=G0-rhodopsin [Mizuhopecten yessoensis]	1.65e-36
P87366.1	N/A	2.82e-35
O18911.1	RecName: Full=Medium-wave-sensitive opsin 1; AltName: Full=Green cone photoreceptor pigment; AltName: Full=Green-sensitive opsin [Odocoileus virginianus virginianus]	1.15e-34
Q95YI3.1	N/A	2.12e-34
P35361.1	N/A	3.01e-34
P35360.1	RecName: Full=Lateral eye opsin [Limulus polyphemus]	1.61e-33
P22269.1	RecName: Full=Opsin Rh1; AltName: Full=Outer R1-R6 photoreceptor cells opsin [Calliphora vicina]	1.10e-32
Q17296.1	RecName: Full=Rhodopsin [Cataglyphis bombycina]	6.86e-32
O02464.2	RecName: Full=Opsin-1; Short=MANOP1; AltName: Full=Rhodopsin 1, long-wavelength; AltName: Full=Rhodopsin P520 [Manduca sexta]	8.43e-32
O61303.1	N/A	1.70e-31
Q25158.1	RecName: Full=Compound eye opsin BCRH2 [Hemigrapsus sanguineus]	5.40e-31
P35362.1	RecName: Full=Rhodopsin; Short=Opsin [Sphodromantis sp.]	1.43e-30
Q17053.1	RecName: Full=Rhodopsin, long-wavelength; AltName: Full=Opsin, green-sensitive [Apis mellifera]	1.45e-30
Q25157.1	RecName: Full=Compound eye opsin BCRH1 [Hemigrapsus sanguineus]	1.78e-29
Q26495.1	RecName: Full=Opsin-2 [Schistocerca gregaria]	2.17e-29
Q17292.1	N/A	2.40e-29
P28679.3	N/A	3.10e-29
P08099.1	N/A	4.23e-29
P90680.2	N/A	7.13e-29
O16018.1	RecName: Full=Rhodopsin [Cambarellus shufeldtii]	1.10e-28
O01668.1	N/A	2.00e-28
P28678.4	N/A	2.82e-28
P29404.2	N/A	3.53e-28
O02465.2	RecName: Full=Opsin-2; Short=MANOP2; AltName: Full=Rhodopsin 2, short-wavelength; AltName: Full=Rhodopsin P357 [Manduca sexta]	3.93e-28
P06002.1	N/A	4.34e-28
P08255.2	N/A	5.95e-28
P17646.2	RecName: Full=Opsin Rh4; AltName: Full=Inner R7 photoreceptor cells opsin [Drosophila virilis]	1.30e-27
P35356.1	RecName: Full=Rhodopsin [Procambarus clarkii]	1.31e-27
O16020.1	RecName: Full=Rhodopsin [Procambarus milleri]	5.85e-27
O16019.1	RecName: Full=Rhodopsin [Orconectes virilis]	1.51e-26
Q94741.1	RecName: Full=Opsin-1 [Schistocerca gregaria]	1.62e-26
O18481.1	RecName: Full=Rhodopsin [Orconectes australis]	3.96e-26
O16017.1	RecName: Full=Rhodopsin [Lacunicambarus ludovicianus]	8.26e-26
O18485.1	RecName: Full=Rhodopsin [Procambarus orcinus]	8.56e-26
O18486.1	RecName: Full=Rhodopsin [Procambarus seminolae]	8.54e-25
P28680.3	N/A	1.13e-24
O18315.1	RecName: Full=Rhodopsin [Cambarus maculatus]	1.34e-24
O18312.1	RecName: Full=Rhodopsin [Cambarus hubrichti]	1.50e-24
P30974.2	N/A	2.63e-24
P91657.1	N/A	3.16e-24
P04950.1	N/A	6.30e-24
O96107.1	RecName: Full=Opsin-3; Short=MANOP3; AltName: Full=Rhodopsin 3, short-wavelength; AltName: Full=Rhodopsin P450 [Manduca sexta]	8.40e-24
P47803.1	N/A	3.38e-23
P30937.1	N/A	3.61e-23
F1R332.2	N/A	1.52e-21
P47804.1	N/A	1.18e-20
P49660.2	RecName: Full=Somatostatin receptor type 4; Short=SS-4-R; Short=SS4-R; Short=SS4R [Mus musculus]	1.38e-20
P56479.1	N/A	4.24e-20
Q95M54.1	N/A	2.08e-19
P31391.2	N/A	3.14e-19
Q9Z2B3.1	N/A	3.54e-19
P29371.1	N/A	3.65e-19
Q62805.1	N/A	3.75e-19
P51144.1	N/A	3.96e-19
Q9MYW9.2	N/A	6.19e-19
Q96P65.2	N/A	1.49e-18
P16610.1	N/A	1.64e-18
Q90305.1	RecName: Full=Rhodopsin [Coregonus autumnalis]	1.92e-18
P25929.1	N/A	5.66e-18
P21555.3	RecName: Full=Neuropeptide Y receptor type 1; Short=NPY1-R; AltName: Full=FC5 [Rattus norvegicus]	5.89e-18
Q04573.1	N/A	6.66e-18
O02813.2	N/A	9.45e-18
Q1RMU8.1	N/A	1.24e-17
P34975.1	N/A	1.30e-17
P05363.1	N/A	1.55e-17
Q95247.1	N/A	1.83e-17
E7F7V7.1	N/A	2.08e-17
Q9WVD0.1	RecName: Full=Neuropeptide Y receptor type 1; Short=NPY1-R [Cavia porcellus]	2.17e-17
P47937.2	N/A	2.37e-17
P47211.3	N/A	2.40e-17
Q64077.1	N/A	2.99e-17
Q5IS84.1	N/A	3.46e-17
P16177.1	N/A	3.53e-17
P33534.1	N/A	3.90e-17
Q5DUB2.1	N/A	4.02e-17
P41597.1	N/A	4.54e-17
P79218.1	N/A	4.77e-17
O02835.2	N/A	5.87e-17
P41144.1	N/A	7.33e-17
O88854.2	N/A	7.95e-17
P42866.1	N/A	8.72e-17
P21452.3	N/A	9.66e-17
Q8K418.1	N/A	1.92e-16
O08726.1	N/A	2.25e-16
P35372.2	N/A	2.44e-16
Q6H2Y3.1	N/A	2.72e-16
P30549.1	N/A	3.38e-16
Q5W8W0.1	N/A	3.51e-16
Q5IS39.1	N/A	4.62e-16
Q59E83.1	N/A	5.23e-16
P34992.1	N/A	5.99e-16
Q49LX5.1	N/A	6.74e-16
P30872.1	N/A	6.93e-16
P33535.1	N/A	7.16e-16
P35409.1	RecName: Full=Probable glycoprotein hormone G-protein coupled receptor; Flags: Precursor [Anthopleura elegantissima]	7.77e-16
O18793.2	N/A	9.75e-16
P30873.1	N/A	1.04e-15
P49285.1	N/A	1.13e-15
Q96RI8.1	N/A	1.15e-15
O97512.2	N/A	1.30e-15
P97288.3	N/A	1.59e-15
P79350.2	N/A	1.60e-15
Q62758.1	N/A	1.62e-15
Q91175.1	RecName: Full=Alpha-1A adrenergic receptor; AltName: Full=Alpha-1A adrenoreceptor; Short=Alpha-1A adrenoceptor; AltName: Full=MAR1 [Oryzias latipes]	1.65e-15
P28646.1	N/A	1.66e-15
O70528.1	N/A	1.66e-15
P32247.1	N/A	1.77e-15
Q5QD13.1	N/A	1.81e-15
P15823.2	RecName: Full=Alpha-1B adrenergic receptor; AltName: Full=Alpha-1B adrenoreceptor; Short=Alpha-1B adrenoceptor [Rattus norvegicus]	2.33e-15
P23820.1	RecName: Full=Retinochrome; AltName: Full=Retinal photoisomerase [Todarodes pacificus]	2.33e-15
P25931.2	N/A	3.17e-15
Q13639.2	N/A	3.52e-15
B3DM66.1	N/A	4.01e-15
B2RPY5.1	N/A	4.91e-15
O43603.1	N/A	5.32e-15
Q923X6.1	RecName: Full=Trace amine-associated receptor 7e; Short=TaR-7e; Short=Trace amine receptor 7e; AltName: Full=Trace amine receptor 14; Short=TaR-14 [Rattus norvegicus]	5.73e-15
P83858.1	N/A	6.07e-15
P35371.1	N/A	6.24e-15
Q8WPA2.1	N/A	7.47e-15
P30975.2	N/A	8.77e-15
P35346.3	N/A	1.02e-14
O54798.1	N/A	1.94e-14
Q6W3F4.1	N/A	2.17e-14
Q2YEG0.1	N/A	2.18e-14
Q9EQQ4.1	N/A	2.21e-14
P18841.1	N/A	2.30e-14
P49287.2	N/A	2.80e-14
Q5QD10.1	N/A	2.85e-14
P51683.2	N/A	2.92e-14
Q8CIQ6.1	RecName: Full=Melatonin receptor type 1B; Short=Mel-1B-R; Short=Mel1b receptor [Mus musculus]	2.96e-14
Q923Y5.1	N/A	3.00e-14
Q868T3.4	RecName: Full=Cardioacceleratory peptide receptor; AltName: Full=Crustacean cardioactive peptide receptor [Drosophila melanogaster]	3.14e-14
Q5QD21.1	N/A	3.56e-14
Q8N6U8.1	N/A	3.78e-14
Q923X5.1	RecName: Full=Trace amine-associated receptor 7d; Short=TaR-7d; Short=Trace amine receptor 7d; AltName: Full=Trace amine receptor 15; Short=TaR-15 [Rattus norvegicus]	4.01e-14
Q923Y1.1	N/A	4.53e-14
P79945.1	N/A	4.69e-14
P47800.1	RecName: Full=D(1)-like dopamine receptor [Oreochromis mossambicus]	5.13e-14
F1MV99.2	N/A	5.56e-14
P41145.2	N/A	6.67e-14
P21729.2	N/A	7.01e-14
P35368.3	N/A	7.06e-14
Q8SPN1.1	N/A	7.90e-14
P97717.2	RecName: Full=Alpha-1B adrenergic receptor; AltName: Full=Alpha-1B adrenoreceptor; Short=Alpha-1B adrenoceptor [Mus musculus]	8.15e-14
Q95ND0.1	RecName: Full=C-C chemokine receptor type 5; Short=C-C CKR-5; Short=CC-CKR-5; Short=CCR-5; Short=CCR5; AltName: CD_antigen=CD195 [Erythrocebus patas]	9.92e-14
Q5QD12.1	N/A	1.09e-13
Q9XT76.1	RecName: Full=C-C chemokine receptor type 5; Short=C-C CKR-5; Short=CC-CKR-5; Short=CCR-5; Short=CCR5; AltName: CD_antigen=CD195 [Allochrocebus lhoesti]	1.14e-13
Q5QD11.1	N/A	1.29e-13
Q9Y5Y3.2	N/A	1.37e-13
Q9BGN6.1	RecName: Full=C-C chemokine receptor type 5; Short=C-C CKR-5; Short=CC-CKR-5; Short=CCR-5; Short=CCR5; AltName: CD_antigen=CD195 [Allochrocebus solatus]	1.45e-13
Q2YDN1.1	N/A	1.45e-13
P25021.1	N/A	2.02e-13
Q2KIP6.1	N/A	2.11e-13
Q5ECR9.1	N/A	2.28e-13
Q923Y2.1	N/A	2.63e-13
Q5DUB1.1	N/A	2.70e-13
Q867B2.1	N/A	2.81e-13
P30874.1	N/A	2.84e-13
Q9TV47.1	RecName: Full=C-C chemokine receptor type 5; Short=C-C CKR-5; Short=CC-CKR-5; Short=CCR-5; Short=CCR5; AltName: CD_antigen=CD195 [Cercopithecus cephus]	3.10e-13
P48039.1	N/A	3.20e-13
P49219.1	N/A	3.34e-13
P56493.1	RecName: Full=C-C chemokine receptor type 5; Short=C-C CKR-5; Short=CC-CKR-5; Short=CCR-5; Short=CCR5; AltName: CD_antigen=CD195 [Chlorocebus aethiops]	3.40e-13
P52500.2	RecName: Full=Gastrin-releasing peptide receptor; Short=GRP-R; AltName: Full=GRP-preferring bombesin receptor [Rattus norvegicus]	3.50e-13
Q923Y3.1	N/A	3.76e-13
O97967.1	N/A	3.79e-13
P14600.1	N/A	3.82e-13
Q6WN98.1	RecName: Full=C-C chemokine receptor type 5; Short=C-C CKR-5; Short=CC-CKR-5; Short=CCR-5; Short=CCR5; AltName: CD_antigen=CD195 [Mico humeralifer]	3.90e-13
O42574.1	N/A	4.07e-13
O55193.1	N/A	4.23e-13
Q8HZT9.1	N/A	4.32e-13
P30875.1	N/A	4.37e-13
P30938.2	RecName: Full=Somatostatin receptor type 5; Short=SS-5-R; Short=SS5-R; Short=SS5R [Rattus norvegicus]	4.50e-13
P29275.1	N/A	4.76e-13
P35406.1	RecName: Full=D(1) dopamine receptor; AltName: Full=Dopamine D1 receptor [Carassius auratus]	4.94e-13
P53454.1	N/A	5.34e-13
P30548.2	N/A	5.55e-13
Q96RI9.1	N/A	5.92e-13
P35370.1	N/A	6.60e-13
P30680.1	N/A	6.61e-13
Q923X8.2	N/A	7.45e-13
Q9NDM2.1	N/A	7.70e-13
P48040.1	RecName: Full=Melatonin receptor type 1A; Short=Mel-1A-R; Short=Mel1a receptor [Ovis aries]	7.74e-13
P35407.2	N/A	8.30e-13
Q9TV45.1	RecName: Full=C-C chemokine receptor type 5; Short=C-C CKR-5; Short=CC-CKR-5; Short=CCR-5; Short=CCR5; AltName: CD_antigen=CD195 [Cercopithecus nictitans]	8.32e-13
Q8IN35.2	N/A	9.16e-13
Q1ZY22.1	N/A	9.55e-13
P35348.2	N/A	9.68e-13
O97975.1	RecName: Full=C-C chemokine receptor type 5; Short=C-C CKR-5; Short=CC-CKR-5; Short=CCR-5; Short=CCR5; AltName: CD_antigen=CD195 [Macaca arctoides]	9.91e-13
Q8K458.1	N/A	9.98e-13
Q2HJ17.1	N/A	1.02e-12
P18130.1	N/A	1.06e-12
P34994.1	N/A	1.07e-12
P61813.1	N/A	1.08e-12
Q95NE8.1	RecName: Full=C-C chemokine receptor type 5; Short=C-C CKR-5; Short=CC-CKR-5; Short=CCR-5; Short=CCR5; AltName: CD_antigen=CD195 [Chlorocebus tantalus]	1.11e-12
Q95NC7.1	RecName: Full=C-C chemokine receptor type 5; Short=C-C CKR-5; Short=CC-CKR-5; Short=CCR-5; Short=CCR5; AltName: CD_antigen=CD195 [Nasalis larvatus]	1.12e-12
P29089.1	N/A	1.13e-12
O35210.1	N/A	1.14e-12
Q9TV43.1	RecName: Full=C-C chemokine receptor type 5; Short=C-C CKR-5; Short=CC-CKR-5; Short=CCR-5; Short=CCR5; AltName: CD_antigen=CD195 [Chlorocebus sabaeus]	1.20e-12
Q9TV42.1	RecName: Full=C-C chemokine receptor type 5; Short=C-C CKR-5; Short=CC-CKR-5; Short=CCR-5; Short=CCR5; AltName: CD_antigen=CD195 [Chlorocebus pygerythrus]	1.21e-12
P49217.2	RecName: Full=Melatonin receptor type 1A; Short=Mel-1A-R; Short=Mel1a receptor [Phodopus sungorus]	1.28e-12
O62743.2	RecName: Full=C-C chemokine receptor type 5; Short=C-C CKR-5; Short=CC-CKR-5; Short=CCR-5; Short=CCR5; AltName: CD_antigen=CD195 [Cercocebus atys]	1.29e-12
P61755.1	RecName: Full=C-C chemokine receptor type 5; Short=C-C CKR-5; Short=CC-CKR-5; Short=CCR-5; Short=CCR5; AltName: CD_antigen=CD195 [Lophocebus aterrimus]	1.29e-12
Q9TV49.1	RecName: Full=C-C chemokine receptor type 5; Short=C-C CKR-5; Short=CC-CKR-5; Short=CCR-5; Short=CCR5; AltName: CD_antigen=CD195 [Cercocebus galeritus]	1.29e-12
Q95NC1.1	RecName: Full=C-C chemokine receptor type 5; Short=C-C CKR-5; Short=CC-CKR-5; Short=CCR-5; Short=CCR5; AltName: CD_antigen=CD195 [Theropithecus gelada]	1.31e-12
P21109.2	N/A	1.32e-12
P42290.1	N/A	1.33e-12
Q5QD08.1	N/A	1.37e-12
Q9TV48.1	RecName: Full=C-C chemokine receptor type 5; Short=C-C CKR-5; Short=CC-CKR-5; Short=CCR-5; Short=CCR5; AltName: CD_antigen=CD195 [Cercopithecus ascanius]	1.45e-12
P35377.1	N/A	1.48e-12
Q5QD09.1	N/A	1.53e-12
P47747.1	RecName: Full=Histamine H2 receptor; Short=H2R; Short=HH2R; AltName: Full=Gastric receptor I [Cavia porcellus]	1.54e-12
P47898.1	N/A	1.58e-12
Q9N298.1	N/A	1.58e-12
P08908.3	N/A	1.61e-12
Q9N297.1	N/A	1.65e-12
O54814.1	RecName: Full=C-C chemokine receptor type 3; Short=C-C CKR-3; Short=CC-CKR-3; Short=CCR-3; Short=CCR3; Short=CKR3; AltName: CD_antigen=CD193 [Rattus norvegicus]	1.70e-12
P34993.1	N/A	1.71e-12
Q93127.1	RecName: Full=Probable G-protein coupled receptor No18 [Amphibalanus amphitrite]	1.71e-12
Q8NFJ6.1	N/A	1.77e-12
O02824.1	N/A	1.87e-12
Q90WY6.1	N/A	1.89e-12
Q95NC3.1	RecName: Full=C-C chemokine receptor type 5; Short=C-C CKR-5; Short=CC-CKR-5; Short=CCR-5; Short=CCR5; AltName: CD_antigen=CD195 [Miopithecus talapoin]	1.89e-12
Q95ND1.1	RecName: Full=C-C chemokine receptor type 5; Short=C-C CKR-5; Short=CC-CKR-5; Short=CCR-5; Short=CCR5; AltName: CD_antigen=CD195 [Mandrillus sphinx]	1.92e-12
Q03566.2	N/A	1.92e-12
P25103.1	N/A	1.93e-12
Q8TCW9.1	N/A	1.98e-12
P29754.1	N/A	2.14e-12
Q95NC5.1	RecName: Full=C-C chemokine receptor type 5; Short=C-C CKR-5; Short=CC-CKR-5; Short=CCR-5; Short=CCR5; AltName: CD_antigen=CD195 [Symphalangus syndactylus]	2.15e-12
Q95ND2.1	RecName: Full=C-C chemokine receptor type 5; Short=C-C CKR-5; Short=CC-CKR-5; Short=CCR-5; Short=CCR5; AltName: CD_antigen=CD195 [Mandrillus leucophaeus]	2.15e-12
O42385.1	RecName: Full=5-hydroxytryptamine receptor 1A-alpha; Short=5-HT-1A-alpha; Short=5-HT1A-alpha; AltName: Full=F1A; AltName: Full=Serotonin receptor 1A-alpha [Takifugu rubripes]	2.22e-12
P56439.1	N/A	2.23e-12
P56440.1	N/A	2.25e-12
O97881.1	N/A	2.29e-12
O97962.1	N/A	2.31e-12
Q95NC0.1	RecName: Full=C-C chemokine receptor type 5; Short=C-C CKR-5; Short=CC-CKR-5; Short=CCR-5; Short=CCR5; AltName: CD_antigen=CD195 [Hylobates moloch]	2.44e-12
Q90674.2	N/A	2.50e-12
Q9BZJ6.2	N/A	2.51e-12
Q61184.1	N/A	2.55e-12
Q9DDN6.1	N/A	2.68e-12
O08556.1	RecName: Full=C-C chemokine receptor type 5; Short=C-C CKR-5; Short=CC-CKR-5; Short=CCR-5; AltName: Full=MIP-1 alpha receptor; AltName: CD_antigen=CD195 [Rattus norvegicus]	2.71e-12
O97883.1	N/A	2.73e-12
Q61212.1	N/A	2.74e-12
Q8SPN2.1	N/A	2.80e-12
Q9W534.2	N/A	2.99e-12
Q9W534.2	N/A	9.75e-06
Q04683.2	N/A	3.05e-12
Q6BD04.1	N/A	3.18e-12
O97878.1	RecName: Full=C-C chemokine receptor type 5; Short=C-C CKR-5; Short=CC-CKR-5; Short=CCR-5; Short=CCR5; AltName: CD_antigen=CD195 [Trachypithecus francoisi]	3.19e-12
P51681.1	N/A	3.40e-12
Q5DUB3.1	N/A	3.42e-12
Q6XXX9.1	N/A	3.62e-12
O97879.1	RecName: Full=C-C chemokine receptor type 5; Short=C-C CKR-5; Short=CC-CKR-5; Short=CCR-5; Short=CCR5; AltName: CD_antigen=CD195 [Trachypithecus phayrei]	3.63e-12
Q95NC8.1	N/A	3.73e-12
O97880.1	RecName: Full=C-C chemokine receptor type 5; Short=C-C CKR-5; Short=CC-CKR-5; Short=CCR-5; Short=CCR5; AltName: CD_antigen=CD195 [Rhinopithecus bieti]	3.73e-12
Q96P66.1	N/A	3.90e-12
P70612.1	N/A	3.94e-12
Q86917.1	RecName: Full=G-protein coupled receptor homolog Q2/3L [Sheeppox virus KS-1]	4.04e-12
Q95NC6.1	RecName: Full=C-C chemokine receptor type 5; Short=C-C CKR-5; Short=CC-CKR-5; Short=CCR-5; Short=CCR5; AltName: CD_antigen=CD195 [Trachypithecus johnii]	4.05e-12
Q29J90.2	RecName: Full=G-protein coupled receptor moody [Drosophila pseudoobscura pseudoobscura]	4.11e-12
Q29J90.2	RecName: Full=G-protein coupled receptor moody [Drosophila pseudoobscura pseudoobscura]	3.36e-05
P43140.1	N/A	4.33e-12
Q95NC2.1	RecName: Full=C-C chemokine receptor type 5; Short=C-C CKR-5; Short=CC-CKR-5; Short=CCR-5; Short=CCR5; AltName: CD_antigen=CD195 [Plecturocebus moloch]	4.36e-12
Q61041.2	N/A	4.46e-12
O08530.3	N/A	4.52e-12
O97882.1	RecName: Full=C-C chemokine receptor type 5; Short=C-C CKR-5; Short=CC-CKR-5; Short=CCR-5; Short=CCR5; AltName: CD_antigen=CD195 [Pygathrix nemaeus]	5.19e-12
P30966.2	N/A	5.29e-12
P29755.1	N/A	5.35e-12
P28647.3	N/A	5.36e-12
P83861.1	N/A	6.19e-12
Q9N296.1	N/A	6.21e-12
Q49LX6.1	N/A	6.24e-12
P16235.1	N/A	6.27e-12
Q25188.1	RecName: Full=Octopamine receptor [Heliothis virescens]	6.36e-12
P25095.1	N/A	6.54e-12
Q923X9.2	RecName: Full=Trace amine-associated receptor 8a; Short=TaR-8a; Short=Trace amine receptor 8a; AltName: Full=Trace amine receptor 11; Short=TaR-11 [Rattus norvegicus]	6.88e-12
Q9VNM1.3	N/A	6.89e-12
O08858.3	N/A	7.29e-12
P0DQD5.1	N/A	7.30e-12
P51682.3	N/A	7.44e-12
Q90X46.2	RecName: Full=G-protein coupled receptor 161 [Danio rerio]	7.95e-12
P21453.2	N/A	7.96e-12
P30547.1	N/A	8.25e-12
Q01338.2	N/A	8.42e-12
P53452.1	RecName: Full=D(1)-like dopamine receptor [Takifugu rubripes]	8.61e-12
Q9EQQ3.2	N/A	8.84e-12
Q95NC4.1	RecName: Full=C-C chemokine receptor type 5; Short=C-C CKR-5; Short=CC-CKR-5; Short=CCR-5; Short=CCR5; AltName: CD_antigen=CD195 [Ateles geoffroyi]	8.91e-12
Q0EAB6.1	N/A	9.08e-12
P30555.1	N/A	9.35e-12
P22909.3	N/A	9.38e-12
Q28003.1	RecName: Full=C-X-C chemokine receptor type 2; Short=CXC-R2; Short=CXCR-2; AltName: Full=High affinity interleukin-8 receptor B; Short=IL-8R B; AltName: CD_antigen=CD182 [Bos taurus]	9.66e-12
Q6XXY0.1	N/A	9.70e-12
Q25322.1	RecName: Full=Putative tyramine receptor 2; AltName: Full=Tyr-Loc2 [Locusta migratoria]	9.76e-12
P35364.1	N/A	9.77e-12
Q5MD61.1	N/A	9.97e-12
Q25321.1	RecName: Full=Tyramine receptor 1; AltName: Full=Tyr-Loc1 [Locusta migratoria]	1.02e-11
P51677.1	N/A	1.04e-11
P42291.1	RecName: Full=D(1C) dopamine receptor [Xenopus laevis]	1.09e-11
P97718.3	N/A	1.10e-11
Q9BDS8.1	RecName: Full=C-C chemokine receptor type 3; Short=C-C CKR-3; Short=CC-CKR-3; Short=CCR-3; Short=CCR3; Short=CKR3; AltName: CD_antigen=CD193 [Macaca fascicularis]	1.13e-11
P30730.1	N/A	1.36e-11
Q5QD04.1	N/A	1.39e-11
Q8R415.2	RecName: Full=Prokineticin receptor 2; Short=PK-R2; AltName: Full=G-protein coupled receptor 73-like 1; AltName: Full=G-protein coupled receptor I5E [Rattus norvegicus]	1.43e-11
Q91V45.1	N/A	1.51e-11
Q28838.3	N/A	1.65e-11
P48303.1	N/A	1.95e-11
P30556.1	N/A	1.96e-11
Q98998.1	N/A	1.98e-11
P56492.1	RecName: Full=C-C chemokine receptor type 3; Short=C-C CKR-3; Short=CC-CKR-3; Short=CCR-3; Short=CCR3; Short=CKR3; AltName: CD_antigen=CD193 [Chlorocebus aethiops]	2.06e-11
Q90WY4.1	RecName: Full=Alpha-2A adrenergic receptor; AltName: Full=Alpha-2A adrenoreceptor; Short=Alpha-2A adrenoceptor; Short=Alpha-2AAR [Danio rerio]	2.20e-11
P41146.1	N/A	2.25e-11
P19327.1	N/A	2.26e-11
P41596.2	N/A	2.32e-11
Q7ZTV5.1	RecName: Full=Follicle-stimulating hormone receptor; Short=FSH-R; AltName: Full=Follitropin receptor; Flags: Precursor [Cairina moschata]	2.32e-11
P79113.1	N/A	2.43e-11
P33533.1	N/A	2.48e-11
Q80T62.2	N/A	2.51e-11
P30098.1	N/A	2.67e-11
Q64264.2	N/A	2.68e-11
Q5QD05.1	N/A	2.70e-11
Q5QD07.1	N/A	2.80e-11
B9VR26.1	N/A	2.84e-11
Q9WU25.2	RecName: Full=Alpha-1A adrenergic receptor; AltName: Full=Alpha-1A adrenoreceptor; Short=Alpha-1A adrenoceptor; AltName: Full=Alpha-1C adrenergic receptor [Cavia porcellus]	2.84e-11
P41143.4	N/A	2.85e-11
Q60474.2	N/A	2.93e-11
P56483.1	RecName: Full=C-C chemokine receptor type 3; Short=C-C CKR-3; Short=CC-CKR-3; Short=CCR-3; Short=CCR3; Short=CKR3; AltName: CD_antigen=CD193 [Macaca mulatta]	3.03e-11
P47748.1	N/A	3.12e-11
P32300.1	N/A	3.12e-11
P18871.2	RecName: Full=Alpha-2A adrenergic receptor; AltName: Full=Alpha-2A adrenoreceptor; Short=Alpha-2A adrenoceptor; Short=Alpha-2AAR [Sus scrofa]	3.25e-11
P70031.1	N/A	3.43e-11
Q5E9P3.1	N/A	3.44e-11
Q98982.1	RecName: Full=Substance-P receptor; Short=SPR; AltName: Full=NK-1 receptor; Short=NK-1R; AltName: Full=Tachykinin receptor 1 [Lithobates catesbeianus]	3.46e-11
C3ZQF9.1	N/A	3.84e-11
P25104.1	N/A	3.89e-11
O02721.1	N/A	4.68e-11
P34997.1	N/A	4.78e-11
P51049.2	N/A	4.88e-11
P31387.1	RecName: Full=5-hydroxytryptamine receptor 5B; Short=5-HT-5B; Short=5-HT5B; AltName: Full=Serotonin receptor 5B [Mus musculus]	5.00e-11
Q9GLN9.1	N/A	5.06e-11
Q923Y6.1	N/A	5.13e-11
P49286.1	N/A	5.43e-11
P79292.1	N/A	5.43e-11
P51046.2	RecName: Full=Melatonin receptor type 1A-A; Short=Mel-1A-R-A; Short=Mel1a receptor A; AltName: Full=Melatonin receptor Mel1a Z1.7-4; AltName: Full=zMel1a1 [Danio rerio]	5.85e-11
P30411.2	N/A	5.92e-11
Q8MJW8.1	N/A	6.39e-11
Q91559.1	N/A	6.55e-11
Q9Y5X5.2	RecName: Full=Neuropeptide FF receptor 2; AltName: Full=G-protein coupled receptor 74; AltName: Full=G-protein coupled receptor HLWAR77; AltName: Full=Neuropeptide G-protein coupled receptor [Homo sapiens]	6.73e-11
O02836.2	N/A	6.79e-11
P97295.2	N/A	6.89e-11
O13076.1	N/A	6.95e-11
P25023.4	RecName: Full=B2 bradykinin receptor; Short=B2R; Short=BK-2 receptor [Rattus norvegicus]	7.16e-11
Q924H0.2	N/A	7.26e-11
P22270.2	N/A	7.29e-11
P28336.2	N/A	7.46e-11
Q5QD06.1	N/A	7.65e-11
P33766.1	N/A	8.10e-11
Q18179.2	N/A	8.15e-11
P18762.2	N/A	8.41e-11
P22888.4	N/A	8.72e-11
Q4KWL2.1	RecName: Full=Beta-2 adrenergic receptor; AltName: Full=Beta-2 adrenoreceptor; Short=Beta-2 adrenoceptor [Tscherskia triton]	8.96e-11
Q923Y4.1	N/A	9.10e-11
P49146.1	N/A	9.54e-11
P51678.2	N/A	9.93e-11
Q9R0M1.1	RecName: Full=Chemokine XC receptor 1; AltName: Full=Lymphotactin receptor; AltName: Full=SCM1 receptor; AltName: Full=XC chemokine receptor 1; AltName: Full=mXCR1 [Mus musculus]	1.01e-10
P42289.1	N/A	1.04e-10
P35405.2	RecName: Full=Alpha-2C adrenergic receptor; AltName: Full=Alpha-2C adrenoreceptor; Short=Alpha-2C adrenoceptor; Short=Alpha-2CAR [Didelphis virginiana]	1.04e-10
Q0II78.1	N/A	1.05e-10
Q8K4Z4.1	N/A	1.21e-10
Q99788.2	N/A	1.25e-10
P18901.2	RecName: Full=D(1A) dopamine receptor; AltName: Full=Dopamine D1 receptor [Rattus norvegicus]	1.31e-10
P51679.1	N/A	1.31e-10
P17124.1	N/A	1.33e-10
Q923Y0.1	N/A	1.34e-10
Q91081.1	RecName: Full=Alpha-2 adrenergic receptor; AltName: Full=Alpha-2 adrenoreceptor; Short=Alpha-2 adrenoceptor [Labrus ossifagus]	1.41e-10
Q8BYC4.1	N/A	1.59e-10
Q05394.1	N/A	1.61e-10
P32302.1	N/A	1.63e-10
Q32ZE2.1	N/A	1.72e-10
Q95136.2	N/A	1.79e-10
P32251.1	RecName: Full=Alpha-2 adrenergic receptor; AltName: Full=Alpha-2 adrenoreceptor; Short=Alpha-2 adrenoceptor [Carassius auratus]	1.81e-10
Q08520.1	RecName: Full=G-protein coupled receptor homolog K2 [Swinepox virus (STRAIN KASZA)]	1.82e-10
Q969F8.2	N/A	1.86e-10
P97292.2	N/A	1.87e-10
Q9WV26.1	N/A	1.89e-10
P32246.1	N/A	1.96e-10
P50407.1	N/A	2.00e-10
P43240.1	RecName: Full=Type-1 angiotensin II receptor; AltName: Full=Angiotensin II type-1 receptor; Short=AT1 [Canis lupus familiaris]	2.00e-10
P79189.1	RecName: Full=fMet-Leu-Phe receptor; Short=fMLP receptor; AltName: Full=N-formyl peptide receptor; Short=FPR; AltName: Full=N-formylpeptide chemoattractant receptor [Macaca mulatta]	2.13e-10
Q60614.2	N/A	2.14e-10
Q17232.1	N/A	2.23e-10
P32305.2	N/A	2.31e-10
P79217.1	N/A	2.33e-10
B1PHQ8.1	N/A	2.33e-10
O77590.2	RecName: Full=Type-1 angiotensin II receptor; AltName: Full=Angiotensin II type-1 receptor; Short=AT1 [Ovis aries]	2.40e-10
P34976.1	N/A	2.58e-10
Q25414.1	RecName: Full=5-hydroxytryptamine receptor; Short=5-HT receptor; AltName: Full=Serotonin receptor [Lymnaea stagnalis]	2.86e-10
Q9TTQ9.1	N/A	2.89e-10
Q28509.1	N/A	2.97e-10
P50130.1	N/A	3.02e-10
Q93126.1	RecName: Full=Probable G-protein coupled receptor No9 [Amphibalanus amphitrite]	3.12e-10
Q9GK74.1	N/A	3.24e-10
O77721.2	RecName: Full=Alpha-2B adrenergic receptor; AltName: Full=Alpha-2B adrenoreceptor; Short=Alpha-2B adrenoceptor; Short=Alpha-2BAR [Equus caballus]	3.27e-10
Q61618.2	RecName: Full=Adenosine receptor A3; AltName: Full=A3AR [Mus musculus]	3.41e-10
P35404.1	RecName: Full=5-hydroxytryptamine receptor 1B; Short=5-HT-1B; Short=5-HT1B; AltName: Full=Serotonin receptor 1B [Didelphis virginiana]	3.44e-10
Q90328.1	RecName: Full=Endothelin receptor type B; Short=ET-B; Short=ET-BR; AltName: Full=Endothelin receptor non-selective type [Coturnix japonica]	3.47e-10
P35365.1	N/A	3.49e-10
Q1LZD0.1	N/A	3.70e-10
P35463.1	N/A	3.96e-10
Q90WY5.1	N/A	4.13e-10
O19012.1	RecName: Full=Alpha-2B adrenergic receptor; AltName: Full=Alpha-2B adrenoreceptor; Short=Alpha-2B adrenoceptor; Short=Alpha-2BAR [Erinaceus europaeus]	4.17e-10
Q8IZ08.2	N/A	4.65e-10
P42288.1	RecName: Full=D(1A) dopamine receptor; AltName: Full=Dopamine D1 receptor [Didelphis virginiana]	4.85e-10
O19014.1	RecName: Full=Alpha-2B adrenergic receptor; AltName: Full=Alpha-2B adrenoreceptor; Short=Alpha-2B adrenoceptor; Short=Alpha-2BAR [Elephas maximus]	4.96e-10
P47751.2	RecName: Full=[Phe13]-bombesin receptor; AltName: Full=Bombesin receptor subtype-4; Short=BRS-4 [Bombina orientalis]	5.10e-10
P79177.1	RecName: Full=N-formyl peptide receptor 2; AltName: Full=FMLP-related receptor I; Short=FMLP-R-I; AltName: Full=Formyl peptide receptor-like 1 [Gorilla gorilla gorilla]	5.11e-10
P28088.1	N/A	5.25e-10
E9QJ73.2	RecName: Full=C-X-C chemokine receptor type 3-2 [Danio rerio]	5.26e-10
P32299.4	N/A	5.29e-10
P25115.1	N/A	5.52e-10
Q810W6.1	N/A	5.62e-10
P04274.1	N/A	5.87e-10
P32304.2	N/A	5.88e-10
P10608.1	RecName: Full=Beta-2 adrenergic receptor; AltName: Full=Beta-2 adrenoreceptor; Short=Beta-2 adrenoceptor [Rattus norvegicus]	5.98e-10
O19032.1	RecName: Full=Alpha-2B adrenergic receptor; AltName: Full=Alpha-2B adrenoreceptor; Short=Alpha-2B adrenoceptor; Short=Alpha-2BAR [Orycteropus afer]	6.47e-10
A0T2N3.1	N/A	6.62e-10
P24053.1	N/A	6.70e-10
P35343.1	N/A	6.80e-10
O77700.2	RecName: Full=Alpha-2B adrenergic receptor; AltName: Full=Alpha-2B adrenoreceptor; Short=Alpha-2B adrenoceptor; Short=Alpha-2BAR [Bos taurus]	6.99e-10
P21451.2	N/A	7.19e-10
Q9Z2I3.1	N/A	7.35e-10
Q924U1.2	RecName: Full=KiSS-1 receptor; Short=KiSS-1R; AltName: Full=G-protein coupled receptor 54; AltName: Full=G-protein coupled receptor OT7T175; Short=rOT7T175; AltName: Full=Kisspeptins receptor; AltName: Full=Metastin receptor [Rattus norvegicus]	7.61e-10
P54833.1	N/A	7.70e-10
O77680.1	N/A	8.08e-10
P16582.1	N/A	8.26e-10
P0C7U4.1	RecName: Full=C3a anaphylatoxin chemotactic receptor; Short=C3AR; Short=C3a-R [Danio rerio]	8.69e-10
Q61616.2	N/A	8.84e-10
Q56UD9.1	N/A	9.92e-10
P30731.2	N/A	9.93e-10
Q969N4.1	N/A	9.97e-10
P49681.2	N/A	1.02e-09
P51680.2	N/A	1.09e-09
Q9Z2D5.1	RecName: Full=Neuropeptide Y receptor type 2; Short=NPY2-R; AltName: Full=NPY-Y2 receptor; Short=Y2 receptor [Cavia porcellus]	1.15e-09
Q9TST5.1	N/A	1.15e-09
P56484.1	N/A	1.17e-09
P29276.1	N/A	1.28e-09
O02667.1	RecName: Full=Adenosine receptor A3 [Oryctolagus cuniculus]	1.29e-09
O19025.2	RecName: Full=Alpha-2B adrenergic receptor; AltName: Full=Alpha-2B adrenoreceptor; Short=Alpha-2B adrenoceptor; Short=Alpha-2BAR [Macroscelides proboscideus]	1.33e-09
Q63447.1	RecName: Full=Neuropeptide Y receptor type 4; Short=NPY4-R; AltName: Full=Pancreatic polypeptide receptor 1; Short=PP1 [Rattus norvegicus]	1.33e-09
Q60475.1	RecName: Full=Alpha-2B adrenergic receptor; AltName: Full=Alpha-2B adrenoreceptor; Short=Alpha-2B adrenoceptor; Short=Alpha-2BAR [Cavia porcellus]	1.43e-09
O62709.2	RecName: Full=Endothelin receptor type B; Short=ET-B; Short=ET-BR; AltName: Full=Endothelin receptor non-selective type; Flags: Precursor [Equus caballus]	1.46e-09
P25089.2	N/A	1.57e-09
P07550.3	N/A	1.57e-09
P08911.1	N/A	1.62e-09
P34969.2	N/A	1.67e-09
P56497.3	RecName: Full=Endothelin receptor type B; Short=ET-B; Short=ET-BR; AltName: Full=Endothelin receptor non-selective type; Flags: Precursor [Canis lupus familiaris]	1.68e-09
P30550.1	N/A	1.72e-09
Q8K1Z6.1	N/A	1.80e-09
O77713.2	RecName: Full=Alpha-2B adrenergic receptor; AltName: Full=Alpha-2B adrenoreceptor; Short=Alpha-2B adrenoceptor; Short=Alpha-2BAR [Dugong dugon]	1.85e-09
P79242.1	RecName: Full=N-formyl peptide receptor 2; AltName: Full=FMLP-related receptor I; Short=FMLP-R-I; AltName: Full=Formyl peptide receptor-like 1 [Pan troglodytes]	1.94e-09
P25090.2	N/A	1.96e-09
Q28044.2	N/A	2.10e-09
P21728.1	N/A	2.26e-09
P08913.4	N/A	2.29e-09
P79236.1	RecName: Full=N-formyl peptide receptor 2; AltName: Full=FMLP-related receptor I; Short=FMLP-R-I; AltName: Full=Formyl peptide receptor-like 1 [Pongo pygmaeus]	2.30e-09
Q5QD14.1	N/A	2.35e-09
O18935.2	RecName: Full=Alpha-2B adrenergic receptor; AltName: Full=Alpha-2B adrenoreceptor; Short=Alpha-2B adrenoceptor; Short=Alpha-2BAR [Amblysomus hottentotus]	2.35e-09
P18089.4	N/A	2.36e-09
Q5QD23.1	N/A	2.43e-09
P24530.1	N/A	2.47e-09
P08912.2	N/A	2.77e-09
Q64H34.1	N/A	3.03e-09
Q5IS53.1	N/A	3.08e-09
Q99JA4.1	N/A	3.22e-09
O88626.1	RecName: Full=Galanin receptor type 3; Short=GAL3-R; Short=GALR-3 [Rattus norvegicus]	3.43e-09
P19328.2	N/A	3.43e-09
Q9N0W7.1	N/A	3.50e-09
P28222.1	N/A	3.54e-09
P30545.2	RecName: Full=Alpha-2B adrenergic receptor; AltName: Full=Alpha-2B adrenoreceptor; Short=Alpha-2B adrenoceptor; Short=Alpha-2BAR [Mus musculus]	3.56e-09
Q8JG70.1	RecName: Full=Alpha-2Da adrenergic receptor; AltName: Full=Alpha-2Da adrenoceptor; Short=Alpha(2Da)AR; AltName: Full=Alpha-2Da adrenoreceptor [Danio rerio]	3.57e-09
O01670.1	RecName: Full=Octopamine receptor 2; Short=OA2 [Lymnaea stagnalis]	3.77e-09
O88536.1	N/A	3.94e-09
Q920H4.2	N/A	4.06e-09
Q29010.1	N/A	4.16e-09
Q2V2K5.1	RecName: Full=Gonadotropin-releasing hormone receptor; Short=GnRH receptor; Short=GnRH-R; Short=oct-GnRHR [Octopus vulgaris]	4.29e-09
O19054.1	RecName: Full=Alpha-2B adrenergic receptor; AltName: Full=Alpha-2B adrenoreceptor; Short=Alpha-2B adrenoceptor; Short=Alpha-2BAR [Procavia capensis habessinica]	4.42e-09
Q9GLX8.1	RecName: Full=B2 bradykinin receptor; Short=B2R; Short=BK-2 receptor [Sus scrofa]	4.56e-09
Q9NYM4.2	N/A	4.63e-09
P25102.1	N/A	4.74e-09
O54799.1	N/A	4.80e-09
Q8MJV2.1	N/A	4.87e-09
P30993.2	N/A	4.90e-09
Q9N2B7.1	RecName: Full=5-hydroxytryptamine receptor 1B; Short=5-HT-1B; Short=5-HT1B; AltName: Full=Serotonin receptor 1B [Gorilla gorilla gorilla]	5.02e-09
O77621.1	RecName: Full=Alpha-1A adrenergic receptor; AltName: Full=Alpha-1A adrenoreceptor; Short=Alpha-1A adrenoceptor; AltName: Full=Alpha-1C adrenergic receptor [Canis lupus familiaris]	5.20e-09
Q28558.2	N/A	5.51e-09
P11614.1	N/A	5.98e-09
P08483.1	N/A	6.05e-09
P56490.1	N/A	6.27e-09
Q60476.1	RecName: Full=Alpha-2C adrenergic receptor; AltName: Full=Alpha-2C adrenoreceptor; Short=Alpha-2C adrenoceptor; Short=Alpha-2CAR [Cavia porcellus]	6.37e-09
P21462.3	N/A	6.82e-09
O77830.2	RecName: Full=Alpha-2B adrenergic receptor; AltName: Full=Alpha-2B adrenoreceptor; Short=Alpha-2B adrenoceptor; Short=Alpha-2BAR [Oryctolagus cuniculus]	6.84e-09
Q8JG69.1	N/A	6.92e-09
P20905.1	N/A	6.99e-09
Q23497.1	RecName: Full=Galanin-like G-protein coupled receptor npr-9; AltName: Full=Probable neuropeptide receptor 9 [Caenorhabditis elegans]	7.39e-09
P22086.2	N/A	7.52e-09
P79235.1	RecName: Full=fMet-Leu-Phe receptor; Short=fMLP receptor; AltName: Full=N-formyl peptide receptor; Short=FPR; AltName: Full=N-formylpeptide chemoattractant receptor [Pongo pygmaeus]	7.53e-09
P58406.1	N/A	7.54e-09
Q28997.2	N/A	7.62e-09
Q9QYN8.1	N/A	7.67e-09
P48302.1	N/A	7.69e-09
Q9TST4.1	N/A	7.70e-09
P79243.1	RecName: Full=N-formyl peptide receptor 3; AltName: Full=FMLP-related receptor II; Short=FMLP-R-II; AltName: Full=Formyl peptide receptor-like 2 [Pan troglodytes]	8.21e-09
Q01337.1	N/A	8.30e-09
P49288.1	N/A	8.47e-09
O00421.2	N/A	8.48e-09
Q588Y6.1	N/A	8.66e-09
P0DMS8.1	N/A	8.68e-09
Q28642.1	RecName: Full=B2 bradykinin receptor; Short=B2R; Short=BK-2 receptor [Oryctolagus cuniculus]	9.05e-09
Q9P1P4.1	PUTATIVE PSEUDOGENE: RecName: Full=Putative trace amine-associated receptor 3; Short=TaR-3; Short=Trace amine receptor 3; Short=hTaar3; AltName: Full=G-protein coupled receptor 57 [Homo sapiens]	9.15e-09
P79241.1	RecName: Full=fMet-Leu-Phe receptor; Short=fMLP receptor; AltName: Full=N-formyl peptide receptor; Short=FPR; AltName: Full=N-formylpeptide chemoattractant receptor [Pan troglodytes]	9.19e-09
Q9N2B1.1	N/A	1.02e-08
Q9NPB9.1	N/A	1.08e-08
P51050.1	RecName: Full=Melatonin receptor type 1B; Short=Mel-1B-R; Short=Mel1b receptor [Gallus gallus]	1.10e-08
P49144.1	N/A	1.12e-08
Q2YEG2.1	RecName: Full=C-X-C chemokine receptor type 1; Short=CXC-R1; Short=CXCR-1; AltName: Full=High affinity interleukin-8 receptor A; Short=IL-8R A; AltName: Full=IL-8 receptor type 1; AltName: CD_antigen=CD181 [Hoolock hoolock]	1.26e-08
Q13585.3	N/A	1.29e-08
Q9EQD2.1	N/A	1.36e-08
P79250.2	N/A	1.43e-08
Q9JI35.2	N/A	1.54e-08
P79191.1	RecName: Full=N-formyl peptide receptor 3; AltName: Full=FMLP-related receptor II; Short=FMLP-R-II; AltName: Full=Formyl peptide receptor-like 2 [Macaca mulatta]	1.54e-08
P79237.1	RecName: Full=N-formyl peptide receptor 3; AltName: Full=FMLP-related receptor II; Short=FMLP-R-II; AltName: Full=Formyl peptide receptor-like 2 [Pongo pygmaeus]	1.59e-08
Q6XXX8.1	N/A	1.61e-08
O88853.2	N/A	1.64e-08
Q5KSK8.1	RecName: Full=C-X-C chemokine receptor type 3; Short=CXC-R3; Short=CXCR-3; AltName: Full=Interferon-inducible protein 10 receptor; Short=IP-10 receptor; AltName: CD_antigen=CD183 [Canis lupus familiaris]	1.70e-08
Q95NC9.1	RecName: Full=C-C chemokine receptor type 5; Short=C-C CKR-5; Short=CC-CKR-5; Short=CCR-5; Short=CCR5; AltName: CD_antigen=CD195 [Alouatta seniculus]	1.73e-08
O02213.4	N/A	1.73e-08
P35367.1	N/A	1.81e-08
P18825.2	N/A	1.88e-08
Q28031.1	N/A	1.92e-08
Q75ZH0.1	N/A	1.96e-08
Q61121.2	N/A	1.97e-08
P70585.2	N/A	2.08e-08
P31389.1	RecName: Full=Histamine H1 receptor; Short=H1R; Short=HH1R [Cavia porcellus]	2.14e-08
Q14330.2	N/A	2.18e-08
Q6VB83.1	N/A	2.23e-08
P21450.2	N/A	2.31e-08
P50052.1	N/A	2.32e-08
P55919.1	RecName: Full=C-X-C chemokine receptor type 1; Short=CXC-R1; Short=CXCR-1; AltName: Full=High affinity interleukin-8 receptor A; Short=IL-8R A; AltName: Full=IL-8 receptor type 1; AltName: CD_antigen=CD181 [Gorilla gorilla gorilla]	2.33e-08
P32303.2	N/A	2.43e-08
P79190.1	RecName: Full=N-formyl peptide receptor 2; AltName: Full=FMLP-related receptor I; Short=FMLP-R-I; AltName: Full=Formyl peptide receptor-like 1 [Macaca mulatta]	2.53e-08
E7EM37.1	N/A	2.71e-08
Q28005.1	N/A	2.76e-08
Q6NS65.1	N/A	2.81e-08
P49682.2	N/A	2.82e-08
Q5KSU9.2	N/A	2.86e-08
P43142.1	RecName: Full=G-protein coupled receptor 182; AltName: Full=G10D; AltName: Full=NOW [Mus musculus]	2.93e-08
Q9N2B2.1	N/A	3.00e-08
Q8BLD9.1	N/A	3.07e-08
Q8BZ39.1	N/A	3.17e-08
Q90352.1	RecName: Full=[Arg8]-vasotocin receptor; Short=AVT [Catostomus commersonii]	3.36e-08
Q9ERZ3.1	N/A	3.53e-08
P28564.1	N/A	3.57e-08
P97468.1	N/A	3.60e-08
Q71MR7.2	N/A	3.60e-08
P61793.1	N/A	3.74e-08
Q9XSD7.1	RecName: Full=C-C chemokine receptor-like 2 [Macaca mulatta]	3.76e-08
Q8ITC7.3	N/A	3.79e-08
P28221.1	N/A	3.90e-08
P46628.1	N/A	3.95e-08
Q9ESQ4.2	N/A	4.08e-08
Q9Y5N1.2	N/A	4.21e-08
Q13304.2	N/A	4.29e-08
Q2NNR5.1	N/A	4.47e-08
P25101.1	N/A	4.60e-08
P28334.1	N/A	4.63e-08
Q9WUT7.1	N/A	4.94e-08
P79176.1	RecName: Full=fMet-Leu-Phe receptor; Short=fMLP receptor; AltName: Full=N-formyl peptide receptor; Short=FPR; AltName: Full=N-formylpeptide chemoattractant receptor [Gorilla gorilla gorilla]	5.01e-08
Q09QM4.1	N/A	5.19e-08
Q6YNB6.1	RecName: Full=Follicle-stimulating hormone receptor; Short=FSH-R; AltName: Full=Follitropin receptor; Flags: Precursor [Notamacropus eugenii]	5.24e-08
Q9VCZ3.1	N/A	5.50e-08
P48145.2	N/A	5.61e-08
P79148.1	RecName: Full=Beta-1 adrenergic receptor; AltName: Full=Beta-1 adrenoreceptor; Short=Beta-1 adrenoceptor [Canis lupus familiaris]	5.72e-08
P31392.3	RecName: Full=G-protein coupled receptor 182; AltName: Full=G10D; AltName: Full=NOW [Rattus norvegicus]	5.78e-08
O88495.3	N/A	6.06e-08
Q9Z0Z6.1	N/A	6.11e-08
O02662.1	RecName: Full=Beta-3 adrenergic receptor; AltName: Full=Beta-3 adrenoreceptor; Short=Beta-3 adrenoceptor [Canis lupus familiaris]	6.25e-08
Q6VMN6.2	N/A	6.31e-08
Q4R613.1	N/A	6.39e-08
O88410.2	N/A	7.02e-08
P29274.2	N/A	7.14e-08
Q61614.3	N/A	7.51e-08
Q15760.2	N/A	8.29e-08
Q4VA82.1	N/A	8.32e-08
P43141.1	N/A	8.52e-08
Q9N2B6.1	RecName: Full=5-hydroxytryptamine receptor 1E; Short=5-HT-1E; Short=5-HT1E; AltName: Full=Serotonin receptor 1E [Pan troglodytes]	8.91e-08
G4WMX4.1	N/A	9.27e-08
Q9N2B0.1	N/A	9.34e-08
P28566.1	N/A	9.46e-08
P51684.2	N/A	1.00e-07
Q2TAD5.1	RecName: Full=Apelin receptor B; AltName: Full=Angiotensin receptor-like 1b; AltName: Full=Angiotensin receptor-related protein B; AltName: Full=G-protein coupled receptor APJ-B; Short=APJb [Xenopus laevis]	1.07e-07
P97639.4	N/A	1.07e-07
P35351.1	N/A	1.08e-07
O14804.2	N/A	1.08e-07
O60755.1	N/A	1.12e-07
Q924I3.1	N/A	1.12e-07
Q5QD25.1	N/A	1.14e-07
Q95252.2	RecName: Full=Beta-3 adrenergic receptor; AltName: Full=Beta-3 adrenoreceptor; Short=Beta-3 adrenoceptor [Sus scrofa]	1.14e-07
O77715.1	RecName: Full=Alpha-2B adrenergic receptor; AltName: Full=Alpha-2B adrenoreceptor; Short=Alpha-2B adrenoceptor; Short=Alpha-2BAR [Didelphis virginiana]	1.15e-07
Q92633.3	N/A	1.17e-07
Q0VC81.1	N/A	1.22e-07
P46636.1	N/A	1.23e-07
Q9XT57.1	RecName: Full=Beta-3 adrenergic receptor; AltName: Full=Beta-3 adrenoreceptor; Short=Beta-3 adrenoceptor [Capra hircus]	1.25e-07
Q64121.1	N/A	1.35e-07
P07700.1	N/A	1.41e-07
P79178.1	RecName: Full=N-formyl peptide receptor 3; AltName: Full=FMLP-related receptor II; Short=FMLP-R-II; AltName: Full=Formyl peptide receptor-like 2 [Gorilla gorilla gorilla]	1.44e-07
Q9J5H4.1	N/A	1.46e-07
P56496.1	RecName: Full=5-hydroxytryptamine receptor 1B; Short=5-HT-1B; Short=5-HT1B; AltName: Full=Serotonin receptor 1B [Nannospalax ehrenbergi]	1.47e-07
Q28998.2	N/A	1.48e-07
Q5R949.1	N/A	1.53e-07
P35374.1	N/A	1.54e-07
P49145.1	N/A	1.61e-07
Q28524.1	N/A	1.63e-07
Q6TLI7.1	N/A	1.65e-07
Q5QD28.1	N/A	1.68e-07
P35344.1	N/A	1.72e-07
P51676.2	N/A	1.75e-07
P16473.2	RecName: Full=Thyrotropin receptor; AltName: Full=Thyroid-stimulating hormone receptor; Short=TSH-R; Flags: Precursor [Homo sapiens]	1.88e-07
P21918.2	N/A	1.89e-07
P32229.1	RecName: Full=G-protein coupled receptor homolog C3 [Swinepox virus (STRAIN KASZA)]	1.90e-07
Q8MJ08.1	N/A	2.07e-07
P26684.2	RecName: Full=Endothelin-1 receptor; AltName: Full=Endothelin receptor type A; Short=ET-A; Short=ET-AR; Flags: Precursor [Rattus norvegicus]	2.14e-07
P30372.1	N/A	2.20e-07
P51685.1	N/A	2.26e-07
P79763.1	N/A	2.32e-07
P56489.1	N/A	2.34e-07
P50406.1	N/A	2.40e-07
Q9Z0L1.1	N/A	2.42e-07
Q58CW4.1	N/A	2.50e-07
Q9XT58.2	N/A	2.54e-07
Q95L55.1	N/A	2.54e-07
O97571.1	RecName: Full=C-X-C chemokine receptor type 2; Short=CXC-R2; Short=CXCR-2; AltName: Full=GRO/MGSA receptor; AltName: Full=High affinity interleukin-8 receptor B; Short=IL-8R B; AltName: CD_antigen=CD182 [Canis lupus familiaris]	2.62e-07
P08482.1	N/A	2.65e-07
P12657.2	N/A	2.72e-07
P30546.1	RecName: Full=Histamine H1 receptor; Short=H1R; Short=HH1R [Bos taurus]	2.72e-07
Q9JHG3.1	N/A	2.75e-07
Q9PUQ8.1	RecName: Full=Sphingosine 1-phosphate receptor 3; Short=S1P receptor 3; Short=S1P3; AltName: Full=Sphingosine 1-phosphate receptor Edg-3; Short=S1P receptor Edg-3 [Takifugu rubripes]	2.83e-07
Q9P1P5.2	N/A	2.87e-07
P49578.1	N/A	2.92e-07
P11229.2	N/A	2.94e-07
P35350.1	N/A	3.05e-07
P25100.2	N/A	3.05e-07
P04761.1	N/A	3.16e-07
Q9TT96.2	RecName: Full=Beta-1 adrenergic receptor; AltName: Full=Beta-1 adrenoreceptor; Short=Beta-1 adrenoceptor [Bos taurus]	3.28e-07
O08892.1	N/A	3.42e-07
Q5IS65.1	N/A	3.46e-07
O42384.1	RecName: Full=5-hydroxytryptamine receptor 1A-beta; Short=5-HT-1A-beta; Short=5-HT1A-beta; AltName: Full=F1B; AltName: Full=Serotonin receptor 1A-beta [Takifugu rubripes]	3.55e-07
Q5R4Q6.1	N/A	3.70e-07
Q9N2A2.1	RecName: Full=Muscarinic acetylcholine receptor M3 [Pongo pygmaeus]	3.80e-07
O55040.2	N/A	3.83e-07
Q28927.2	RecName: Full=Beta-1 adrenergic receptor; AltName: Full=Beta-1 adrenoreceptor; Short=BETA1AR; Short=Beta-1 adrenoceptor [Ovis aries]	3.92e-07
P20309.1	N/A	4.01e-07
Q9N2A4.1	N/A	4.04e-07
P25024.2	N/A	4.29e-07
Q9EP86.1	RecName: Full=Neuropeptide FF receptor 1; AltName: Full=G-protein coupled receptor 147; AltName: Full=RFamide-related peptide receptor OT7T022 [Rattus norvegicus]	4.30e-07
Q3SXG2.1	N/A	4.31e-07
Q9N2A3.1	N/A	4.38e-07
Q5QD17.1	N/A	4.55e-07
P11483.1	N/A	4.87e-07
Q15761.2	N/A	4.89e-07
Q28309.1	N/A	4.90e-07
Q8MJV3.1	RecName: Full=Neuropeptides B/W receptor type 1; AltName: Full=G-protein coupled receptor 7 [Bos taurus]	5.27e-07
Q8MJ89.2	RecName: Full=Melanin-concentrating hormone receptor 1; Short=MCH receptor 1; Short=MCH-R1; Short=MCHR-1; AltName: Full=G-protein coupled receptor 24; AltName: Full=MCH-1R; Short=MCH1R; Short=MCHR [Macaca mulatta]	5.53e-07
Q8SPP9.2	RecName: Full=Thyrotropin receptor; AltName: Full=Thyroid-stimulating hormone receptor; Short=TSH-R; Flags: Precursor [Sus scrofa]	5.55e-07
P32212.2	N/A	5.55e-07
O70342.2	N/A	5.58e-07
P28223.2	N/A	5.98e-07
Q99463.1	PUTATIVE PSEUDOGENE: RecName: Full=Putative neuropeptide Y receptor type 6; Short=NPY6-R; AltName: Full=NPY Y1-like receptor; AltName: Full=Putative pancreatic polypeptide receptor 2; Short=PP2 [Homo sapiens]	5.98e-07
P23945.3	RecName: Full=Follicle-stimulating hormone receptor; Short=FSH-R; AltName: Full=Follitropin receptor; Flags: Precursor [Homo sapiens]	6.01e-07
Q63634.2	N/A	6.05e-07
P21761.1	N/A	6.06e-07
O46639.1	N/A	6.42e-07
P50128.1	N/A	6.47e-07
Q8JZL2.3	N/A	6.48e-07
Q9GZQ4.2	N/A	6.48e-07
Q9TTM9.1	N/A	6.69e-07
P41984.1	N/A	6.86e-07
Q5IJ49.1	N/A	6.93e-07
P31390.1	N/A	7.03e-07
A4FUQ5.2	N/A	7.06e-07
Q9PU17.1	N/A	7.25e-07
P79960.2	N/A	7.29e-07
P34981.1	N/A	7.60e-07
Q6R6L8.1	N/A	7.96e-07
P24628.1	N/A	8.00e-07
Q99677.1	N/A	8.02e-07
Q0EAB5.1	N/A	8.15e-07
Q9JII9.1	N/A	8.54e-07
O15529.1	N/A	8.59e-07
O19091.1	RecName: Full=Alpha-2B adrenergic receptor; AltName: Full=Alpha-2B adrenoreceptor; Short=Alpha-2B adrenoceptor; Short=Alpha-2BAR [Talpa europaea]	8.66e-07
A1ZAX0.2	N/A	8.84e-07
Q8NGB4.1	N/A	9.00e-07
P55920.1	N/A	9.10e-07
P25962.2	N/A	9.45e-07
P70174.2	N/A	9.61e-07
P46090.1	N/A	9.87e-07
Q8BZA7.1	N/A	1.00e-06
Q5GJ04.1	N/A	1.01e-06
Q01717.1	N/A	1.03e-06
Q8SQ54.1	N/A	1.06e-06
P79748.1	RecName: Full=5-hydroxytryptamine receptor 1D; Short=5-HT-1D; Short=5-HT1D; Short=5HT1D; AltName: Full=F1D; AltName: Full=Serotonin receptor 1D [Takifugu rubripes]	1.07e-06
A1A5S3.1	N/A	1.08e-06
Q99527.1	N/A	1.10e-06
Q7ZXJ7.1	N/A	1.11e-06
P28286.3	N/A	1.19e-06
P97520.1	N/A	1.19e-06
Q9QXI3.1	N/A	1.19e-06
P50129.1	N/A	1.20e-06
Q28596.1	N/A	1.31e-06
P56482.1	N/A	1.40e-06
Q3T0E9.1	N/A	1.45e-06
O77723.1	RecName: Full=Alpha-2B adrenergic receptor; AltName: Full=Alpha-2B adrenoreceptor; Short=Alpha-2B adrenoceptor; Short=Alpha-2BAR [Echinops telfairi]	1.51e-06
O62729.1	N/A	1.68e-06
Q75Z89.1	N/A	1.68e-06
P46094.1	N/A	1.70e-06
Q90334.1	RecName: Full=Isotocin receptor; Short=ITR [Catostomus commersonii]	1.71e-06
P35342.1	RecName: Full=Adenosine receptor A3 [Ovis aries]	1.84e-06
P49220.2	N/A	1.99e-06
Q9TUE1.1	RecName: Full=C5a anaphylatoxin chemotactic receptor 1; AltName: Full=C5a anaphylatoxin chemotactic receptor; Short=C5a-R; Short=C5aR; AltName: CD_antigen=CD88 [Oryctolagus cuniculus]	2.15e-06
Q924T8.1	N/A	2.17e-06
Q4EW11.1	N/A	2.18e-06
Q8MJ88.1	N/A	2.19e-06
Q5IS66.1	RecName: Full=5-hydroxytryptamine receptor 2C; Short=5-HT-2C; Short=5-HT2C; Short=5-HTR2C; AltName: Full=Serotonin receptor 2C; Flags: Precursor [Pan troglodytes]	2.25e-06
P47774.2	N/A	2.35e-06
O88634.2	N/A	2.36e-06
F7EQ49.1	N/A	2.41e-06
O77408.1	RecName: Full=Octopamine receptor 1; Short=OA1 [Lymnaea stagnalis]	2.48e-06
O97969.1	N/A	2.59e-06
Q8BX79.1	N/A	2.61e-06
P11617.1	N/A	2.65e-06
Q2Y2P0.1	N/A	2.68e-06
Q7JQF1.1	N/A	2.79e-06
Q9Z0U9.1	N/A	2.91e-06
O02769.1	RecName: Full=Melatonin receptor type 1A; Short=Mel-1A-R; Short=Mel1a receptor [Bos taurus]	3.15e-06
P48043.1	RecName: Full=Vasopressin V1a receptor; Short=V1aR; AltName: Full=AVPR V1a; AltName: Full=Antidiuretic hormone receptor 1a; AltName: Full=Vascular/hepatic-type arginine vasopressin receptor [Ovis aries]	3.20e-06
Q9EQ16.1	N/A	3.28e-06
Q60484.1	N/A	3.40e-06
P32248.2	N/A	3.60e-06
P43114.1	RecName: Full=Prostaglandin E2 receptor EP4 subtype; Short=PGE receptor EP4 subtype; Short=PGE2 receptor EP4 subtype; AltName: Full=Prostanoid EP4 receptor [Rattus norvegicus]	3.78e-06
O73810.1	N/A	3.83e-06
O35786.1	RecName: Full=Chemokine-like receptor 1; AltName: Full=G-protein coupled chemoattractant-like receptor; AltName: Full=G-protein coupled receptor DEZ [Rattus norvegicus]	3.90e-06
P35363.1	N/A	4.22e-06
Q28691.1	N/A	4.31e-06
O54689.1	N/A	4.41e-06
Q9BGN4.1	N/A	4.43e-06
P35408.1	N/A	4.59e-06
O97665.1	RecName: Full=C-C chemokine receptor type 8; Short=C-C CKR-8; Short=CC-CKR-8; Short=CCR-8; AltName: CD_antigen=CDw198 [Macaca mulatta]	4.64e-06
O46635.2	N/A	4.64e-06
Q5QD16.1	N/A	4.70e-06
P34968.2	N/A	4.78e-06
P08909.1	N/A	4.83e-06
Q4LBB9.2	N/A	4.92e-06
P47799.1	RecName: Full=Follicle-stimulating hormone receptor; Short=FSH-R; AltName: Full=Follitropin receptor; Flags: Precursor [Equus caballus]	5.16e-06
P14842.1	N/A	5.17e-06
O88537.2	N/A	5.19e-06
Q8K087.1	N/A	5.60e-06
Q9U7D5.2	N/A	5.61e-06
Q9R1C8.1	N/A	5.75e-06
P51675.2	N/A	5.78e-06
B2GV46.1	N/A	5.86e-06
G3M4F8.1	RecName: Full=Octopamine receptor beta-2R; Short=CsOA2B2 [Chilo suppressalis]	5.99e-06
Q99679.1	N/A	6.10e-06
P0C5J4.1	N/A	6.48e-06
Q9DDK4.2	RecName: Full=Sphingosine 1-phosphate receptor 1; Short=S1P receptor 1; Short=S1P1; AltName: Full=Sphingosine 1-phosphate receptor Edg-1; Short=S1P receptor Edg-1 [Danio rerio]	6.50e-06
Q8BLG2.2	N/A	6.52e-06
Q18775.2	N/A	6.80e-06
Q92847.1	N/A	6.81e-06
P16395.2	N/A	7.04e-06
Q9PU16.1	N/A	7.31e-06
Q95KZ0.1	N/A	7.54e-06
Q9WV08.1	N/A	7.58e-06
Q2YEF9.1	RecName: Full=C-X-C chemokine receptor type 1; Short=CXC-R1; Short=CXCR-1; AltName: Full=High affinity interleukin-8 receptor A; Short=IL-8R A; AltName: Full=IL-8 receptor type 1; AltName: CD_antigen=CD181 [Pongo pygmaeus]	7.95e-06
Q95254.1	N/A	8.21e-06
Q8NDV2.1	N/A	8.71e-06
P30992.1	N/A	8.88e-06
O42329.2	RecName: Full=Gonadotropin-releasing hormone II receptor; Short=GnRH II receptor; Short=GnRH-II-R; AltName: Full=Type II GnRH receptor [Clarias gariepinus]	8.94e-06
Q923Y9.1	RecName: Full=Trace amine-associated receptor 1; Short=TaR-1; Short=Trace amine receptor 1 [Rattus norvegicus]	9.20e-06
O02300.1	N/A	9.95e-06
Q969V1.1	N/A	1.01e-05
Q99P50.3	N/A	1.07e-05
P32240.1	N/A	1.13e-05
O35457.2	N/A	1.18e-05
P79188.1	RecName: Full=C5a anaphylatoxin chemotactic receptor 1; AltName: Full=C5a anaphylatoxin chemotactic receptor; Short=C5a-R; Short=C5aR; AltName: CD_antigen=CD88 [Macaca mulatta]	1.21e-05
Q49SP8.1	N/A	1.23e-05
Q99678.2	N/A	1.23e-05
Q8R416.1	N/A	1.27e-05
Q9UBY5.1	N/A	1.31e-05
P47775.1	N/A	1.37e-05
P51686.2	N/A	1.40e-05
P21463.2	N/A	1.47e-05
P70115.1	N/A	1.52e-05
Q8UUY8.1	N/A	1.54e-05
P11615.1	RecName: Full=Alpha-1B adrenergic receptor; AltName: Full=Alpha-1B adrenoreceptor; Short=Alpha-1B adrenoceptor [Canis lupus familiaris]	1.56e-05
P35379.1	N/A	1.59e-05
Q28585.1	RecName: Full=Lutropin-choriogonadotropic hormone receptor; Short=LH/CG-R; AltName: Full=Luteinizing hormone receptor; Short=LSH-R [Ovis aries]	1.64e-05
P31388.2	RecName: Full=5-hydroxytryptamine receptor 6; Short=5-HT-6; Short=5-HT6; AltName: Full=ST-B17; AltName: Full=Serotonin receptor 6 [Rattus norvegicus]	1.65e-05
P35373.1	N/A	1.72e-05
P70536.2	N/A	1.74e-05
P14763.1	N/A	1.75e-05
P46626.1	N/A	1.87e-05
O97664.1	N/A	1.93e-05
Q99500.2	N/A	2.02e-05
P49684.2	N/A	2.23e-05
Q6RYS9.1	N/A	2.32e-05
Q4LBB6.4	N/A	2.37e-05
Q5QD24.1	N/A	2.39e-05
P35376.1	N/A	2.46e-05
Q49SQ3.1	N/A	2.61e-05
Q8IS44.2	N/A	2.69e-05
Q8BMP4.2	N/A	2.71e-05
Q49SQ1.1	N/A	2.75e-05
P49683.3	N/A	2.88e-05
Q923Y8.1	N/A	2.92e-05
P11613.1	N/A	2.98e-05
P79240.2	N/A	3.02e-05
O08725.1	N/A	3.05e-05
O02664.1	RecName: Full=D(1A) dopamine receptor; AltName: Full=Dopamine D1 receptor [Oryctolagus cuniculus]	3.06e-05
P20395.1	N/A	3.19e-05
P08173.2	N/A	3.33e-05
P79175.2	RecName: Full=C5a anaphylatoxin chemotactic receptor 1; AltName: Full=C5a anaphylatoxin chemotactic receptor; Short=C5a-R; Short=C5aR; AltName: CD_antigen=CD88 [Gorilla gorilla gorilla]	3.39e-05
P21730.2	N/A	3.42e-05
P30940.1	RecName: Full=5-hydroxytryptamine receptor 1F; Short=5-HT-1F; Short=5-HT1F; AltName: Full=Serotonin receptor 1F [Rattus norvegicus]	3.44e-05
A5A4L1.1	N/A	3.47e-05
O95136.2	N/A	3.51e-05
Q0VDU3.2	N/A	3.51e-05
P53453.1	N/A	3.53e-05
P08485.1	RecName: Full=Muscarinic acetylcholine receptor M4 [Rattus norvegicus]	3.54e-05
P61169.1	N/A	3.63e-05
O62809.2	N/A	3.66e-05
P61168.2	N/A	3.70e-05
Q61H86.2	RecName: Full=Dopamine receptor 3 [Caenorhabditis briggsae]	3.81e-05
Q9GJU1.1	N/A	3.93e-05
O43614.2	N/A	3.93e-05
P23944.2	N/A	4.14e-05
P32211.1	N/A	4.15e-05
O08878.1	N/A	4.20e-05
Q49SQ2.1	N/A	4.38e-05
Q2KI97.1	N/A	4.58e-05
O89039.2	N/A	4.61e-05
Q60613.3	N/A	4.73e-05
P30939.1	N/A	4.78e-05
Q16951.1	RecName: Full=5-hydroxytryptamine receptor 2; AltName: Full=5-HTB2; AltName: Full=Serotonin receptor 2 [Aplysia californica]	4.91e-05
