O01668.1	N/A	0.0
Q94741.1	RecName: Full=Opsin-1 [Schistocerca gregaria]	1.77e-167
P35362.1	RecName: Full=Rhodopsin; Short=Opsin [Sphodromantis sp.]	6.72e-161
O02464.2	RecName: Full=Opsin-1; Short=MANOP1; AltName: Full=Rhodopsin 1, long-wavelength; AltName: Full=Rhodopsin P520 [Manduca sexta]	9.66e-161
Q17292.1	N/A	2.69e-159
Q95YI3.1	N/A	3.05e-156
Q17296.1	RecName: Full=Rhodopsin [Cataglyphis bombycina]	7.10e-156
Q17053.1	RecName: Full=Rhodopsin, long-wavelength; AltName: Full=Opsin, green-sensitive [Apis mellifera]	5.98e-154
P35361.1	N/A	3.50e-140
P35360.1	RecName: Full=Lateral eye opsin [Limulus polyphemus]	5.13e-140
P22269.1	RecName: Full=Opsin Rh1; AltName: Full=Outer R1-R6 photoreceptor cells opsin [Calliphora vicina]	4.47e-138
P28678.4	N/A	9.82e-135
P06002.1	N/A	1.38e-134
P28679.3	N/A	1.56e-130
P08099.1	N/A	2.11e-130
P35356.1	RecName: Full=Rhodopsin [Procambarus clarkii]	1.22e-125
O16020.1	RecName: Full=Rhodopsin [Procambarus milleri]	7.38e-115
O16018.1	RecName: Full=Rhodopsin [Cambarellus shufeldtii]	7.36e-114
O16017.1	RecName: Full=Rhodopsin [Lacunicambarus ludovicianus]	6.37e-113
O16019.1	RecName: Full=Rhodopsin [Orconectes virilis]	2.49e-112
O18481.1	RecName: Full=Rhodopsin [Orconectes australis]	4.11e-112
O18486.1	RecName: Full=Rhodopsin [Procambarus seminolae]	3.55e-111
O18312.1	RecName: Full=Rhodopsin [Cambarus hubrichti]	1.15e-110
O18485.1	RecName: Full=Rhodopsin [Procambarus orcinus]	1.47e-109
O18315.1	RecName: Full=Rhodopsin [Cambarus maculatus]	2.33e-109
Q25158.1	RecName: Full=Compound eye opsin BCRH2 [Hemigrapsus sanguineus]	3.35e-91
Q25157.1	RecName: Full=Compound eye opsin BCRH1 [Hemigrapsus sanguineus]	1.36e-87
O15973.1	RecName: Full=Rhodopsin, GQ-coupled; AltName: Full=GQ-rhodopsin [Mizuhopecten yessoensis]	4.29e-71
P09241.1	RecName: Full=Rhodopsin [Enteroctopus dofleini]	1.84e-70
Q17094.1	RecName: Full=Rhodopsin [Alloteuthis subulata]	9.27e-70
P24603.1	RecName: Full=Rhodopsin [Loligo forbesii]	2.28e-69
O61303.1	N/A	2.68e-68
P90680.2	N/A	3.74e-66
O16005.1	RecName: Full=Rhodopsin [Sepia officinalis]	9.16e-65
P17646.2	RecName: Full=Opsin Rh4; AltName: Full=Inner R7 photoreceptor cells opsin [Drosophila virilis]	2.08e-64
P08255.2	N/A	3.40e-63
P29404.2	N/A	5.99e-63
P04950.1	N/A	1.36e-62
P28680.3	N/A	1.62e-62
O96107.1	RecName: Full=Opsin-3; Short=MANOP3; AltName: Full=Rhodopsin 3, short-wavelength; AltName: Full=Rhodopsin P450 [Manduca sexta]	4.23e-62
Q26495.1	RecName: Full=Opsin-2 [Schistocerca gregaria]	1.07e-61
Q4R1I4.1	RecName: Full=Melanopsin; AltName: Full=Opsin-4; AltName: Full=amphi-MOP [Branchiostoma belcheri]	9.58e-61
Q4U4D2.2	RecName: Full=Melanopsin; AltName: Full=Opsin-4 [Podarcis siculus]	4.81e-60
Q5YKK9.1	N/A	4.48e-59
Q5XXP2.1	RecName: Full=Melanopsin; AltName: Full=Opsin-4 [Phodopus sungorus]	1.29e-58
O02465.2	RecName: Full=Opsin-2; Short=MANOP2; AltName: Full=Rhodopsin 2, short-wavelength; AltName: Full=Rhodopsin P357 [Manduca sexta]	1.42e-58
P91657.1	N/A	2.17e-58
P31356.2	RecName: Full=Rhodopsin [Todarodes pacificus]	4.93e-58
Q2KNE5.3	RecName: Full=Melanopsin-A; AltName: Full=Mammalian-like melanopsin; AltName: Full=Melanopsin-M; AltName: Full=Opsin-4-A; AltName: Full=Opsin-4M [Danio rerio]	1.60e-57
Q8R456.1	N/A	1.92e-56
Q9UHM6.1	N/A	4.03e-56
Q804Q2.1	RecName: Full=Melanopsin-B; AltName: Full=Opsin-4B [Gadus morhua]	8.10e-56
Q6XL69.1	RecName: Full=Melanopsin; AltName: Full=Opsin-4 [Rutilus rutilus]	4.50e-53
Q9QXZ9.1	N/A	9.58e-53
O57422.1	N/A	1.73e-52
Q804X9.1	RecName: Full=Melanopsin-A; AltName: Full=Opsin-4A [Gadus morhua]	2.74e-52
Q1JPS6.1	N/A	8.46e-52
O62795.1	RecName: Full=Rhodopsin [Phoca groenlandica]	3.69e-43
P28681.1	N/A	3.89e-43
Q90245.1	RecName: Full=Rhodopsin [Ambystoma tigrinum]	8.72e-43
O62798.1	N/A	9.00e-43
Q95KU1.1	N/A	1.78e-42
P15409.2	N/A	1.89e-42
P02699.1	N/A	2.65e-42
P51489.1	RecName: Full=Rhodopsin [Rattus norvegicus]	4.67e-42
P79756.1	RecName: Full=Rhodopsin [Gambusia affinis]	5.81e-42
Q28886.1	N/A	5.94e-42
O62794.1	N/A	7.88e-42
O62792.1	RecName: Full=Rhodopsin [Globicephala melas]	1.00e-41
O62791.1	N/A	1.03e-41
Q769E8.1	N/A	1.06e-41
Q9YGZ6.1	RecName: Full=Rhodopsin [Chelon auratus]	2.19e-41
Q6W3E1.1	RecName: Full=Rhodopsin [Caluromys philander]	3.79e-41
P49912.1	N/A	3.91e-41
P79848.1	RecName: Full=Rhodopsin [Poecilia reticulata]	9.98e-41
O62793.1	RecName: Full=Rhodopsin [Mesoplodon bidens]	1.41e-40
O18766.1	N/A	1.44e-40
Q9YGZ1.1	RecName: Full=Rhodopsin [Atherina boyeri]	1.58e-40
P02700.2	RecName: Full=Rhodopsin [Ovis aries]	1.82e-40
O93459.1	RecName: Full=Rhodopsin [Scyliorhinus canicula]	2.78e-40
Q9YGZ9.1	RecName: Full=Rhodopsin [Mugil cephalus]	3.08e-40
P79911.1	RecName: Full=Rhodopsin [Sargocentron tiere]	3.50e-40
P79863.1	RecName: Full=Rhodopsin [Leucoraja erinacea]	4.00e-40
P87369.1	N/A	4.98e-40
P29403.1	RecName: Full=Rhodopsin [Xenopus laevis]	5.14e-40
Q9YGZ7.1	RecName: Full=Rhodopsin [Chelon saliens]	5.88e-40
Q9YGZ8.1	RecName: Full=Rhodopsin [Chelon labrosus]	8.56e-40
O13227.1	RecName: Full=Blue-sensitive opsin; AltName: Full=Blue cone photoreceptor pigment [Conger conger]	9.18e-40
P79903.1	RecName: Full=Rhodopsin [Sargocentron spiniferum]	1.38e-39
P56516.1	RecName: Full=Rhodopsin [Rana temporaria]	1.97e-39
P51470.1	RecName: Full=Rhodopsin [Lithobates catesbeianus]	2.19e-39
Q90214.1	RecName: Full=Rhodopsin, deep-sea form [Anguilla anguilla]	3.57e-39
Q9YGZ3.1	RecName: Full=Rhodopsin [Salaria pavo]	5.89e-39
P79809.1	RecName: Full=Rhodopsin [Neoniphon aurolineatus]	7.92e-39
P56514.1	RecName: Full=Rhodopsin [Bufo bufo]	8.74e-39
P08100.1	N/A	1.01e-38
P32308.1	N/A	1.20e-38
P79807.1	RecName: Full=Rhodopsin [Myripristis violacea]	1.45e-38
Q9YGZ5.1	RecName: Full=Rhodopsin [Solea solea]	1.58e-38
P79798.1	RecName: Full=Rhodopsin [Myripristis berndti]	1.90e-38
Q68J47.1	N/A	2.00e-38
Q9YH01.1	RecName: Full=Rhodopsin [Mullus surmuletus]	2.12e-38
P51488.1	RecName: Full=Rhodopsin [Cyprinus carpio]	2.35e-38
Q8AYM8.1	N/A	3.74e-38
P56515.1	RecName: Full=Rhodopsin [Rhinella marina]	3.95e-38
P31355.1	RecName: Full=Rhodopsin [Rana pipiens]	3.95e-38
O93441.1	RecName: Full=Rhodopsin [Galeus melastomus]	7.84e-38
Q8HY69.2	RecName: Full=Rhodopsin [Sminthopsis crassicaudata]	7.90e-38
Q9W6A5.2	N/A	1.00e-37
P28683.1	N/A	1.01e-37
P35359.2	RecName: Full=Rhodopsin [Danio rerio]	1.09e-37
Q9YH05.1	RecName: Full=Rhodopsin [Diplodus annularis]	1.10e-37
Q9YH00.1	RecName: Full=Rhodopsin [Lithognathus mormyrus]	1.36e-37
Q9YGZ4.1	RecName: Full=Rhodopsin [Dicentrarchus labrax]	1.39e-37
O62796.1	N/A	1.81e-37
P79808.1	RecName: Full=Rhodopsin [Neoniphon argenteus]	2.08e-37
P79914.1	RecName: Full=Rhodopsin [Sargocentron xantherythrum]	2.12e-37
Q9DGG4.1	RecName: Full=Rhodopsin [Tetraodon nigroviridis]	2.43e-37
Q9YGZ2.1	RecName: Full=Rhodopsin [Gobius niger]	2.59e-37
P79812.1	RecName: Full=Rhodopsin [Neoniphon sammara]	2.64e-37
P22328.1	N/A	4.67e-37
Q9YH04.1	RecName: Full=Rhodopsin [Diplodus vulgaris]	5.13e-37
Q9YH03.1	RecName: Full=Rhodopsin [Sarpa salpa]	5.80e-37
Q90215.1	RecName: Full=Rhodopsin, freshwater form [Anguilla anguilla]	8.26e-37
P41591.1	RecName: Full=Rhodopsin [Anolis carolinensis]	8.97e-37
P79898.1	RecName: Full=Rhodopsin [Sargocentron diadema]	9.65e-37
O42604.1	RecName: Full=Rhodopsin [Zeus faber]	1.32e-36
Q9YGY9.1	RecName: Full=Rhodopsin [Zosterisessor ophiocephalus]	1.67e-36
P79901.1	RecName: Full=Rhodopsin [Sargocentron microstoma]	1.80e-36
P41590.1	N/A	2.14e-36
Q9YH02.1	N/A	2.61e-36
P51471.1	N/A	2.77e-36
P32309.1	RecName: Full=Rhodopsin [Carassius auratus]	2.89e-36
O42268.1	RecName: Full=Rhodopsin [Ictalurus punctatus]	3.01e-36
P35357.1	RecName: Full=Blue-sensitive opsin P467; AltName: Full=Blue photoreceptor pigment [Gekko gecko]	4.65e-36
P79902.1	RecName: Full=Rhodopsin [Sargocentron punctatissimum]	4.91e-36
O15974.1	RecName: Full=Rhodopsin, G0-coupled; AltName: Full=G0-rhodopsin [Mizuhopecten yessoensis]	5.10e-36
O42330.1	RecName: Full=Rhodopsin [Cottocomephorus inermis]	8.78e-36
P32311.1	N/A	1.45e-35
Q9W6A6.2	RecName: Full=Green-sensitive opsin-4; AltName: Full=Green cone photoreceptor pigment 4; AltName: Full=Opsin RH2-4; AltName: Full=Opsin-1, medium-wave-sensitive 4 [Danio rerio]	5.86e-35
Q9YGZ0.1	RecName: Full=Rhodopsin [Sardina pilchardus]	7.27e-35
Q8AYM7.1	N/A	8.08e-35
P35403.1	RecName: Full=Rhodopsin [Pomatoschistus minutus]	1.64e-34
O42301.1	RecName: Full=Rhodopsin [Batrachocottus nikolskii]	3.51e-34
Q7T3Q7.1	RecName: Full=Opsin-VA; AltName: Full=Vertebrate ancient opsin [Rutilus rutilus]	4.00e-34
P22671.1	RecName: Full=Rhodopsin [Lethenteron camtschaticum]	8.43e-34
O42307.1	RecName: Full=Rhodopsin [Cottinella boulengeri]	1.75e-33
O35214.1	N/A	2.68e-33
O42451.1	RecName: Full=Rhodopsin [Procottus jettelesii]	3.34e-33
P52202.1	N/A	4.37e-33
O42294.1	RecName: Full=Rhodopsin [Abyssocottus korotneffi]	4.56e-33
O42452.1	RecName: Full=Rhodopsin [Paracottus knerii]	6.03e-33
O42328.1	RecName: Full=Rhodopsin [Cottocomephorus grewingki]	6.22e-33
O42300.1	RecName: Full=Rhodopsin [Batrachocottus multiradiatus]	7.05e-33
O42266.1	N/A	1.34e-32
Q90373.1	RecName: Full=Rhodopsin [Leocottus kesslerii]	1.83e-32
P51476.1	RecName: Full=Pinopsin; AltName: Full=Pineal gland-specific opsin; Short=P-opsin; Short=Pineal opsin [Columba livia]	3.15e-32
O13018.1	N/A	4.58e-32
O57605.1	N/A	4.76e-32
O42490.1	RecName: Full=Pineal opsin; AltName: Full=Pineal gland-specific opsin; Short=P-opsin [Petromyzon marinus]	4.84e-32
P87366.1	N/A	7.04e-32
O14718.1	N/A	7.05e-32
O42431.1	RecName: Full=Rhodopsin [Limnocottus pallidus]	7.46e-32
O42466.1	RecName: Full=Rhodopsin [Taurulus bubalis]	7.84e-32
O42327.1	RecName: Full=Rhodopsin [Comephorus dybowskii]	1.43e-31
O13092.1	N/A	1.93e-31
O42427.1	RecName: Full=Rhodopsin [Limnocottus bergianus]	2.01e-31
Q6VZZ7.1	N/A	8.35e-31
P32312.1	N/A	2.03e-30
P51475.1	RecName: Full=Pinopsin; AltName: Full=Pineal gland-specific opsin; Short=P-opsin; Short=Pineal opsin [Gallus gallus]	3.54e-30
P03999.1	N/A	3.65e-30
P41592.1	N/A	6.88e-30
O18913.2	N/A	1.06e-29
O18914.2	N/A	1.37e-29
P51474.1	RecName: Full=Green-sensitive opsin-3; AltName: Full=Green cone photoreceptor pigment 3 [Psalidodon fasciatus]	1.86e-29
Q9R024.1	N/A	1.87e-29
P35358.1	RecName: Full=Green-sensitive opsin P521; AltName: Full=Green photoreceptor pigment [Gekko gecko]	2.50e-29
O12948.1	N/A	4.23e-29
O18910.2	N/A	4.75e-29
Q9BGI7.1	N/A	5.25e-29
Q9W6A9.2	RecName: Full=Opsin-1, short-wave-sensitive 1; Short=Opsin SWS-1; AltName: Full=Ultraviolet cone photoreceptor pigment; AltName: Full=Ultraviolet-sensitive opsin [Danio rerio]	7.62e-29
Q6U736.3	N/A	8.00e-29
P28684.1	N/A	1.13e-28
Q95170.1	N/A	1.18e-28
O18912.2	N/A	1.58e-28
P28682.1	N/A	1.63e-28
P51490.1	N/A	6.61e-28
Q9H1Y3.1	N/A	8.00e-28
P04001.1	N/A	9.03e-28
Q9W6A7.1	N/A	9.21e-28
O35478.2	RecName: Full=Medium-wave-sensitive opsin 1; AltName: Full=Green cone photoreceptor pigment; AltName: Full=Green-sensitive opsin; AltName: Full=Medium wavelength-sensitive cone opsin [Sciurus carolinensis]	1.13e-27
O35476.2	N/A	1.13e-27
P34989.1	RecName: Full=Opsin, longwave 563 nm [Callithrix jacchus]	1.40e-27
Q98980.1	N/A	1.60e-27
O35599.1	N/A	3.18e-27
P22332.2	N/A	4.52e-27
P87367.1	N/A	6.23e-27
P04000.1	RecName: Full=Long-wave-sensitive opsin 1; AltName: Full=Red cone photoreceptor pigment; AltName: Full=Red-sensitive opsin; Short=ROP [Homo sapiens]	7.90e-27
P32313.1	RecName: Full=Red-sensitive opsin; AltName: Full=Red cone photoreceptor pigment [Carassius auratus]	9.68e-27
P51473.1	N/A	1.03e-26
P22329.1	N/A	1.34e-26
Q63652.2	RecName: Full=Short-wave-sensitive opsin 1; Short=S opsin; AltName: Full=Blue cone photoreceptor pigment; AltName: Full=Blue-sensitive opsin; Short=BOP; AltName: Full=Short wavelength-sensitive cone opsin [Rattus norvegicus]	9.52e-26
P51472.1	N/A	9.78e-26
P22331.1	N/A	1.65e-25
P32310.1	N/A	1.68e-25
P87365.1	N/A	1.77e-25
Q90309.1	N/A	1.89e-25
P51491.1	N/A	3.32e-25
Q9WUK7.1	N/A	3.96e-25
P22330.1	RecName: Full=Green-sensitive opsin-1; AltName: Full=Green cone photoreceptor pigment 1 [Psalidodon fasciatus]	4.16e-25
Q8AYN0.1	RecName: Full=Red-sensitive opsin-2; AltName: Full=Opsin-1, long-wave-sensitive 2; Short=Opsin LWS-2; AltName: Full=Red cone photoreceptor pigment 2 [Danio rerio]	2.03e-24
O18911.1	RecName: Full=Medium-wave-sensitive opsin 1; AltName: Full=Green cone photoreceptor pigment; AltName: Full=Green-sensitive opsin [Odocoileus virginianus virginianus]	1.07e-23
P87368.1	N/A	1.46e-23
Q9W6A8.1	N/A	1.25e-22
P50406.1	N/A	8.57e-22
Q5IS65.1	N/A	1.76e-21
Q9R1C8.1	N/A	4.11e-20
P15823.2	RecName: Full=Alpha-1B adrenergic receptor; AltName: Full=Alpha-1B adrenoreceptor; Short=Alpha-1B adrenoceptor [Rattus norvegicus]	8.45e-20
P18841.1	N/A	9.45e-20
P35368.3	N/A	1.28e-19
P31388.2	RecName: Full=5-hydroxytryptamine receptor 6; Short=5-HT-6; Short=5-HT6; AltName: Full=ST-B17; AltName: Full=Serotonin receptor 6 [Rattus norvegicus]	2.76e-19
P0C5J4.1	N/A	4.45e-19
P25021.1	N/A	1.57e-18
P97717.2	RecName: Full=Alpha-1B adrenergic receptor; AltName: Full=Alpha-1B adrenoreceptor; Short=Alpha-1B adrenoceptor [Mus musculus]	2.02e-18
P97292.2	N/A	3.27e-18
P25102.1	N/A	4.24e-18
A6QLE7.1	N/A	6.65e-18
Q96P65.2	N/A	2.39e-17
P51678.2	N/A	2.97e-17
Q9Y2T5.2	N/A	4.30e-17
P07700.1	N/A	1.18e-16
Q9PUI7.1	RecName: Full=Cannabinoid receptor 1; Short=CB-R; Short=CB1 [Taricha granulosa]	2.14e-16
P41597.1	N/A	4.11e-16
Q8BX79.1	N/A	4.30e-16
Q9Y5X5.2	RecName: Full=Neuropeptide FF receptor 2; AltName: Full=G-protein coupled receptor 74; AltName: Full=G-protein coupled receptor HLWAR77; AltName: Full=Neuropeptide G-protein coupled receptor [Homo sapiens]	4.82e-16
P07550.3	N/A	4.94e-16
P43141.1	N/A	5.61e-16
O97967.1	N/A	9.20e-16
Q91175.1	RecName: Full=Alpha-1A adrenergic receptor; AltName: Full=Alpha-1A adrenoreceptor; Short=Alpha-1A adrenoceptor; AltName: Full=MAR1 [Oryzias latipes]	1.38e-15
P16395.2	N/A	1.47e-15
Q62805.1	N/A	1.70e-15
Q6BD04.1	N/A	2.20e-15
Q28927.2	RecName: Full=Beta-1 adrenergic receptor; AltName: Full=Beta-1 adrenoreceptor; Short=BETA1AR; Short=Beta-1 adrenoceptor [Ovis aries]	2.23e-15
O18793.2	N/A	2.40e-15
Q8K4Z4.1	N/A	2.45e-15
P28647.3	N/A	2.58e-15
O55193.1	N/A	2.81e-15
Q4KWL2.1	RecName: Full=Beta-2 adrenergic receptor; AltName: Full=Beta-2 adrenoreceptor; Short=Beta-2 adrenoceptor [Tscherskia triton]	3.38e-15
O42574.1	N/A	5.06e-15
P97718.3	N/A	5.61e-15
Q99679.1	N/A	5.63e-15
Q28509.1	N/A	5.92e-15
Q801M1.1	N/A	6.16e-15
P32247.1	N/A	7.03e-15
P54833.1	N/A	8.02e-15
Q28998.2	N/A	8.75e-15
O54814.1	RecName: Full=C-C chemokine receptor type 3; Short=C-C CKR-3; Short=CC-CKR-3; Short=CCR-3; Short=CCR3; Short=CKR3; AltName: CD_antigen=CD193 [Rattus norvegicus]	8.76e-15
Q9WU25.2	RecName: Full=Alpha-1A adrenergic receptor; AltName: Full=Alpha-1A adrenoreceptor; Short=Alpha-1A adrenoceptor; AltName: Full=Alpha-1C adrenergic receptor [Cavia porcellus]	9.03e-15
P83858.1	N/A	9.74e-15
P56479.1	N/A	9.91e-15
P18762.2	N/A	1.01e-14
Q9TT96.2	RecName: Full=Beta-1 adrenergic receptor; AltName: Full=Beta-1 adrenoreceptor; Short=Beta-1 adrenoceptor [Bos taurus]	1.15e-14
P43140.1	N/A	1.22e-14
P56971.1	N/A	1.29e-14
P21554.1	N/A	1.59e-14
P17124.1	N/A	1.68e-14
Q9TST6.1	N/A	1.83e-14
Q8IS44.2	N/A	2.15e-14
P47804.1	N/A	2.37e-14
Q5QD11.1	N/A	2.43e-14
Q9TST5.1	N/A	2.55e-14
Q5QD14.1	N/A	2.59e-14
Q9WVD0.1	RecName: Full=Neuropeptide Y receptor type 1; Short=NPY1-R [Cavia porcellus]	2.74e-14
P79148.1	RecName: Full=Beta-1 adrenergic receptor; AltName: Full=Beta-1 adrenoreceptor; Short=Beta-1 adrenoceptor [Canis lupus familiaris]	2.88e-14
P35346.3	N/A	3.07e-14
Q9TUP7.1	N/A	3.10e-14
G3M4F8.1	RecName: Full=Octopamine receptor beta-2R; Short=CsOA2B2 [Chilo suppressalis]	3.20e-14
P08588.2	RecName: Full=Beta-1 adrenergic receptor; AltName: Full=Beta-1 adrenoreceptor; Short=Beta-1 adrenoceptor [Homo sapiens]	3.40e-14
P28336.2	N/A	3.61e-14
P34969.2	N/A	3.64e-14
C3ZQF9.1	N/A	3.68e-14
P32304.2	N/A	3.91e-14
P32305.2	N/A	4.28e-14
P47747.1	RecName: Full=Histamine H2 receptor; Short=H2R; Short=HH2R; AltName: Full=Gastric receptor I [Cavia porcellus]	4.32e-14
P47746.1	N/A	4.42e-14
P10608.1	RecName: Full=Beta-2 adrenergic receptor; AltName: Full=Beta-2 adrenoreceptor; Short=Beta-2 adrenoceptor [Rattus norvegicus]	4.58e-14
Q9Y5Y3.2	N/A	4.60e-14
P20272.1	N/A	4.67e-14
Q28044.2	N/A	4.98e-14
P47899.1	N/A	5.02e-14
P20905.1	N/A	5.03e-14
P30937.1	N/A	5.06e-14
P24053.1	N/A	5.08e-14
O54799.1	N/A	5.23e-14
Q8K418.1	N/A	5.46e-14
P30872.1	N/A	5.55e-14
Q49LX5.1	N/A	5.98e-14
O02824.1	N/A	6.14e-14
F1MV99.2	N/A	6.16e-14
P79960.2	N/A	6.50e-14
O02777.1	N/A	6.89e-14
P50407.1	N/A	7.49e-14
Q2TAD5.1	RecName: Full=Apelin receptor B; AltName: Full=Angiotensin receptor-like 1b; AltName: Full=Angiotensin receptor-related protein B; AltName: Full=G-protein coupled receptor APJ-B; Short=APJb [Xenopus laevis]	7.66e-14
Q98894.1	N/A	7.96e-14
Q63447.1	RecName: Full=Neuropeptide Y receptor type 4; Short=NPY4-R; AltName: Full=Pancreatic polypeptide receptor 1; Short=PP1 [Rattus norvegicus]	8.39e-14
P30873.1	N/A	8.80e-14
Q9EQD2.1	N/A	9.42e-14
P04274.1	N/A	9.46e-14
P58308.2	N/A	9.71e-14
O01670.1	RecName: Full=Octopamine receptor 2; Short=OA2 [Lymnaea stagnalis]	1.07e-13
Q90WY5.1	N/A	1.09e-13
Q4VA82.1	N/A	1.10e-13
P32246.1	N/A	1.11e-13
P35348.2	N/A	1.16e-13
P28646.1	N/A	1.22e-13
O14804.2	N/A	1.28e-13
Q5QD28.1	N/A	1.31e-13
Q6H2Y3.1	N/A	1.36e-13
Q5QD23.1	N/A	1.52e-13
P11617.1	N/A	1.57e-13
P34971.2	N/A	1.64e-13
B3DM66.1	N/A	1.71e-13
P18130.1	N/A	1.92e-13
Q8MJV3.1	RecName: Full=Neuropeptides B/W receptor type 1; AltName: Full=G-protein coupled receptor 7 [Bos taurus]	2.68e-13
Q1RMU8.1	N/A	2.78e-13
P34992.1	N/A	3.04e-13
P18090.1	N/A	3.07e-13
Q28997.2	N/A	3.14e-13
P51683.2	N/A	3.26e-13
Q0VDU3.2	N/A	3.31e-13
O43614.2	N/A	3.48e-13
P83861.1	N/A	3.58e-13
Q16950.1	RecName: Full=5-hydroxytryptamine receptor 1; AltName: Full=5-HTB1; AltName: Full=Serotonin receptor 1 [Aplysia californica]	3.63e-13
B2RPY5.1	N/A	3.76e-13
P53454.1	N/A	3.76e-13
O62809.2	N/A	3.99e-13
Q91559.1	N/A	4.27e-13
Q5QD25.1	N/A	4.54e-13
P47211.3	N/A	4.56e-13
P48145.2	N/A	5.08e-13
Q09638.3	N/A	5.10e-13
Q4LBB6.4	N/A	5.22e-13
Q64H34.1	N/A	5.53e-13
O54798.1	N/A	5.58e-13
P25929.1	N/A	5.66e-13
O02835.2	N/A	5.69e-13
Q5QD09.1	N/A	5.81e-13
Q9P1P5.2	N/A	5.88e-13
Q90WY4.1	RecName: Full=Alpha-2A adrenergic receptor; AltName: Full=Alpha-2A adrenoreceptor; Short=Alpha-2A adrenoceptor; Short=Alpha-2AAR [Danio rerio]	6.09e-13
Q924H0.2	N/A	6.43e-13
P49660.2	RecName: Full=Somatostatin receptor type 4; Short=SS-4-R; Short=SS4-R; Short=SS4R [Mus musculus]	6.47e-13
P46616.1	RecName: Full=Adenosine receptor A2a [Cavia porcellus]	6.90e-13
Q5R4Q6.1	N/A	7.57e-13
O02836.2	N/A	8.47e-13
Q95M54.1	N/A	9.01e-13
P97288.3	N/A	9.82e-13
P56719.1	N/A	1.02e-12
P51049.2	N/A	1.03e-12
Q8N6U8.1	N/A	1.04e-12
Q61041.2	N/A	1.06e-12
P14842.1	N/A	1.13e-12
P25100.2	N/A	1.22e-12
P50129.1	N/A	1.22e-12
P47803.1	N/A	1.22e-12
P49146.1	N/A	1.30e-12
Q90WY6.1	N/A	1.30e-12
Q2YDN1.1	N/A	1.33e-12
P18599.1	N/A	1.52e-12
P35363.1	N/A	1.63e-12
Q9GK74.1	N/A	1.68e-12
P97295.2	N/A	1.93e-12
Q9JI35.2	N/A	2.01e-12
P47751.2	RecName: Full=[Phe13]-bombesin receptor; AltName: Full=Bombesin receptor subtype-4; Short=BRS-4 [Bombina orientalis]	2.15e-12
P21555.3	RecName: Full=Neuropeptide Y receptor type 1; Short=NPY1-R; AltName: Full=FC5 [Rattus norvegicus]	2.28e-12
P34976.1	N/A	2.35e-12
Q98895.1	RecName: Full=Cannabinoid receptor type 1B [Takifugu rubripes]	2.41e-12
P41144.1	N/A	2.55e-12
Q04573.1	N/A	2.55e-12
Q61618.2	RecName: Full=Adenosine receptor A3; AltName: Full=A3AR [Mus musculus]	2.55e-12
P30546.1	RecName: Full=Histamine H1 receptor; Short=H1R; Short=HH1R [Bos taurus]	2.60e-12
O02813.2	N/A	2.64e-12
Q9Y5N1.2	N/A	2.64e-12
Q9Z2B3.1	N/A	2.72e-12
P79945.1	N/A	2.84e-12
O42329.2	RecName: Full=Gonadotropin-releasing hormone II receptor; Short=GnRH II receptor; Short=GnRH-II-R; AltName: Full=Type II GnRH receptor [Clarias gariepinus]	3.13e-12
P30874.1	N/A	3.27e-12
A0T2N3.1	N/A	3.27e-12
P30555.1	N/A	3.33e-12
P79113.1	N/A	3.44e-12
P30556.1	N/A	3.86e-12
P50130.1	N/A	3.88e-12
P50128.1	N/A	3.89e-12
Q5QD17.1	N/A	3.93e-12
Q923Y8.1	N/A	4.00e-12
Q9GLN9.1	N/A	4.04e-12
P29274.2	N/A	4.13e-12
O46635.2	N/A	4.18e-12
Q923Y4.1	N/A	4.21e-12
P48039.1	N/A	4.25e-12
Q98982.1	RecName: Full=Substance-P receptor; Short=SPR; AltName: Full=NK-1 receptor; Short=NK-1R; AltName: Full=Tachykinin receptor 1 [Lithobates catesbeianus]	4.62e-12
P25095.1	N/A	4.95e-12
P58406.1	N/A	5.21e-12
O02667.1	RecName: Full=Adenosine receptor A3 [Oryctolagus cuniculus]	5.37e-12
Q9QYN8.1	N/A	5.46e-12
Q19084.3	N/A	5.50e-12
P28223.2	N/A	5.59e-12
P18901.2	RecName: Full=D(1A) dopamine receptor; AltName: Full=Dopamine D1 receptor [Rattus norvegicus]	5.72e-12
Q9VNM1.3	N/A	6.18e-12
Q9Z2D5.1	RecName: Full=Neuropeptide Y receptor type 2; Short=NPY2-R; AltName: Full=NPY-Y2 receptor; Short=Y2 receptor [Cavia porcellus]	6.99e-12
P35406.1	RecName: Full=D(1) dopamine receptor; AltName: Full=Dopamine D1 receptor [Carassius auratus]	7.23e-12
A5A4K9.1	N/A	7.34e-12
Q9WV26.1	N/A	7.55e-12
Q75Z89.1	N/A	7.65e-12
Q9Z2I3.1	N/A	7.93e-12
O70528.1	N/A	8.49e-12
Q333S9.1	RecName: Full=Cannabinoid receptor 1; Short=CB-R; Short=CB1 [Pelophylax esculentus]	9.01e-12
Q6TLI7.1	N/A	9.10e-12
Q9DDN6.1	N/A	9.35e-12
Q923Y2.1	N/A	9.71e-12
P25104.1	N/A	1.02e-11
Q4LBB9.2	N/A	1.05e-11
P29754.1	N/A	1.15e-11
Q923Y9.1	RecName: Full=Trace amine-associated receptor 1; Short=TaR-1; Short=Trace amine receptor 1 [Rattus norvegicus]	1.27e-11
G4WMX4.1	N/A	1.28e-11
P34975.1	N/A	1.28e-11
P53452.1	RecName: Full=D(1)-like dopamine receptor [Takifugu rubripes]	1.36e-11
Q9MYW9.2	N/A	1.45e-11
P33534.1	N/A	1.54e-11
P35371.1	N/A	1.58e-11
P31391.2	N/A	1.64e-11
P49286.1	N/A	1.64e-11
Q28524.1	N/A	1.69e-11
P70174.2	N/A	1.80e-11
Q62758.1	N/A	1.83e-11
Q5QD12.1	N/A	1.84e-11
P43240.1	RecName: Full=Type-1 angiotensin II receptor; AltName: Full=Angiotensin II type-1 receptor; Short=AT1 [Canis lupus familiaris]	1.90e-11
O93603.1	N/A	1.94e-11
Q923X8.2	N/A	2.00e-11
P30549.1	N/A	2.04e-11
Q60613.3	N/A	2.05e-11
Q5QD16.1	N/A	2.12e-11
P34993.1	N/A	2.22e-11
Q9N2B0.1	N/A	2.25e-11
P49288.1	N/A	2.27e-11
O77830.2	RecName: Full=Alpha-2B adrenergic receptor; AltName: Full=Alpha-2B adrenoreceptor; Short=Alpha-2B adrenoceptor; Short=Alpha-2BAR [Oryctolagus cuniculus]	2.36e-11
P30543.2	N/A	2.45e-11
P35367.1	N/A	2.51e-11
O77721.2	RecName: Full=Alpha-2B adrenergic receptor; AltName: Full=Alpha-2B adrenoreceptor; Short=Alpha-2B adrenoceptor; Short=Alpha-2BAR [Equus caballus]	2.59e-11
P47800.1	RecName: Full=D(1)-like dopamine receptor [Oreochromis mossambicus]	2.60e-11
Q9N2B1.1	N/A	2.65e-11
A5A4L1.1	N/A	2.82e-11
Q9N2B2.1	N/A	2.82e-11
P34994.1	N/A	2.91e-11
P31389.1	RecName: Full=Histamine H1 receptor; Short=H1R; Short=HH1R [Cavia porcellus]	2.93e-11
O77590.2	RecName: Full=Type-1 angiotensin II receptor; AltName: Full=Angiotensin II type-1 receptor; Short=AT1 [Ovis aries]	3.15e-11
Q923Y3.1	N/A	3.22e-11
P42289.1	N/A	3.40e-11
Q13639.2	N/A	3.64e-11
P41596.2	N/A	3.71e-11
P25931.2	N/A	3.90e-11
P29089.1	N/A	3.99e-11
Q95136.2	N/A	4.41e-11
Q95252.2	RecName: Full=Beta-3 adrenergic receptor; AltName: Full=Beta-3 adrenoreceptor; Short=Beta-3 adrenoceptor [Sus scrofa]	4.54e-11
Q64077.1	N/A	4.93e-11
Q0VC81.1	N/A	5.16e-11
Q25322.1	RecName: Full=Putative tyramine receptor 2; AltName: Full=Tyr-Loc2 [Locusta migratoria]	5.51e-11
P30938.2	RecName: Full=Somatostatin receptor type 5; Short=SS-5-R; Short=SS5-R; Short=SS5R [Rattus norvegicus]	5.66e-11
Q8WPA2.1	N/A	5.71e-11
P31390.1	N/A	5.78e-11
O77621.1	RecName: Full=Alpha-1A adrenergic receptor; AltName: Full=Alpha-1A adrenoreceptor; Short=Alpha-1A adrenoceptor; AltName: Full=Alpha-1C adrenergic receptor [Canis lupus familiaris]	6.13e-11
Q25321.1	RecName: Full=Tyramine receptor 1; AltName: Full=Tyr-Loc1 [Locusta migratoria]	6.13e-11
Q56UD9.1	N/A	6.19e-11
Q5QD08.1	N/A	6.33e-11
P29755.1	N/A	6.36e-11
P21918.2	N/A	6.63e-11
Q25188.1	RecName: Full=Octopamine receptor [Heliothis virescens]	6.93e-11
Q7SZP9.2	RecName: Full=Apelin receptor A; AltName: Full=Angiotensin II receptor-like 1a; AltName: Full=Angiotensin receptor-like 1a; AltName: Full=G-protein coupled receptor APJ A [Danio rerio]	7.14e-11
Q9EP86.1	RecName: Full=Neuropeptide FF receptor 1; AltName: Full=G-protein coupled receptor 147; AltName: Full=RFamide-related peptide receptor OT7T022 [Rattus norvegicus]	7.73e-11
O35210.1	N/A	7.85e-11
P42290.1	N/A	7.90e-11
O19012.1	RecName: Full=Alpha-2B adrenergic receptor; AltName: Full=Alpha-2B adrenoreceptor; Short=Alpha-2B adrenoceptor; Short=Alpha-2BAR [Erinaceus europaeus]	8.64e-11
P29275.1	N/A	9.44e-11
Q09388.3	N/A	9.60e-11
Q2HJ17.1	N/A	9.62e-11
Q32ZE2.1	N/A	9.70e-11
Q60474.2	N/A	9.77e-11
P56484.1	N/A	1.00e-10
Q9TTM9.1	N/A	1.07e-10
Q95ND0.1	RecName: Full=C-C chemokine receptor type 5; Short=C-C CKR-5; Short=CC-CKR-5; Short=CCR-5; Short=CCR5; AltName: CD_antigen=CD195 [Erythrocebus patas]	1.11e-10
Q5QD24.1	N/A	1.26e-10
Q923Y7.1	N/A	1.28e-10
P32251.1	RecName: Full=Alpha-2 adrenergic receptor; AltName: Full=Alpha-2 adrenoreceptor; Short=Alpha-2 adrenoceptor [Carassius auratus]	1.35e-10
Q923Y1.1	N/A	1.37e-10
Q6RYS9.1	N/A	1.40e-10
O77713.2	RecName: Full=Alpha-2B adrenergic receptor; AltName: Full=Alpha-2B adrenoreceptor; Short=Alpha-2B adrenoceptor; Short=Alpha-2BAR [Dugong dugon]	1.43e-10
P47898.1	N/A	1.45e-10
Q6WN98.1	RecName: Full=C-C chemokine receptor type 5; Short=C-C CKR-5; Short=CC-CKR-5; Short=CCR-5; Short=CCR5; AltName: CD_antigen=CD195 [Mico humeralifer]	1.49e-10
Q9TV42.1	RecName: Full=C-C chemokine receptor type 5; Short=C-C CKR-5; Short=CC-CKR-5; Short=CCR-5; Short=CCR5; AltName: CD_antigen=CD195 [Chlorocebus pygerythrus]	1.50e-10
O19014.1	RecName: Full=Alpha-2B adrenergic receptor; AltName: Full=Alpha-2B adrenoreceptor; Short=Alpha-2B adrenoceptor; Short=Alpha-2BAR [Elephas maximus]	1.60e-10
P16610.1	N/A	1.62e-10
Q18775.2	N/A	1.63e-10
Q99P50.3	N/A	1.65e-10
Q5QD15.1	N/A	1.65e-10
Q04683.2	N/A	1.69e-10
P49681.2	N/A	1.71e-10
Q92847.1	N/A	1.74e-10
Q61212.1	N/A	1.76e-10
P30680.1	N/A	1.76e-10
Q18179.2	N/A	1.77e-10
O18935.2	RecName: Full=Alpha-2B adrenergic receptor; AltName: Full=Alpha-2B adrenoreceptor; Short=Alpha-2B adrenoceptor; Short=Alpha-2BAR [Amblysomus hottentotus]	1.77e-10
Q61616.2	N/A	1.78e-10
Q49LX6.1	N/A	1.81e-10
P51682.3	N/A	1.84e-10
P22270.2	N/A	1.88e-10
Q95254.1	N/A	1.89e-10
Q923X6.1	RecName: Full=Trace amine-associated receptor 7e; Short=TaR-7e; Short=Trace amine receptor 7e; AltName: Full=Trace amine receptor 14; Short=TaR-14 [Rattus norvegicus]	1.89e-10
Q9EQQ3.2	N/A	1.92e-10
P49287.2	N/A	2.11e-10
E7EM37.1	N/A	2.14e-10
P46094.1	N/A	2.19e-10
O19032.1	RecName: Full=Alpha-2B adrenergic receptor; AltName: Full=Alpha-2B adrenoreceptor; Short=Alpha-2B adrenoceptor; Short=Alpha-2BAR [Orycteropus afer]	2.49e-10
Q6W3F4.1	N/A	2.52e-10
O70526.1	N/A	2.61e-10
P42291.1	RecName: Full=D(1C) dopamine receptor [Xenopus laevis]	2.63e-10
O08725.1	N/A	2.69e-10
P52500.2	RecName: Full=Gastrin-releasing peptide receptor; Short=GRP-R; AltName: Full=GRP-preferring bombesin receptor [Rattus norvegicus]	2.74e-10
P49219.1	N/A	2.74e-10
P49217.2	RecName: Full=Melatonin receptor type 1A; Short=Mel-1A-R; Short=Mel1a receptor [Phodopus sungorus]	2.78e-10
P30875.1	N/A	3.15e-10
P35342.1	RecName: Full=Adenosine receptor A3 [Ovis aries]	3.31e-10
Q9TV43.1	RecName: Full=C-C chemokine receptor type 5; Short=C-C CKR-5; Short=CC-CKR-5; Short=CCR-5; Short=CCR5; AltName: CD_antigen=CD195 [Chlorocebus sabaeus]	3.48e-10
Q923X9.2	RecName: Full=Trace amine-associated receptor 8a; Short=TaR-8a; Short=Trace amine receptor 8a; AltName: Full=Trace amine receptor 11; Short=TaR-11 [Rattus norvegicus]	3.50e-10
P79350.2	N/A	3.90e-10
Q95ND1.1	RecName: Full=C-C chemokine receptor type 5; Short=C-C CKR-5; Short=CC-CKR-5; Short=CCR-5; Short=CCR5; AltName: CD_antigen=CD195 [Mandrillus sphinx]	4.02e-10
O77680.1	N/A	4.11e-10
Q2KIP6.1	N/A	4.28e-10
Q5IS84.1	N/A	4.29e-10
Q923X5.1	RecName: Full=Trace amine-associated receptor 7d; Short=TaR-7d; Short=Trace amine receptor 7d; AltName: Full=Trace amine receptor 15; Short=TaR-15 [Rattus norvegicus]	4.57e-10
P56493.1	RecName: Full=C-C chemokine receptor type 5; Short=C-C CKR-5; Short=CC-CKR-5; Short=CCR-5; Short=CCR5; AltName: CD_antigen=CD195 [Chlorocebus aethiops]	4.96e-10
P21761.1	N/A	5.03e-10
Q16951.1	RecName: Full=5-hydroxytryptamine receptor 2; AltName: Full=5-HTB2; AltName: Full=Serotonin receptor 2 [Aplysia californica]	5.17e-10
O46639.1	N/A	5.21e-10
P48040.1	RecName: Full=Melatonin receptor type 1A; Short=Mel-1A-R; Short=Mel1a receptor [Ovis aries]	5.42e-10
P30974.2	N/A	5.46e-10
Q95NE8.1	RecName: Full=C-C chemokine receptor type 5; Short=C-C CKR-5; Short=CC-CKR-5; Short=CCR-5; Short=CCR5; AltName: CD_antigen=CD195 [Chlorocebus tantalus]	5.69e-10
Q13304.2	N/A	5.69e-10
Q9XT76.1	RecName: Full=C-C chemokine receptor type 5; Short=C-C CKR-5; Short=CC-CKR-5; Short=CCR-5; Short=CCR5; AltName: CD_antigen=CD195 [Allochrocebus lhoesti]	6.11e-10
Q95ND2.1	RecName: Full=C-C chemokine receptor type 5; Short=C-C CKR-5; Short=CC-CKR-5; Short=CCR-5; Short=CCR5; AltName: CD_antigen=CD195 [Mandrillus leucophaeus]	6.17e-10
P35373.1	N/A	6.36e-10
Q9BGN6.1	RecName: Full=C-C chemokine receptor type 5; Short=C-C CKR-5; Short=CC-CKR-5; Short=CCR-5; Short=CCR5; AltName: CD_antigen=CD195 [Allochrocebus solatus]	6.40e-10
P34981.1	N/A	6.41e-10
P42288.1	RecName: Full=D(1A) dopamine receptor; AltName: Full=Dopamine D1 receptor [Didelphis virginiana]	6.44e-10
P13945.3	N/A	6.54e-10
Q8HZT9.1	N/A	6.82e-10
Q9BZJ6.2	N/A	6.98e-10
Q60614.2	N/A	7.01e-10
Q5QD21.1	N/A	7.20e-10
Q5DUB2.1	N/A	7.33e-10
Q28596.1	N/A	7.53e-10
O19025.2	RecName: Full=Alpha-2B adrenergic receptor; AltName: Full=Alpha-2B adrenoreceptor; Short=Alpha-2B adrenoceptor; Short=Alpha-2BAR [Macroscelides proboscideus]	7.89e-10
P34997.1	N/A	8.56e-10
P21729.2	N/A	8.71e-10
P41145.2	N/A	8.82e-10
P30545.2	RecName: Full=Alpha-2B adrenergic receptor; AltName: Full=Alpha-2B adrenoreceptor; Short=Alpha-2B adrenoceptor; Short=Alpha-2BAR [Mus musculus]	8.89e-10
P21728.1	N/A	8.90e-10
Q95NC2.1	RecName: Full=C-C chemokine receptor type 5; Short=C-C CKR-5; Short=CC-CKR-5; Short=CCR-5; Short=CCR5; AltName: CD_antigen=CD195 [Plecturocebus moloch]	8.96e-10
Q95NC1.1	RecName: Full=C-C chemokine receptor type 5; Short=C-C CKR-5; Short=CC-CKR-5; Short=CCR-5; Short=CCR5; AltName: CD_antigen=CD195 [Theropithecus gelada]	9.20e-10
P28286.3	N/A	9.36e-10
P0DMS8.1	N/A	9.49e-10
P49285.1	N/A	9.68e-10
P61813.1	N/A	9.81e-10
O97975.1	RecName: Full=C-C chemokine receptor type 5; Short=C-C CKR-5; Short=CC-CKR-5; Short=CCR-5; Short=CCR5; AltName: CD_antigen=CD195 [Macaca arctoides]	9.99e-10
P61755.1	RecName: Full=C-C chemokine receptor type 5; Short=C-C CKR-5; Short=CC-CKR-5; Short=CCR-5; Short=CCR5; AltName: CD_antigen=CD195 [Lophocebus aterrimus]	1.01e-09
Q95NC6.1	RecName: Full=C-C chemokine receptor type 5; Short=C-C CKR-5; Short=CC-CKR-5; Short=CCR-5; Short=CCR5; AltName: CD_antigen=CD195 [Trachypithecus johnii]	1.01e-09
Q5DUB1.1	N/A	1.03e-09
Q93126.1	RecName: Full=Probable G-protein coupled receptor No9 [Amphibalanus amphitrite]	1.05e-09
O19054.1	RecName: Full=Alpha-2B adrenergic receptor; AltName: Full=Alpha-2B adrenoreceptor; Short=Alpha-2B adrenoceptor; Short=Alpha-2BAR [Procavia capensis habessinica]	1.06e-09
Q9TV49.1	RecName: Full=C-C chemokine receptor type 5; Short=C-C CKR-5; Short=CC-CKR-5; Short=CCR-5; Short=CCR5; AltName: CD_antigen=CD195 [Cercocebus galeritus]	1.06e-09
P35372.2	N/A	1.07e-09
F1R332.2	N/A	1.10e-09
Q5QD13.1	N/A	1.13e-09
P46023.1	RecName: Full=G-protein coupled receptor GRL101; Flags: Precursor [Lymnaea stagnalis]	1.15e-09
Q8HZ64.1	N/A	1.17e-09
Q5QNP2.1	N/A	1.23e-09
Q6VB83.1	N/A	1.25e-09
P33535.1	N/A	1.26e-09
P42866.1	N/A	1.27e-09
Q95247.1	N/A	1.31e-09
P19328.2	N/A	1.32e-09
O08890.1	N/A	1.37e-09
Q8BLD9.1	N/A	1.39e-09
O77700.2	RecName: Full=Alpha-2B adrenergic receptor; AltName: Full=Alpha-2B adrenoreceptor; Short=Alpha-2B adrenoceptor; Short=Alpha-2BAR [Bos taurus]	1.49e-09
Q61H86.2	RecName: Full=Dopamine receptor 3 [Caenorhabditis briggsae]	1.50e-09
Q9VML9.4	N/A	1.52e-09
Q01338.2	N/A	1.53e-09
P56439.1	N/A	1.56e-09
E9QJ73.2	RecName: Full=C-X-C chemokine receptor type 3-2 [Danio rerio]	1.58e-09
Q17232.1	N/A	1.58e-09
P22909.3	N/A	1.58e-09
Q24563.1	N/A	1.60e-09
Q95NC5.1	RecName: Full=C-C chemokine receptor type 5; Short=C-C CKR-5; Short=CC-CKR-5; Short=CCR-5; Short=CCR5; AltName: CD_antigen=CD195 [Symphalangus syndactylus]	1.62e-09
Q02284.1	N/A	1.62e-09
P56440.1	N/A	1.63e-09
O97881.1	N/A	1.66e-09
P16177.1	N/A	1.69e-09
Q91081.1	RecName: Full=Alpha-2 adrenergic receptor; AltName: Full=Alpha-2 adrenoreceptor; Short=Alpha-2 adrenoceptor [Labrus ossifagus]	1.74e-09
O97962.1	N/A	1.77e-09
Q95NC0.1	RecName: Full=C-C chemokine receptor type 5; Short=C-C CKR-5; Short=CC-CKR-5; Short=CCR-5; Short=CCR5; AltName: CD_antigen=CD195 [Hylobates moloch]	1.77e-09
P32299.4	N/A	1.81e-09
Q28309.1	N/A	1.86e-09
O97883.1	N/A	1.89e-09
P14600.1	N/A	1.94e-09
Q5QD07.1	N/A	1.99e-09
Q9R0M1.1	RecName: Full=Chemokine XC receptor 1; AltName: Full=Lymphotactin receptor; AltName: Full=SCM1 receptor; AltName: Full=XC chemokine receptor 1; AltName: Full=mXCR1 [Mus musculus]	2.00e-09
O08858.3	N/A	2.00e-09
P47937.2	N/A	2.02e-09
Q95NC4.1	RecName: Full=C-C chemokine receptor type 5; Short=C-C CKR-5; Short=CC-CKR-5; Short=CCR-5; Short=CCR5; AltName: CD_antigen=CD195 [Ateles geoffroyi]	2.03e-09
P25103.1	N/A	2.04e-09
P30548.2	N/A	2.06e-09
Q5IS39.1	N/A	2.07e-09
Q95NC3.1	RecName: Full=C-C chemokine receptor type 5; Short=C-C CKR-5; Short=CC-CKR-5; Short=CCR-5; Short=CCR5; AltName: CD_antigen=CD195 [Miopithecus talapoin]	2.08e-09
O97879.1	RecName: Full=C-C chemokine receptor type 5; Short=C-C CKR-5; Short=CC-CKR-5; Short=CCR-5; Short=CCR5; AltName: CD_antigen=CD195 [Trachypithecus phayrei]	2.10e-09
Q13585.3	N/A	2.14e-09
O97878.1	RecName: Full=C-C chemokine receptor type 5; Short=C-C CKR-5; Short=CC-CKR-5; Short=CCR-5; Short=CCR5; AltName: CD_antigen=CD195 [Trachypithecus francoisi]	2.16e-09
P30975.2	N/A	2.31e-09
Q95NC8.1	N/A	2.32e-09
Q923Y5.1	N/A	2.36e-09
O13076.1	N/A	2.41e-09
Q5DUB3.1	N/A	2.45e-09
P30547.1	N/A	2.61e-09
O62743.2	RecName: Full=C-C chemokine receptor type 5; Short=C-C CKR-5; Short=CC-CKR-5; Short=CCR-5; Short=CCR5; AltName: CD_antigen=CD195 [Cercocebus atys]	2.61e-09
O97882.1	RecName: Full=C-C chemokine receptor type 5; Short=C-C CKR-5; Short=CC-CKR-5; Short=CCR-5; Short=CCR5; AltName: CD_antigen=CD195 [Pygathrix nemaeus]	2.61e-09
P25962.2	N/A	2.63e-09
O97880.1	RecName: Full=C-C chemokine receptor type 5; Short=C-C CKR-5; Short=CC-CKR-5; Short=CCR-5; Short=CCR5; AltName: CD_antigen=CD195 [Rhinopithecus bieti]	2.69e-09
Q9P1P4.1	PUTATIVE PSEUDOGENE: RecName: Full=Putative trace amine-associated receptor 3; Short=TaR-3; Short=Trace amine receptor 3; Short=hTaar3; AltName: Full=G-protein coupled receptor 57 [Homo sapiens]	2.75e-09
P51681.1	N/A	2.78e-09
Q95NC7.1	RecName: Full=C-C chemokine receptor type 5; Short=C-C CKR-5; Short=CC-CKR-5; Short=CCR-5; Short=CCR5; AltName: CD_antigen=CD195 [Nasalis larvatus]	2.81e-09
Q5QD06.1	N/A	2.84e-09
Q28838.3	N/A	2.95e-09
Q5ECR9.1	N/A	3.08e-09
P25115.1	N/A	3.26e-09
Q96RJ0.1	N/A	3.45e-09
P28566.1	N/A	3.52e-09
Q5QD10.1	N/A	3.55e-09
Q9N2B6.1	RecName: Full=5-hydroxytryptamine receptor 1E; Short=5-HT-1E; Short=5-HT1E; AltName: Full=Serotonin receptor 1E [Pan troglodytes]	3.55e-09
O02666.1	RecName: Full=Alpha-1D adrenergic receptor; AltName: Full=Alpha-1D adrenoreceptor; Short=Alpha-1D adrenoceptor [Oryctolagus cuniculus]	3.62e-09
E7F7V7.1	N/A	3.65e-09
P30372.1	N/A	3.67e-09
Q01337.1	N/A	4.00e-09
P22086.2	N/A	4.25e-09
P29371.1	N/A	4.31e-09
P51144.1	N/A	4.34e-09
O97661.2	N/A	4.67e-09
Q5QD29.1	N/A	4.74e-09
P58307.3	N/A	4.74e-09
Q25414.1	RecName: Full=5-hydroxytryptamine receptor; Short=5-HT receptor; AltName: Full=Serotonin receptor [Lymnaea stagnalis]	4.82e-09
Q60475.1	RecName: Full=Alpha-2B adrenergic receptor; AltName: Full=Alpha-2B adrenoreceptor; Short=Alpha-2B adrenoceptor; Short=Alpha-2BAR [Cavia porcellus]	4.90e-09
P32303.2	N/A	4.99e-09
P31387.1	RecName: Full=5-hydroxytryptamine receptor 5B; Short=5-HT-5B; Short=5-HT5B; AltName: Full=Serotonin receptor 5B [Mus musculus]	5.00e-09
Q93127.1	RecName: Full=Probable G-protein coupled receptor No18 [Amphibalanus amphitrite]	5.06e-09
Q8JG70.1	RecName: Full=Alpha-2Da adrenergic receptor; AltName: Full=Alpha-2Da adrenoceptor; Short=Alpha(2Da)AR; AltName: Full=Alpha-2Da adrenoreceptor [Danio rerio]	5.22e-09
P18871.2	RecName: Full=Alpha-2A adrenergic receptor; AltName: Full=Alpha-2A adrenoreceptor; Short=Alpha-2A adrenoceptor; Short=Alpha-2AAR [Sus scrofa]	5.29e-09
Q01717.1	N/A	5.32e-09
P41146.1	N/A	5.33e-09
Q60476.1	RecName: Full=Alpha-2C adrenergic receptor; AltName: Full=Alpha-2C adrenoreceptor; Short=Alpha-2C adrenoceptor; Short=Alpha-2CAR [Cavia porcellus]	5.39e-09
Q8BZ39.1	N/A	5.46e-09
O97512.2	N/A	5.55e-09
Q8UUY8.1	N/A	5.57e-09
Q59E83.1	N/A	5.80e-09
A0A287A2K5.1	N/A	5.80e-09
Q28642.1	RecName: Full=B2 bradykinin receptor; Short=B2R; Short=BK-2 receptor [Oryctolagus cuniculus]	6.20e-09
P30940.1	RecName: Full=5-hydroxytryptamine receptor 1F; Short=5-HT-1F; Short=5-HT1F; AltName: Full=Serotonin receptor 1F [Rattus norvegicus]	6.82e-09
Q9TV47.1	RecName: Full=C-C chemokine receptor type 5; Short=C-C CKR-5; Short=CC-CKR-5; Short=CCR-5; Short=CCR5; AltName: CD_antigen=CD195 [Cercopithecus cephus]	6.83e-09
Q0GBZ5.1	N/A	6.93e-09
Q9GZQ6.1	N/A	6.94e-09
Q9JHG3.1	N/A	7.08e-09
P10980.2	RecName: Full=Muscarinic acetylcholine receptor M2 [Rattus norvegicus]	7.12e-09
P06199.1	N/A	7.25e-09
P51679.1	N/A	7.30e-09
P51675.2	N/A	7.43e-09
P18825.2	N/A	7.46e-09
P41985.2	N/A	7.70e-09
P25023.4	RecName: Full=B2 bradykinin receptor; Short=B2R; Short=BK-2 receptor [Rattus norvegicus]	7.71e-09
P08172.1	N/A	7.85e-09
Q9TST4.1	N/A	7.89e-09
Q5IS66.1	RecName: Full=5-hydroxytryptamine receptor 2C; Short=5-HT-2C; Short=5-HT2C; Short=5-HTR2C; AltName: Full=Serotonin receptor 2C; Flags: Precursor [Pan troglodytes]	7.95e-09
P56482.1	N/A	8.13e-09
P18089.4	N/A	8.20e-09
Q9ERZ4.2	N/A	8.21e-09
O88495.3	N/A	8.47e-09
O42385.1	RecName: Full=5-hydroxytryptamine receptor 1A-alpha; Short=5-HT-1A-alpha; Short=5-HT1A-alpha; AltName: Full=F1A; AltName: Full=Serotonin receptor 1A-alpha [Takifugu rubripes]	8.86e-09
Q2Y2P0.1	N/A	9.06e-09
P51677.1	N/A	9.23e-09
Q9EQQ4.1	N/A	9.76e-09
P19327.1	N/A	9.85e-09
Q80WT4.1	N/A	1.03e-08
Q923Y6.1	N/A	1.10e-08
Q03566.2	N/A	1.13e-08
Q8HZN9.1	N/A	1.14e-08
Q8UUG8.1	RecName: Full=5-hydroxytryptamine receptor 2B; Short=5-HT-2B; Short=5-HT2B; AltName: Full=Serotonin receptor 2B [Tetraodon fluviatilis]	1.14e-08
P0DQD5.1	N/A	1.21e-08
Q61184.1	N/A	1.21e-08
O02662.1	RecName: Full=Beta-3 adrenergic receptor; AltName: Full=Beta-3 adrenoreceptor; Short=Beta-3 adrenoceptor [Canis lupus familiaris]	1.28e-08
Q969F8.2	N/A	1.30e-08
P30994.1	N/A	1.31e-08
P70585.2	N/A	1.33e-08
P79266.1	RecName: Full=Gastrin/cholecystokinin type B receptor; Short=CCK-B receptor; Short=CCK-BR; AltName: Full=Cholecystokinin-2 receptor; Short=CCK2-R [Bos taurus]	1.34e-08
Q8BMC0.1	N/A	1.35e-08
P51046.2	RecName: Full=Melatonin receptor type 1A-A; Short=Mel-1A-R-A; Short=Mel1a receptor A; AltName: Full=Melatonin receptor Mel1a Z1.7-4; AltName: Full=zMel1a1 [Danio rerio]	1.37e-08
Q8HZP2.1	RecName: Full=B1 bradykinin receptor; Short=B1R; Short=BK-1 receptor [Macaca mulatta]	1.43e-08
Q3BCU0.1	N/A	1.43e-08
Q1LZD0.1	N/A	1.44e-08
Q96RI8.1	N/A	1.46e-08
Q9BDS8.1	RecName: Full=C-C chemokine receptor type 3; Short=C-C CKR-3; Short=CC-CKR-3; Short=CCR-3; Short=CCR3; Short=CKR3; AltName: CD_antigen=CD193 [Macaca fascicularis]	1.48e-08
O97666.1	N/A	1.50e-08
P29276.1	N/A	1.52e-08
Q5QD05.1	N/A	1.62e-08
P35364.1	N/A	1.63e-08
Q61121.2	N/A	1.63e-08
Q23497.1	RecName: Full=Galanin-like G-protein coupled receptor npr-9; AltName: Full=Probable neuropeptide receptor 9 [Caenorhabditis elegans]	1.76e-08
Q9VCZ3.1	N/A	1.78e-08
Q5W8W0.1	N/A	1.83e-08
Q923Y0.1	N/A	1.90e-08
P35405.2	RecName: Full=Alpha-2C adrenergic receptor; AltName: Full=Alpha-2C adrenoreceptor; Short=Alpha-2C adrenoceptor; Short=Alpha-2CAR [Didelphis virginiana]	1.91e-08
O77723.1	RecName: Full=Alpha-2B adrenergic receptor; AltName: Full=Alpha-2B adrenoreceptor; Short=Alpha-2B adrenoceptor; Short=Alpha-2BAR [Echinops telfairi]	1.95e-08
Q8C010.2	N/A	2.05e-08
P46627.1	RecName: Full=Gastrin/cholecystokinin type B receptor; Short=CCK-B receptor; Short=CCK-BR; AltName: Full=Cholecystokinin-2 receptor; Short=CCK2-R [Oryctolagus cuniculus]	2.08e-08
P35377.1	N/A	2.15e-08
Q9GLX8.1	RecName: Full=B2 bradykinin receptor; Short=B2R; Short=BK-2 receptor [Sus scrofa]	2.25e-08
P23944.2	N/A	2.35e-08
P23820.1	RecName: Full=Retinochrome; AltName: Full=Retinal photoisomerase [Todarodes pacificus]	2.45e-08
O02213.4	N/A	2.53e-08
Q9TV48.1	RecName: Full=C-C chemokine receptor type 5; Short=C-C CKR-5; Short=CC-CKR-5; Short=CCR-5; Short=CCR5; AltName: CD_antigen=CD195 [Cercopithecus ascanius]	2.62e-08
Q28558.2	N/A	2.70e-08
P30966.2	N/A	2.80e-08
P30552.1	RecName: Full=Gastrin/cholecystokinin type B receptor; Short=CCK-B receptor; Short=CCK-BR; AltName: Full=Cholecystokinin-2 receptor; Short=CCK2-R [Canis lupus familiaris]	2.83e-08
P51050.1	RecName: Full=Melatonin receptor type 1B; Short=Mel-1B-R; Short=Mel1b receptor [Gallus gallus]	2.83e-08
P30939.1	N/A	2.94e-08
P28285.2	RecName: Full=5-hydroxytryptamine receptor 2A; Short=5-HT receptor 2A; AltName: Full=Serotonin receptor 2A [Drosophila melanogaster]	3.15e-08
P35370.1	N/A	3.20e-08
O19091.1	RecName: Full=Alpha-2B adrenergic receptor; AltName: Full=Alpha-2B adrenoreceptor; Short=Alpha-2B adrenoceptor; Short=Alpha-2BAR [Talpa europaea]	3.22e-08
P41143.4	N/A	3.25e-08
P41595.1	N/A	3.32e-08
P21452.3	N/A	3.35e-08
Q5QD04.1	N/A	3.45e-08
P34968.2	N/A	3.47e-08
P97714.1	RecName: Full=Alpha-1D adrenergic receptor; AltName: Full=Alpha-1A adrenergic receptor; AltName: Full=Alpha-1D adrenoreceptor; Short=Alpha-1D adrenoceptor [Mus musculus]	3.48e-08
Q9WV08.1	N/A	3.48e-08
Q9NSD7.1	N/A	3.50e-08
P56483.1	RecName: Full=C-C chemokine receptor type 3; Short=C-C CKR-3; Short=CC-CKR-3; Short=CCR-3; Short=CCR3; Short=CKR3; AltName: CD_antigen=CD193 [Macaca mulatta]	3.57e-08
Q9TV45.1	RecName: Full=C-C chemokine receptor type 5; Short=C-C CKR-5; Short=CC-CKR-5; Short=CCR-5; Short=CCR5; AltName: CD_antigen=CD195 [Cercopithecus nictitans]	3.63e-08
P70031.1	N/A	3.66e-08
P05363.1	N/A	3.68e-08
Q9TTQ9.1	N/A	3.74e-08
P35414.1	N/A	3.78e-08
Q9GZQ4.2	N/A	3.81e-08
Q1ZY22.1	N/A	3.90e-08
P49144.1	N/A	3.95e-08
P32239.1	N/A	4.37e-08
Q9NYM4.2	N/A	4.44e-08
P30796.1	RecName: Full=Gastrin/cholecystokinin type B receptor; Short=CCK-B receptor; Short=CCK-BR; AltName: Full=Cholecystokinin-2 receptor; Short=CCK2-R [Mastomys natalensis]	4.47e-08
Q9ESQ4.2	N/A	4.58e-08
Q9N2D9.1	RecName: Full=5-hydroxytryptamine receptor 1F; Short=5-HT-1F; Short=5-HT1F; AltName: Full=Serotonin receptor 1F [Pan troglodytes]	4.59e-08
P30553.1	N/A	4.61e-08
P35365.1	N/A	4.67e-08
P56718.1	N/A	4.78e-08
P30731.2	N/A	4.98e-08
P08913.4	N/A	5.01e-08
P21109.2	N/A	5.86e-08
P08909.1	N/A	5.89e-08
O08530.3	N/A	6.05e-08
P48303.1	N/A	6.07e-08
P56481.1	N/A	6.42e-08
Q9XT58.2	N/A	6.72e-08
P79217.1	N/A	7.14e-08
Q09QM4.1	N/A	7.23e-08
P79748.1	RecName: Full=5-hydroxytryptamine receptor 1D; Short=5-HT-1D; Short=5-HT1D; Short=5HT1D; AltName: Full=F1D; AltName: Full=Serotonin receptor 1D [Takifugu rubripes]	7.25e-08
Q0EAB6.1	N/A	7.30e-08
Q5E9P3.1	N/A	7.31e-08
Q6NS65.1	N/A	7.63e-08
Q9XT57.1	RecName: Full=Beta-3 adrenergic receptor; AltName: Full=Beta-3 adrenoreceptor; Short=Beta-3 adrenoceptor [Capra hircus]	7.90e-08
Q9N2A7.1	RecName: Full=Muscarinic acetylcholine receptor M2 [Pan troglodytes]	7.91e-08
P56492.1	RecName: Full=C-C chemokine receptor type 3; Short=C-C CKR-3; Short=CC-CKR-3; Short=CCR-3; Short=CCR3; Short=CKR3; AltName: CD_antigen=CD193 [Chlorocebus aethiops]	8.71e-08
Q25190.1	RecName: Full=5-hydroxytryptamine receptor; Short=5-HT receptor; AltName: Full=Serotonin receptor [Heliothis virescens]	8.80e-08
Q64017.2	N/A	9.31e-08
P20309.1	N/A	9.46e-08
Q9N2A2.1	RecName: Full=Muscarinic acetylcholine receptor M3 [Pongo pygmaeus]	9.54e-08
Q9N2A4.1	N/A	9.63e-08
Q9N2A3.1	N/A	9.71e-08
P28221.1	N/A	1.01e-07
Q64264.2	N/A	1.01e-07
P26255.2	N/A	1.05e-07
P55086.1	N/A	1.06e-07
O08556.1	RecName: Full=C-C chemokine receptor type 5; Short=C-C CKR-5; Short=CC-CKR-5; Short=CCR-5; AltName: Full=MIP-1 alpha receptor; AltName: CD_antigen=CD195 [Rattus norvegicus]	1.10e-07
P11614.1	N/A	1.11e-07
O77715.1	RecName: Full=Alpha-2B adrenergic receptor; AltName: Full=Alpha-2B adrenoreceptor; Short=Alpha-2B adrenoceptor; Short=Alpha-2BAR [Didelphis virginiana]	1.14e-07
Q90456.2	RecName: Full=Melatonin receptor type 1B-A; Short=Mel-1B-R-A; Short=Mel1b receptor A; AltName: Full=Melatonin receptor Mel1b Z6.2; AltName: Full=Melatonin receptor Mel1b-19; AltName: Full=zMel1b-2 [Danio rerio]	1.21e-07
P11483.1	N/A	1.22e-07
O70431.1	RecName: Full=Beta-2 adrenergic receptor; AltName: Full=Beta-2 adrenoreceptor; Short=Beta-2 adrenoceptor [Meriones unguiculatus]	1.23e-07
Q6VMN6.2	N/A	1.25e-07
Q91V45.1	N/A	1.27e-07
Q6XXX9.1	N/A	1.31e-07
P79292.1	N/A	1.32e-07
Q6XXY0.1	N/A	1.44e-07
Q8HZP3.1	N/A	1.52e-07
Q8IZ08.2	N/A	1.52e-07
Q95L01.1	RecName: Full=B1 bradykinin receptor; Short=B1R; Short=BK-1 receptor [Chlorocebus aethiops]	1.53e-07
P11615.1	RecName: Full=Alpha-1B adrenergic receptor; AltName: Full=Alpha-1B adrenoreceptor; Short=Alpha-1B adrenoceptor [Canis lupus familiaris]	1.60e-07
P08908.3	N/A	1.62e-07
Q9N296.1	N/A	1.66e-07
Q9N298.1	N/A	1.67e-07
Q4G072.1	N/A	1.71e-07
Q9N297.1	N/A	1.73e-07
Q924U1.2	RecName: Full=KiSS-1 receptor; Short=KiSS-1R; AltName: Full=G-protein coupled receptor 54; AltName: Full=G-protein coupled receptor OT7T175; Short=rOT7T175; AltName: Full=Kisspeptins receptor; AltName: Full=Metastin receptor [Rattus norvegicus]	1.86e-07
P41984.1	N/A	1.87e-07
Q63645.1	N/A	1.96e-07
O08892.1	N/A	1.99e-07
P79785.1	N/A	2.02e-07
Q64121.1	N/A	2.07e-07
P33396.1	N/A	2.07e-07
Q4EW11.1	N/A	2.09e-07
Q8BGE9.1	N/A	2.20e-07
Q8MJV2.1	N/A	2.29e-07
O77408.1	RecName: Full=Octopamine receptor 1; Short=OA1 [Lymnaea stagnalis]	2.86e-07
A1ZAX0.2	N/A	2.98e-07
O43613.2	N/A	2.98e-07
P30411.2	N/A	3.00e-07
Q8HZP1.1	RecName: Full=B1 bradykinin receptor; Short=B1R; Short=BK-1 receptor [Tupaia minor]	3.04e-07
Q15760.2	N/A	3.14e-07
O43603.1	N/A	3.49e-07
Q9ERZ3.1	N/A	3.50e-07
Q2V2K5.1	RecName: Full=Gonadotropin-releasing hormone receptor; Short=GnRH receptor; Short=GnRH-R; Short=oct-GnRHR [Octopus vulgaris]	3.52e-07
Q8JG69.1	N/A	3.62e-07
O54689.1	N/A	4.13e-07
P08483.1	N/A	4.18e-07
Q9DDK4.2	RecName: Full=Sphingosine 1-phosphate receptor 1; Short=S1P receptor 1; Short=S1P1; AltName: Full=Sphingosine 1-phosphate receptor Edg-1; Short=S1P receptor Edg-1 [Danio rerio]	4.29e-07
P21453.2	N/A	4.58e-07
Q8CIQ6.1	RecName: Full=Melatonin receptor type 1B; Short=Mel-1B-R; Short=Mel1b receptor [Mus musculus]	4.85e-07
Q5MD61.1	N/A	4.88e-07
P47748.1	N/A	4.94e-07
O70342.2	N/A	5.16e-07
Q8CIM5.1	RecName: Full=G-protein coupled receptor 84 [Mus musculus]	5.18e-07
Q6TLJ0.1	N/A	5.24e-07
P28190.3	N/A	5.37e-07
Q28003.1	RecName: Full=C-X-C chemokine receptor type 2; Short=CXC-R2; Short=CXCR-2; AltName: Full=High affinity interleukin-8 receptor B; Short=IL-8R B; AltName: CD_antigen=CD182 [Bos taurus]	5.58e-07
P33533.1	N/A	5.73e-07
Q91ZY1.1	N/A	5.96e-07
P17200.1	N/A	6.14e-07
Q98998.1	N/A	6.83e-07
Q63634.2	N/A	6.94e-07
P35407.2	N/A	7.03e-07
P49578.1	N/A	7.76e-07
Q2KI97.1	N/A	7.81e-07
P30550.1	N/A	8.16e-07
Q96RI9.1	N/A	8.27e-07
Q58CW4.1	N/A	8.37e-07
Q17239.1	N/A	8.60e-07
P21730.2	N/A	8.94e-07
P79250.2	N/A	9.03e-07
P32300.1	N/A	9.13e-07
Q2YEG0.1	N/A	9.13e-07
Q9R1K6.1	N/A	9.36e-07
Q4V622.1	N/A	9.64e-07
Q90X46.2	RecName: Full=G-protein coupled receptor 161 [Danio rerio]	9.80e-07
Q8MJW8.1	N/A	1.00e-06
P60019.1	N/A	1.04e-06
P49145.1	N/A	1.07e-06
Q91ZY2.1	N/A	1.11e-06
P51676.2	N/A	1.13e-06
P30544.1	RecName: Full=Muscarinic acetylcholine receptor M4 [Xenopus laevis]	1.15e-06
Q02152.3	N/A	1.18e-06
Q9QZN9.3	N/A	1.20e-06
P30936.1	N/A	1.24e-06
Q588Y6.1	N/A	1.24e-06
Q60484.1	N/A	1.26e-06
P97520.1	N/A	1.30e-06
O18982.1	RecName: Full=G-protein coupled receptor 15; AltName: Full=Brother of Bonzo; Short=BoB [Chlorocebus aethiops]	1.33e-06
Q9N2B7.1	RecName: Full=5-hydroxytryptamine receptor 1B; Short=5-HT-1B; Short=5-HT1B; AltName: Full=Serotonin receptor 1B [Gorilla gorilla gorilla]	1.36e-06
Q7TQN7.1	N/A	1.39e-06
P28222.1	N/A	1.39e-06
P47936.1	N/A	1.41e-06
Q9H3N8.2	N/A	1.47e-06
P23266.1	N/A	1.49e-06
P34972.1	N/A	1.50e-06
Q2NNR5.1	N/A	1.65e-06
P28334.1	N/A	1.69e-06
Q7JQF1.1	N/A	1.71e-06
Q7TQP2.1	N/A	1.81e-06
P30551.1	N/A	1.84e-06
Q969N4.1	N/A	1.90e-06
P79175.2	RecName: Full=C5a anaphylatoxin chemotactic receptor 1; AltName: Full=C5a anaphylatoxin chemotactic receptor; Short=C5a-R; Short=C5aR; AltName: CD_antigen=CD88 [Gorilla gorilla gorilla]	1.95e-06
P56489.1	N/A	1.97e-06
P08911.1	N/A	1.98e-06
Q9WTV8.2	RecName: Full=Vasopressin V1a receptor; Short=V1aR; AltName: Full=AVPR V1a; AltName: Full=Antidiuretic hormone receptor 1a; AltName: Full=Vascular/hepatic-type arginine vasopressin receptor [Microtus montanus]	2.00e-06
Q15761.2	N/A	2.01e-06
P46663.3	N/A	2.04e-06
Q6XXX8.1	N/A	2.07e-06
P55085.1	RecName: Full=Proteinase-activated receptor 2; Short=PAR-2; AltName: Full=Coagulation factor II receptor-like 1; AltName: Full=G-protein coupled receptor 11; AltName: Full=Thrombin receptor-like 1; Contains: RecName: Full=Proteinase-activated receptor 2, alternate cleaved 1; Contains: RecName: Full=Proteinase-activated receptor 2, alternate cleaved 2; Flags: Precursor [Homo sapiens]	2.18e-06
Q9WUT7.1	N/A	2.23e-06
Q86917.1	RecName: Full=G-protein coupled receptor homolog Q2/3L [Sheeppox virus KS-1]	2.24e-06
Q5R949.1	N/A	2.25e-06
P08482.1	N/A	2.25e-06
P12657.2	N/A	2.31e-06
P11229.2	N/A	2.35e-06
P04761.1	N/A	2.44e-06
P24628.1	N/A	2.48e-06
P49685.1	N/A	2.65e-06
P30098.1	N/A	2.95e-06
P53453.1	N/A	3.05e-06
Q60483.1	RecName: Full=Beta-3 adrenergic receptor; AltName: Full=Beta-3 adrenoreceptor; Short=Beta-3 adrenoceptor [Cavia porcellus]	3.09e-06
Q62463.1	N/A	3.19e-06
P97583.2	N/A	3.20e-06
Q920H4.2	N/A	3.31e-06
P32211.1	N/A	3.44e-06
P51684.2	N/A	3.47e-06
Q9U7D5.2	N/A	3.50e-06
Q9NPB9.1	N/A	3.56e-06
P30935.2	N/A	3.61e-06
B0UXR0.1	N/A	3.72e-06
Q8IN35.2	N/A	3.85e-06
P79218.1	N/A	3.89e-06
Q9Z0Z6.1	N/A	3.96e-06
P11616.1	N/A	4.07e-06
P79240.2	N/A	4.29e-06
Q89609.1	N/A	4.55e-06
P51685.1	N/A	4.76e-06
Q9W534.2	N/A	4.76e-06
Q924T8.1	N/A	5.00e-06
P08173.2	N/A	5.35e-06
P32302.1	N/A	5.90e-06
Q9EQ16.1	N/A	6.73e-06
P49683.3	N/A	6.83e-06
P28564.1	N/A	6.97e-06
P56490.1	N/A	7.00e-06
O62729.1	N/A	7.23e-06
O97663.1	N/A	7.28e-06
P30542.1	N/A	7.30e-06
Q2AC31.1	N/A	7.43e-06
P35404.1	RecName: Full=5-hydroxytryptamine receptor 1B; Short=5-HT-1B; Short=5-HT1B; AltName: Full=Serotonin receptor 1B [Didelphis virginiana]	7.45e-06
P56412.1	RecName: Full=G-protein coupled receptor 15 [Macaca nemestrina]	7.89e-06
O88410.2	N/A	7.96e-06
P34970.1	N/A	8.64e-06
Q9BXA5.2	N/A	8.98e-06
Q1JQB3.1	N/A	8.99e-06
O02664.1	RecName: Full=D(1A) dopamine receptor; AltName: Full=Dopamine D1 receptor [Oryctolagus cuniculus]	9.08e-06
P30560.4	N/A	9.11e-06
Q80T62.2	N/A	1.00e-05
Q7TMA4.1	N/A	1.01e-05
Q9BDQ5.1	N/A	1.01e-05
Q8K1Q3.2	N/A	1.04e-05
Q6IYF9.1	N/A	1.04e-05
P08485.1	RecName: Full=Muscarinic acetylcholine receptor M4 [Rattus norvegicus]	1.07e-05
P25099.2	N/A	1.08e-05
Q29003.1	RecName: Full=5-hydroxytryptamine receptor 1E; Short=5-HT-1E; Short=5-HT1E; AltName: Full=Serotonin receptor 1E [Sus scrofa]	1.08e-05
P35462.2	RecName: Full=D(3) dopamine receptor; AltName: Full=Dopamine D3 receptor [Homo sapiens]	1.09e-05
O08786.1	N/A	1.12e-05
Q5IS72.1	N/A	1.12e-05
Q0EAB5.1	N/A	1.15e-05
Q95157.1	N/A	1.15e-05
Q99JA4.1	N/A	1.15e-05
Q63931.1	RecName: Full=Cholecystokinin receptor type A; Short=CCK-A receptor; Short=CCK-AR; AltName: Full=Cholecystokinin-1 receptor; Short=CCK1-R [Cavia porcellus]	1.19e-05
O97969.1	N/A	1.24e-05
P32745.1	N/A	1.25e-05
Q14439.1	N/A	1.33e-05
O42384.1	RecName: Full=5-hydroxytryptamine receptor 1A-beta; Short=5-HT-1A-beta; Short=5-HT1A-beta; AltName: Full=F1B; AltName: Full=Serotonin receptor 1A-beta [Takifugu rubripes]	1.35e-05
P49892.1	N/A	1.36e-05
Q60F97.1	N/A	1.39e-05
Q9BDS7.1	RecName: Full=G-protein coupled receptor 15 [Macaca fascicularis]	1.44e-05
C8YUV0.1	N/A	1.50e-05
Q96P66.1	N/A	1.57e-05
P52703.1	N/A	1.60e-05
Q29J90.2	RecName: Full=G-protein coupled receptor moody [Drosophila pseudoobscura pseudoobscura]	1.63e-05
P56496.1	RecName: Full=5-hydroxytryptamine receptor 1B; Short=5-HT-1B; Short=5-HT1B; AltName: Full=Serotonin receptor 1B [Nannospalax ehrenbergi]	1.67e-05
Q9WTV9.1	RecName: Full=Vasopressin V1a receptor; Short=V1aR; AltName: Full=AVPR V1a; AltName: Full=Antidiuretic hormone receptor 1a; AltName: Full=Vascular/hepatic-type arginine vasopressin receptor [Microtus ochrogaster]	1.70e-05
Q8NGR9.2	RecName: Full=Olfactory receptor 1N2; AltName: Full=Olfactory receptor OR9-23 [Homo sapiens]	1.70e-05
Q8NGX1.1	N/A	1.73e-05
Q9NDM2.1	N/A	1.75e-05
P35351.1	N/A	1.81e-05
P08912.2	N/A	1.81e-05
P35374.1	N/A	1.84e-05
P50132.2	N/A	1.86e-05
O00155.2	N/A	1.86e-05
O97665.1	RecName: Full=C-C chemokine receptor type 8; Short=C-C CKR-8; Short=CC-CKR-8; Short=CCR-8; AltName: CD_antigen=CDw198 [Macaca mulatta]	1.91e-05
P46636.1	N/A	1.92e-05
P52702.1	N/A	1.99e-05
Q9GJU1.1	N/A	2.08e-05
Q5RF57.1	N/A	2.16e-05
P32250.1	RecName: Full=Lysophosphatidic acid receptor 6; Short=LPA receptor 6; Short=LPA-6; AltName: Full=Oleoyl-L-alpha-lysophosphatidic acid receptor; AltName: Full=P2Y purinoceptor 5; Short=P2Y5; AltName: Full=Purinergic receptor 5 [Gallus gallus]	2.19e-05
P61169.1	N/A	2.26e-05
P21917.3	N/A	2.35e-05
Q5E9H8.1	N/A	2.35e-05
Q9NS66.1	N/A	2.35e-05
P61168.2	N/A	2.36e-05
Q8NH37.2	N/A	2.37e-05
Q90305.1	RecName: Full=Rhodopsin [Coregonus autumnalis]	2.39e-05
Q60612.4	N/A	2.41e-05
P20288.1	N/A	2.53e-05
Q5IS53.1	N/A	2.54e-05
P35409.1	RecName: Full=Probable glycoprotein hormone G-protein coupled receptor; Flags: Precursor [Anthopleura elegantissima]	2.70e-05
Q6PI62.1	N/A	2.99e-05
P97639.4	N/A	3.01e-05
Q924I3.1	N/A	3.04e-05
P46093.2	N/A	3.05e-05
O97772.1	N/A	3.11e-05
P28335.1	N/A	3.16e-05
P32238.1	N/A	3.20e-05
Q9QXI3.1	N/A	3.32e-05
Q6TLI9.1	N/A	3.48e-05
O42179.1	RecName: Full=Somatostatin-like receptor F_48D10.1 [Takifugu rubripes]	3.81e-05
P70612.1	N/A	4.03e-05
Q8BZA7.1	N/A	4.07e-05
Q9UBY5.1	N/A	4.11e-05
Q6R6L8.1	N/A	4.33e-05
P50052.1	N/A	4.64e-05
Q9EQ31.1	N/A	4.71e-05
P14416.2	N/A	4.99e-05
