Q8HY69.2	RecName: Full=Rhodopsin [Sminthopsis crassicaudata]	6.22e-48
P28683.1	N/A	4.04e-46
P56515.1	RecName: Full=Rhodopsin [Rhinella marina]	2.38e-45
P51476.1	RecName: Full=Pinopsin; AltName: Full=Pineal gland-specific opsin; Short=P-opsin; Short=Pineal opsin [Columba livia]	3.67e-45
Q9W6A5.2	N/A	4.44e-45
Q90245.1	RecName: Full=Rhodopsin [Ambystoma tigrinum]	8.03e-45
P22671.1	RecName: Full=Rhodopsin [Lethenteron camtschaticum]	9.59e-45
Q8AYM8.1	N/A	3.07e-44
P32310.1	N/A	3.36e-44
P56514.1	RecName: Full=Rhodopsin [Bufo bufo]	4.00e-44
P29403.1	RecName: Full=Rhodopsin [Xenopus laevis]	5.66e-44
P51470.1	RecName: Full=Rhodopsin [Lithobates catesbeianus]	7.85e-44
P22328.1	N/A	1.08e-43
Q8AYM7.1	N/A	1.48e-43
O42266.1	N/A	1.90e-43
P56516.1	RecName: Full=Rhodopsin [Rana temporaria]	5.58e-43
Q28886.1	N/A	6.68e-43
Q90214.1	RecName: Full=Rhodopsin, deep-sea form [Anguilla anguilla]	9.93e-43
P35359.2	RecName: Full=Rhodopsin [Danio rerio]	1.19e-42
P79863.1	RecName: Full=Rhodopsin [Leucoraja erinacea]	1.30e-42
P51471.1	N/A	1.78e-42
Q6W3E1.1	RecName: Full=Rhodopsin [Caluromys philander]	2.47e-42
Q95KU1.1	N/A	3.11e-42
P49912.1	N/A	4.45e-42
Q769E8.1	N/A	6.57e-42
P32311.1	N/A	8.39e-42
P31355.1	RecName: Full=Rhodopsin [Rana pipiens]	1.01e-41
P41590.1	N/A	1.28e-41
O62795.1	RecName: Full=Rhodopsin [Phoca groenlandica]	1.39e-41
Q9W6A6.2	RecName: Full=Green-sensitive opsin-4; AltName: Full=Green cone photoreceptor pigment 4; AltName: Full=Opsin RH2-4; AltName: Full=Opsin-1, medium-wave-sensitive 4 [Danio rerio]	1.66e-41
P28681.1	N/A	1.71e-41
P51475.1	RecName: Full=Pinopsin; AltName: Full=Pineal gland-specific opsin; Short=P-opsin; Short=Pineal opsin [Gallus gallus]	1.81e-41
P02699.1	N/A	1.96e-41
P52202.1	N/A	2.44e-41
P15409.2	N/A	2.56e-41
O42490.1	RecName: Full=Pineal opsin; AltName: Full=Pineal gland-specific opsin; Short=P-opsin [Petromyzon marinus]	3.25e-41
O42604.1	RecName: Full=Rhodopsin [Zeus faber]	4.13e-41
O62794.1	N/A	4.51e-41
P87366.1	N/A	4.59e-41
Q9W6A8.1	N/A	5.78e-41
Q90215.1	RecName: Full=Rhodopsin, freshwater form [Anguilla anguilla]	8.42e-41
Q68J47.1	N/A	8.56e-41
P51489.1	RecName: Full=Rhodopsin [Rattus norvegicus]	1.07e-40
P79807.1	RecName: Full=Rhodopsin [Myripristis violacea]	2.01e-40
P79809.1	RecName: Full=Rhodopsin [Neoniphon aurolineatus]	2.09e-40
P51474.1	RecName: Full=Green-sensitive opsin-3; AltName: Full=Green cone photoreceptor pigment 3 [Psalidodon fasciatus]	2.49e-40
O93459.1	RecName: Full=Rhodopsin [Scyliorhinus canicula]	3.20e-40
P79903.1	RecName: Full=Rhodopsin [Sargocentron spiniferum]	4.09e-40
O42327.1	RecName: Full=Rhodopsin [Comephorus dybowskii]	5.24e-40
P51491.1	N/A	5.90e-40
P51488.1	RecName: Full=Rhodopsin [Cyprinus carpio]	6.95e-40
P32309.1	RecName: Full=Rhodopsin [Carassius auratus]	8.13e-40
Q98980.1	N/A	8.48e-40
P79911.1	RecName: Full=Rhodopsin [Sargocentron tiere]	1.09e-39
P09241.1	RecName: Full=Rhodopsin [Enteroctopus dofleini]	1.19e-39
Q9YGZ4.1	RecName: Full=Rhodopsin [Dicentrarchus labrax]	1.25e-39
O62793.1	RecName: Full=Rhodopsin [Mesoplodon bidens]	1.34e-39
Q7T3Q7.1	RecName: Full=Opsin-VA; AltName: Full=Vertebrate ancient opsin [Rutilus rutilus]	1.39e-39
O13227.1	RecName: Full=Blue-sensitive opsin; AltName: Full=Blue cone photoreceptor pigment [Conger conger]	1.57e-39
O42451.1	RecName: Full=Rhodopsin [Procottus jettelesii]	1.99e-39
O42330.1	RecName: Full=Rhodopsin [Cottocomephorus inermis]	2.33e-39
O93441.1	RecName: Full=Rhodopsin [Galeus melastomus]	3.14e-39
P02700.2	RecName: Full=Rhodopsin [Ovis aries]	3.55e-39
O18766.1	N/A	3.99e-39
Q9YH00.1	RecName: Full=Rhodopsin [Lithognathus mormyrus]	6.01e-39
P32312.1	N/A	8.31e-39
Q9YGZ6.1	RecName: Full=Rhodopsin [Chelon auratus]	1.02e-38
P79914.1	RecName: Full=Rhodopsin [Sargocentron xantherythrum]	1.20e-38
Q9YGZ0.1	RecName: Full=Rhodopsin [Sardina pilchardus]	1.42e-38
P79812.1	RecName: Full=Rhodopsin [Neoniphon sammara]	1.51e-38
P79848.1	RecName: Full=Rhodopsin [Poecilia reticulata]	1.56e-38
P79808.1	RecName: Full=Rhodopsin [Neoniphon argenteus]	1.61e-38
P51490.1	N/A	1.80e-38
P87369.1	N/A	2.07e-38
P41591.1	RecName: Full=Rhodopsin [Anolis carolinensis]	2.55e-38
P79798.1	RecName: Full=Rhodopsin [Myripristis berndti]	2.95e-38
P79756.1	RecName: Full=Rhodopsin [Gambusia affinis]	3.24e-38
P79902.1	RecName: Full=Rhodopsin [Sargocentron punctatissimum]	3.27e-38
Q9YH03.1	RecName: Full=Rhodopsin [Sarpa salpa]	3.42e-38
O62791.1	N/A	3.91e-38
Q9YGZ3.1	RecName: Full=Rhodopsin [Salaria pavo]	4.00e-38
P51472.1	N/A	4.25e-38
O57605.1	N/A	4.30e-38
Q9YGZ8.1	RecName: Full=Rhodopsin [Chelon labrosus]	4.53e-38
Q9YH04.1	RecName: Full=Rhodopsin [Diplodus vulgaris]	4.87e-38
O42268.1	RecName: Full=Rhodopsin [Ictalurus punctatus]	4.96e-38
O42294.1	RecName: Full=Rhodopsin [Abyssocottus korotneffi]	6.27e-38
Q9DGG4.1	RecName: Full=Rhodopsin [Tetraodon nigroviridis]	6.67e-38
P03999.1	N/A	7.02e-38
Q9YH05.1	RecName: Full=Rhodopsin [Diplodus annularis]	7.88e-38
Q9YGZ9.1	RecName: Full=Rhodopsin [Mugil cephalus]	8.13e-38
P79898.1	RecName: Full=Rhodopsin [Sargocentron diadema]	8.66e-38
Q9YGZ5.1	RecName: Full=Rhodopsin [Solea solea]	8.75e-38
P79901.1	RecName: Full=Rhodopsin [Sargocentron microstoma]	1.14e-37
Q9YGZ1.1	RecName: Full=Rhodopsin [Atherina boyeri]	1.64e-37
Q63652.2	RecName: Full=Short-wave-sensitive opsin 1; Short=S opsin; AltName: Full=Blue cone photoreceptor pigment; AltName: Full=Blue-sensitive opsin; Short=BOP; AltName: Full=Short wavelength-sensitive cone opsin [Rattus norvegicus]	1.98e-37
Q9YGZ7.1	RecName: Full=Rhodopsin [Chelon saliens]	2.02e-37
Q9W6A9.2	RecName: Full=Opsin-1, short-wave-sensitive 1; Short=Opsin SWS-1; AltName: Full=Ultraviolet cone photoreceptor pigment; AltName: Full=Ultraviolet-sensitive opsin [Danio rerio]	2.05e-37
Q9YH02.1	N/A	2.88e-37
P51473.1	N/A	5.74e-37
P35357.1	RecName: Full=Blue-sensitive opsin P467; AltName: Full=Blue photoreceptor pigment [Gekko gecko]	5.84e-37
O42307.1	RecName: Full=Rhodopsin [Cottinella boulengeri]	8.81e-37
Q9YH01.1	RecName: Full=Rhodopsin [Mullus surmuletus]	9.64e-37
P24603.1	RecName: Full=Rhodopsin [Loligo forbesii]	1.32e-36
Q9YGY9.1	RecName: Full=Rhodopsin [Zosterisessor ophiocephalus]	1.53e-36
O13018.1	N/A	1.60e-36
O62796.1	N/A	1.73e-36
O42452.1	RecName: Full=Rhodopsin [Paracottus knerii]	2.44e-36
O13092.1	N/A	2.77e-36
P32308.1	N/A	3.08e-36
P08100.1	N/A	5.02e-36
O15973.1	RecName: Full=Rhodopsin, GQ-coupled; AltName: Full=GQ-rhodopsin [Mizuhopecten yessoensis]	5.47e-36
Q4U4D2.2	RecName: Full=Melanopsin; AltName: Full=Opsin-4 [Podarcis siculus]	7.30e-36
O62798.1	N/A	1.10e-35
Q17094.1	RecName: Full=Rhodopsin [Alloteuthis subulata]	1.62e-35
O14718.1	N/A	1.64e-35
O42300.1	RecName: Full=Rhodopsin [Batrachocottus multiradiatus]	1.96e-35
Q9YGZ2.1	RecName: Full=Rhodopsin [Gobius niger]	2.73e-35
O42301.1	RecName: Full=Rhodopsin [Batrachocottus nikolskii]	2.80e-35
P87368.1	N/A	2.90e-35
O42466.1	RecName: Full=Rhodopsin [Taurulus bubalis]	3.22e-35
O35214.1	N/A	5.48e-35
O62792.1	RecName: Full=Rhodopsin [Globicephala melas]	5.85e-35
P87365.1	N/A	6.40e-35
O42427.1	RecName: Full=Rhodopsin [Limnocottus bergianus]	7.90e-35
Q90373.1	RecName: Full=Rhodopsin [Leocottus kesslerii]	7.98e-35
Q9WUK7.1	N/A	1.12e-34
O42431.1	RecName: Full=Rhodopsin [Limnocottus pallidus]	1.39e-34
P31356.2	RecName: Full=Rhodopsin [Todarodes pacificus]	1.53e-34
Q5XXP2.1	RecName: Full=Melanopsin; AltName: Full=Opsin-4 [Phodopus sungorus]	5.87e-34
Q90309.1	N/A	7.08e-34
P28684.1	N/A	8.09e-34
Q9H1Y3.1	N/A	9.88e-34
O42328.1	RecName: Full=Rhodopsin [Cottocomephorus grewingki]	2.30e-33
O16005.1	RecName: Full=Rhodopsin [Sepia officinalis]	3.01e-33
P28682.1	N/A	4.26e-33
Q8AYN0.1	RecName: Full=Red-sensitive opsin-2; AltName: Full=Opsin-1, long-wave-sensitive 2; Short=Opsin LWS-2; AltName: Full=Red cone photoreceptor pigment 2 [Danio rerio]	1.00e-32
O18912.2	N/A	1.32e-32
O18913.2	N/A	2.01e-32
O18914.2	N/A	5.01e-32
P35403.1	RecName: Full=Rhodopsin [Pomatoschistus minutus]	5.39e-32
O35478.2	RecName: Full=Medium-wave-sensitive opsin 1; AltName: Full=Green cone photoreceptor pigment; AltName: Full=Green-sensitive opsin; AltName: Full=Medium wavelength-sensitive cone opsin [Sciurus carolinensis]	7.11e-32
Q5YKK9.1	N/A	7.31e-32
Q9R024.1	N/A	9.58e-32
P87367.1	N/A	1.01e-31
Q6XL69.1	RecName: Full=Melanopsin; AltName: Full=Opsin-4 [Rutilus rutilus]	1.03e-31
Q9W6A7.1	N/A	1.10e-31
P04000.1	RecName: Full=Long-wave-sensitive opsin 1; AltName: Full=Red cone photoreceptor pigment; AltName: Full=Red-sensitive opsin; Short=ROP [Homo sapiens]	1.72e-31
O18910.2	N/A	2.11e-31
P04001.1	N/A	2.14e-31
O12948.1	N/A	2.75e-31
P34989.1	RecName: Full=Opsin, longwave 563 nm [Callithrix jacchus]	3.32e-31
Q6VZZ7.1	N/A	4.05e-31
Q9BGI7.1	N/A	4.12e-31
Q9UHM6.1	N/A	4.49e-31
Q95170.1	N/A	4.81e-31
Q2KNE5.3	RecName: Full=Melanopsin-A; AltName: Full=Mammalian-like melanopsin; AltName: Full=Melanopsin-M; AltName: Full=Opsin-4-A; AltName: Full=Opsin-4M [Danio rerio]	5.03e-31
Q8R456.1	N/A	5.10e-31
Q1JPS6.1	N/A	5.24e-31
P35358.1	RecName: Full=Green-sensitive opsin P521; AltName: Full=Green photoreceptor pigment [Gekko gecko]	6.45e-31
P22332.2	N/A	8.38e-31
P22330.1	RecName: Full=Green-sensitive opsin-1; AltName: Full=Green cone photoreceptor pigment 1 [Psalidodon fasciatus]	1.12e-30
P41592.1	N/A	1.41e-30
O35476.2	N/A	1.71e-30
P22331.1	N/A	3.32e-30
O35599.1	N/A	3.57e-30
Q9QXZ9.1	N/A	4.06e-30
Q6U736.3	N/A	4.64e-30
Q804Q2.1	RecName: Full=Melanopsin-B; AltName: Full=Opsin-4B [Gadus morhua]	6.36e-30
O57422.1	N/A	1.06e-29
P22329.1	N/A	1.33e-29
Q804X9.1	RecName: Full=Melanopsin-A; AltName: Full=Opsin-4A [Gadus morhua]	1.72e-29
O15974.1	RecName: Full=Rhodopsin, G0-coupled; AltName: Full=G0-rhodopsin [Mizuhopecten yessoensis]	2.85e-29
P32313.1	RecName: Full=Red-sensitive opsin; AltName: Full=Red cone photoreceptor pigment [Carassius auratus]	4.59e-29
O02464.2	RecName: Full=Opsin-1; Short=MANOP1; AltName: Full=Rhodopsin 1, long-wavelength; AltName: Full=Rhodopsin P520 [Manduca sexta]	1.00e-27
P35361.1	N/A	2.00e-26
Q94741.1	RecName: Full=Opsin-1 [Schistocerca gregaria]	2.81e-26
Q25158.1	RecName: Full=Compound eye opsin BCRH2 [Hemigrapsus sanguineus]	3.64e-26
O18911.1	RecName: Full=Medium-wave-sensitive opsin 1; AltName: Full=Green cone photoreceptor pigment; AltName: Full=Green-sensitive opsin [Odocoileus virginianus virginianus]	6.82e-26
P35360.1	RecName: Full=Lateral eye opsin [Limulus polyphemus]	1.06e-25
P22269.1	RecName: Full=Opsin Rh1; AltName: Full=Outer R1-R6 photoreceptor cells opsin [Calliphora vicina]	4.74e-25
Q95YI3.1	N/A	5.79e-25
P35362.1	RecName: Full=Rhodopsin; Short=Opsin [Sphodromantis sp.]	9.70e-25
Q17292.1	N/A	1.20e-24
P06002.1	N/A	1.67e-24
E7F7V7.1	N/A	1.96e-24
P28678.4	N/A	4.95e-24
Q25157.1	RecName: Full=Compound eye opsin BCRH1 [Hemigrapsus sanguineus]	6.28e-24
Q4R1I4.1	RecName: Full=Melanopsin; AltName: Full=Opsin-4; AltName: Full=amphi-MOP [Branchiostoma belcheri]	7.43e-24
Q17296.1	RecName: Full=Rhodopsin [Cataglyphis bombycina]	2.66e-23
P30937.1	N/A	3.75e-23
P34993.1	N/A	1.76e-21
Q17053.1	RecName: Full=Rhodopsin, long-wavelength; AltName: Full=Opsin, green-sensitive [Apis mellifera]	1.98e-21
O01668.1	N/A	2.54e-21
P30875.1	N/A	3.88e-21
P30874.1	N/A	4.24e-21
P35356.1	RecName: Full=Rhodopsin [Procambarus clarkii]	4.75e-21
P34994.1	N/A	1.11e-20
P49660.2	RecName: Full=Somatostatin receptor type 4; Short=SS-4-R; Short=SS4-R; Short=SS4R [Mus musculus]	1.20e-20
P30680.1	N/A	1.31e-20
P28679.3	N/A	1.98e-20
P31391.2	N/A	2.09e-20
Q95M54.1	N/A	2.23e-20
O16020.1	RecName: Full=Rhodopsin [Procambarus milleri]	3.48e-20
Q49LX6.1	N/A	4.24e-20
O16019.1	RecName: Full=Rhodopsin [Orconectes virilis]	5.18e-20
Q49LX5.1	N/A	5.25e-20
P30872.1	N/A	5.25e-20
Q7ZTV5.1	RecName: Full=Follicle-stimulating hormone receptor; Short=FSH-R; AltName: Full=Follitropin receptor; Flags: Precursor [Cairina moschata]	5.48e-20
P30873.1	N/A	8.05e-20
P08099.1	N/A	9.58e-20
P28646.1	N/A	9.96e-20
P34992.1	N/A	1.33e-19
F1R332.2	N/A	1.51e-19
O18315.1	RecName: Full=Rhodopsin [Cambarus maculatus]	2.74e-19
Q9MYW9.2	N/A	2.78e-19
O18485.1	RecName: Full=Rhodopsin [Procambarus orcinus]	3.44e-19
P30549.1	N/A	4.33e-19
O18481.1	RecName: Full=Rhodopsin [Orconectes australis]	6.07e-19
Q5GJ04.1	N/A	1.27e-18
P35346.3	N/A	1.30e-18
F1MV99.2	N/A	1.71e-18
P16610.1	N/A	2.45e-18
P34975.1	N/A	2.52e-18
O16017.1	RecName: Full=Rhodopsin [Lacunicambarus ludovicianus]	2.57e-18
P33534.1	N/A	3.97e-18
Q91175.1	RecName: Full=Alpha-1A adrenergic receptor; AltName: Full=Alpha-1A adrenoreceptor; Short=Alpha-1A adrenoceptor; AltName: Full=MAR1 [Oryzias latipes]	4.06e-18
O18486.1	RecName: Full=Rhodopsin [Procambarus seminolae]	5.17e-18
P79763.1	N/A	5.41e-18
P25929.1	N/A	6.30e-18
O18312.1	RecName: Full=Rhodopsin [Cambarus hubrichti]	8.45e-18
P90680.2	N/A	9.29e-18
P21555.3	RecName: Full=Neuropeptide Y receptor type 1; Short=NPY1-R; AltName: Full=FC5 [Rattus norvegicus]	9.47e-18
Q04573.1	N/A	1.06e-17
O02835.2	N/A	1.27e-17
P51144.1	N/A	1.29e-17
Q64077.1	N/A	1.49e-17
Q6R6L8.1	N/A	2.54e-17
P41144.1	N/A	2.55e-17
Q1RMU8.1	N/A	2.95e-17
P35379.1	N/A	3.42e-17
Q96RI9.1	N/A	4.07e-17
Q9WVD0.1	RecName: Full=Neuropeptide Y receptor type 1; Short=NPY1-R [Cavia porcellus]	4.16e-17
P35376.1	N/A	4.43e-17
C3ZQF9.1	N/A	4.53e-17
O02813.2	N/A	4.59e-17
Q6YNB6.1	RecName: Full=Follicle-stimulating hormone receptor; Short=FSH-R; AltName: Full=Follitropin receptor; Flags: Precursor [Notamacropus eugenii]	5.18e-17
P79350.2	N/A	5.34e-17
O61303.1	N/A	6.51e-17
O35786.1	RecName: Full=Chemokine-like receptor 1; AltName: Full=G-protein coupled chemoattractant-like receptor; AltName: Full=G-protein coupled receptor DEZ [Rattus norvegicus]	6.51e-17
Q5DUB2.1	N/A	6.95e-17
P42866.1	N/A	7.39e-17
P35372.2	N/A	1.36e-16
P33535.1	N/A	1.48e-16
P97468.1	N/A	1.51e-16
Q5IS39.1	N/A	1.71e-16
Q923Y6.1	N/A	1.98e-16
Q99788.2	N/A	2.10e-16
Q95247.1	N/A	2.23e-16
P05363.1	N/A	2.51e-16
P47799.1	RecName: Full=Follicle-stimulating hormone receptor; Short=FSH-R; AltName: Full=Follitropin receptor; Flags: Precursor [Equus caballus]	2.61e-16
Q5QD10.1	N/A	2.91e-16
Q8R428.1	N/A	2.92e-16
Q8WPA2.1	N/A	3.12e-16
P91657.1	N/A	4.02e-16
Q5IS84.1	N/A	4.14e-16
P23945.3	RecName: Full=Follicle-stimulating hormone receptor; Short=FSH-R; AltName: Full=Follitropin receptor; Flags: Precursor [Homo sapiens]	4.26e-16
O16018.1	RecName: Full=Rhodopsin [Cambarellus shufeldtii]	4.60e-16
P32212.2	N/A	4.71e-16
P29371.1	N/A	6.31e-16
Q90305.1	RecName: Full=Rhodopsin [Coregonus autumnalis]	1.02e-15
Q9Y5X5.2	RecName: Full=Neuropeptide FF receptor 2; AltName: Full=G-protein coupled receptor 74; AltName: Full=G-protein coupled receptor HLWAR77; AltName: Full=Neuropeptide G-protein coupled receptor [Homo sapiens]	1.23e-15
Q98982.1	RecName: Full=Substance-P receptor; Short=SPR; AltName: Full=NK-1 receptor; Short=NK-1R; AltName: Full=Tachykinin receptor 1 [Lithobates catesbeianus]	1.31e-15
O02465.2	RecName: Full=Opsin-2; Short=MANOP2; AltName: Full=Rhodopsin 2, short-wavelength; AltName: Full=Rhodopsin P357 [Manduca sexta]	1.82e-15
P47748.1	N/A	1.83e-15
Q924T8.1	N/A	1.93e-15
Q71MR7.2	N/A	2.16e-15
P41146.1	N/A	2.34e-15
Q5ECR9.1	N/A	2.56e-15
P79218.1	N/A	2.75e-15
Q923Y2.1	N/A	3.12e-15
Q5DUB1.1	N/A	3.43e-15
Q2KIP6.1	N/A	3.50e-15
Q99JA4.1	N/A	3.75e-15
Q5QD12.1	N/A	4.69e-15
Q923X6.1	RecName: Full=Trace amine-associated receptor 7e; Short=TaR-7e; Short=Trace amine receptor 7e; AltName: Full=Trace amine receptor 14; Short=TaR-14 [Rattus norvegicus]	5.83e-15
P20395.1	N/A	6.25e-15
Q61041.2	N/A	7.93e-15
Q9R0M1.1	RecName: Full=Chemokine XC receptor 1; AltName: Full=Lymphotactin receptor; AltName: Full=SCM1 receptor; AltName: Full=XC chemokine receptor 1; AltName: Full=mXCR1 [Mus musculus]	8.84e-15
Q923X5.1	RecName: Full=Trace amine-associated receptor 7d; Short=TaR-7d; Short=Trace amine receptor 7d; AltName: Full=Trace amine receptor 15; Short=TaR-15 [Rattus norvegicus]	9.45e-15
Q6WN98.1	RecName: Full=C-C chemokine receptor type 5; Short=C-C CKR-5; Short=CC-CKR-5; Short=CCR-5; Short=CCR5; AltName: CD_antigen=CD195 [Mico humeralifer]	9.59e-15
P21452.3	N/A	9.83e-15
P30547.1	N/A	1.08e-14
Q2HJ17.1	N/A	1.11e-14
P14600.1	N/A	1.42e-14
Q5QD04.1	N/A	1.76e-14
P30548.2	N/A	2.20e-14
Q9EQD2.1	N/A	2.29e-14
Q5QD21.1	N/A	2.77e-14
P04950.1	N/A	3.29e-14
P49059.2	RecName: Full=Follicle-stimulating hormone receptor; Short=FSH-R; AltName: Full=Follitropin receptor; Flags: Precursor [Sus scrofa]	3.36e-14
O88537.2	N/A	3.62e-14
Q5DUB3.1	N/A	3.74e-14
P30938.2	RecName: Full=Somatostatin receptor type 5; Short=SS-5-R; Short=SS5-R; Short=SS5R [Rattus norvegicus]	3.90e-14
P35370.1	N/A	4.00e-14
Q5W8W0.1	N/A	4.03e-14
P35377.1	N/A	4.19e-14
Q1LZD0.1	N/A	4.55e-14
Q95179.1	N/A	5.05e-14
P43140.1	N/A	5.24e-14
P41145.2	N/A	6.01e-14
P18130.1	N/A	7.10e-14
Q5QD11.1	N/A	7.45e-14
Q3SXG2.1	N/A	7.55e-14
Q923Y5.1	N/A	7.73e-14
Q96RI8.1	N/A	8.26e-14
O02824.1	N/A	9.19e-14
B9VR26.1	N/A	9.47e-14
P25103.1	N/A	9.57e-14
Q90674.2	N/A	1.05e-13
Q923X8.2	N/A	1.12e-13
Q9ESQ4.2	N/A	1.27e-13
P30731.2	N/A	1.31e-13
Q32ZE2.1	N/A	1.39e-13
P97718.3	N/A	1.54e-13
Q61212.1	N/A	1.65e-13
B1PHQ8.1	N/A	1.69e-13
Q8MJV2.1	N/A	1.70e-13
P32246.1	N/A	2.04e-13
Q96P65.2	N/A	2.06e-13
P35348.2	N/A	2.16e-13
Q8HZT9.1	N/A	2.57e-13
Q5QD08.1	N/A	2.93e-13
P28680.3	N/A	3.54e-13
Q9WU25.2	RecName: Full=Alpha-1A adrenergic receptor; AltName: Full=Alpha-1A adrenoreceptor; Short=Alpha-1A adrenoceptor; AltName: Full=Alpha-1C adrenergic receptor [Cavia porcellus]	3.55e-13
P0DQD5.1	N/A	3.72e-13
P22888.4	N/A	3.81e-13
Q8SPP9.2	RecName: Full=Thyrotropin receptor; AltName: Full=Thyroid-stimulating hormone receptor; Short=TSH-R; Flags: Precursor [Sus scrofa]	4.21e-13
P21462.3	N/A	4.38e-13
P0C7U4.1	RecName: Full=C3a anaphylatoxin chemotactic receptor; Short=C3AR; Short=C3a-R [Danio rerio]	4.54e-13
P47937.2	N/A	4.58e-13
P25931.2	N/A	4.66e-13
Q923Y4.1	N/A	4.85e-13
Q2NNR5.1	N/A	5.82e-13
P49287.2	N/A	5.93e-13
Q923X9.2	RecName: Full=Trace amine-associated receptor 8a; Short=TaR-8a; Short=Trace amine receptor 8a; AltName: Full=Trace amine receptor 11; Short=TaR-11 [Rattus norvegicus]	6.14e-13
P79241.1	RecName: Full=fMet-Leu-Phe receptor; Short=fMLP receptor; AltName: Full=N-formyl peptide receptor; Short=FPR; AltName: Full=N-formylpeptide chemoattractant receptor [Pan troglodytes]	6.70e-13
P16177.1	N/A	7.80e-13
Q9QXI3.1	N/A	8.62e-13
Q9BGN4.1	N/A	9.23e-13
P49285.1	N/A	9.42e-13
Q1ZY22.1	N/A	9.45e-13
O97512.2	N/A	9.50e-13
P79189.1	RecName: Full=fMet-Leu-Phe receptor; Short=fMLP receptor; AltName: Full=N-formyl peptide receptor; Short=FPR; AltName: Full=N-formylpeptide chemoattractant receptor [Macaca mulatta]	9.56e-13
Q03566.2	N/A	9.64e-13
P79176.1	RecName: Full=fMet-Leu-Phe receptor; Short=fMLP receptor; AltName: Full=N-formyl peptide receptor; Short=FPR; AltName: Full=N-formylpeptide chemoattractant receptor [Gorilla gorilla gorilla]	9.74e-13
O55193.1	N/A	9.88e-13
Q63447.1	RecName: Full=Neuropeptide Y receptor type 4; Short=NPY4-R; AltName: Full=Pancreatic polypeptide receptor 1; Short=PP1 [Rattus norvegicus]	1.04e-12
Q5QD09.1	N/A	1.04e-12
Q923Y3.1	N/A	1.14e-12
Q61184.1	N/A	1.19e-12
G4WMX4.1	N/A	1.26e-12
Q8BZA7.1	N/A	1.27e-12
Q924H0.2	N/A	1.28e-12
O54814.1	RecName: Full=C-C chemokine receptor type 3; Short=C-C CKR-3; Short=CC-CKR-3; Short=CCR-3; Short=CCR3; Short=CKR3; AltName: CD_antigen=CD193 [Rattus norvegicus]	1.36e-12
P14763.1	N/A	1.37e-12
P51678.2	N/A	1.40e-12
Q6W3F4.1	N/A	1.44e-12
Q5QD05.1	N/A	1.45e-12
O18793.2	N/A	1.46e-12
Q8SPN1.1	N/A	1.49e-12
O08858.3	N/A	1.59e-12
Q5QD17.1	N/A	1.75e-12
Q95ND0.1	RecName: Full=C-C chemokine receptor type 5; Short=C-C CKR-5; Short=CC-CKR-5; Short=CCR-5; Short=CCR5; AltName: CD_antigen=CD195 [Erythrocebus patas]	1.83e-12
Q8NDV2.1	N/A	1.93e-12
P97717.2	RecName: Full=Alpha-1B adrenergic receptor; AltName: Full=Alpha-1B adrenoreceptor; Short=Alpha-1B adrenoceptor [Mus musculus]	2.06e-12
Q923Y1.1	N/A	2.12e-12
P51682.3	N/A	2.36e-12
O96107.1	RecName: Full=Opsin-3; Short=MANOP3; AltName: Full=Rhodopsin 3, short-wavelength; AltName: Full=Rhodopsin P450 [Manduca sexta]	2.43e-12
P48039.1	N/A	2.49e-12
P79292.1	N/A	2.70e-12
P16473.2	RecName: Full=Thyrotropin receptor; AltName: Full=Thyroid-stimulating hormone receptor; Short=TSH-R; Flags: Precursor [Homo sapiens]	2.96e-12
O70528.1	N/A	3.06e-12
P35409.1	RecName: Full=Probable glycoprotein hormone G-protein coupled receptor; Flags: Precursor [Anthopleura elegantissima]	3.10e-12
O02667.1	RecName: Full=Adenosine receptor A3 [Oryctolagus cuniculus]	3.17e-12
P79235.1	RecName: Full=fMet-Leu-Phe receptor; Short=fMLP receptor; AltName: Full=N-formyl peptide receptor; Short=FPR; AltName: Full=N-formylpeptide chemoattractant receptor [Pongo pygmaeus]	3.22e-12
Q95NC4.1	RecName: Full=C-C chemokine receptor type 5; Short=C-C CKR-5; Short=CC-CKR-5; Short=CCR-5; Short=CCR5; AltName: CD_antigen=CD195 [Ateles geoffroyi]	3.49e-12
Q5QD07.1	N/A	3.98e-12
P29404.2	N/A	4.13e-12
P29275.1	N/A	4.42e-12
Q8R415.2	RecName: Full=Prokineticin receptor 2; Short=PK-R2; AltName: Full=G-protein coupled receptor 73-like 1; AltName: Full=G-protein coupled receptor I5E [Rattus norvegicus]	4.84e-12
Q923Y0.1	N/A	5.21e-12
P51049.2	N/A	5.35e-12
A4FUQ5.2	N/A	5.35e-12
P17646.2	RecName: Full=Opsin Rh4; AltName: Full=Inner R7 photoreceptor cells opsin [Drosophila virilis]	5.41e-12
Q5QD25.1	N/A	5.46e-12
Q95NC2.1	RecName: Full=C-C chemokine receptor type 5; Short=C-C CKR-5; Short=CC-CKR-5; Short=CCR-5; Short=CCR5; AltName: CD_antigen=CD195 [Plecturocebus moloch]	5.60e-12
P49286.1	N/A	5.84e-12
Q8BZ39.1	N/A	6.26e-12
P79237.1	RecName: Full=N-formyl peptide receptor 3; AltName: Full=FMLP-related receptor II; Short=FMLP-R-II; AltName: Full=Formyl peptide receptor-like 2 [Pongo pygmaeus]	6.34e-12
O88854.2	N/A	6.43e-12
Q5QD13.1	N/A	6.74e-12
P28222.1	N/A	6.74e-12
O02721.1	N/A	7.32e-12
E7EM37.1	N/A	8.14e-12
Q4G072.1	N/A	8.23e-12
P49217.2	RecName: Full=Melatonin receptor type 1A; Short=Mel-1A-R; Short=Mel1a receptor [Phodopus sungorus]	9.12e-12
P35378.2	N/A	9.45e-12
P47211.3	N/A	9.90e-12
Q8JZL2.3	N/A	1.07e-11
Q8CIQ6.1	RecName: Full=Melatonin receptor type 1B; Short=Mel-1B-R; Short=Mel1b receptor [Mus musculus]	1.09e-11
Q9TV48.1	RecName: Full=C-C chemokine receptor type 5; Short=C-C CKR-5; Short=CC-CKR-5; Short=CCR-5; Short=CCR5; AltName: CD_antigen=CD195 [Cercopithecus ascanius]	1.10e-11
P49681.2	N/A	1.18e-11
Q6XXX8.1	N/A	1.27e-11
P08255.2	N/A	1.30e-11
Q5QD06.1	N/A	1.33e-11
P29755.1	N/A	1.37e-11
Q8MJ89.2	RecName: Full=Melanin-concentrating hormone receptor 1; Short=MCH receptor 1; Short=MCH-R1; Short=MCHR-1; AltName: Full=G-protein coupled receptor 24; AltName: Full=MCH-1R; Short=MCH1R; Short=MCHR [Macaca mulatta]	1.48e-11
O43603.1	N/A	1.49e-11
Q9XT76.1	RecName: Full=C-C chemokine receptor type 5; Short=C-C CKR-5; Short=CC-CKR-5; Short=CCR-5; Short=CCR5; AltName: CD_antigen=CD195 [Allochrocebus lhoesti]	1.50e-11
Q60614.2	N/A	1.57e-11
Q8N6U8.1	N/A	1.57e-11
Q9BGN6.1	RecName: Full=C-C chemokine receptor type 5; Short=C-C CKR-5; Short=CC-CKR-5; Short=CCR-5; Short=CCR5; AltName: CD_antigen=CD195 [Allochrocebus solatus]	1.70e-11
Q9N2B7.1	RecName: Full=5-hydroxytryptamine receptor 1B; Short=5-HT-1B; Short=5-HT1B; AltName: Full=Serotonin receptor 1B [Gorilla gorilla gorilla]	1.74e-11
Q9TV45.1	RecName: Full=C-C chemokine receptor type 5; Short=C-C CKR-5; Short=CC-CKR-5; Short=CCR-5; Short=CCR5; AltName: CD_antigen=CD195 [Cercopithecus nictitans]	1.75e-11
Q924T9.1	N/A	1.80e-11
Q9TV47.1	RecName: Full=C-C chemokine receptor type 5; Short=C-C CKR-5; Short=CC-CKR-5; Short=CCR-5; Short=CCR5; AltName: CD_antigen=CD195 [Cercopithecus cephus]	2.01e-11
P83858.1	N/A	2.02e-11
Q95NC6.1	RecName: Full=C-C chemokine receptor type 5; Short=C-C CKR-5; Short=CC-CKR-5; Short=CCR-5; Short=CCR5; AltName: CD_antigen=CD195 [Trachypithecus johnii]	2.09e-11
P49219.1	N/A	2.12e-11
Q26495.1	RecName: Full=Opsin-2 [Schistocerca gregaria]	2.13e-11
P51683.2	N/A	2.15e-11
Q9TV43.1	RecName: Full=C-C chemokine receptor type 5; Short=C-C CKR-5; Short=CC-CKR-5; Short=CCR-5; Short=CCR5; AltName: CD_antigen=CD195 [Chlorocebus sabaeus]	2.17e-11
O97883.1	N/A	2.19e-11
Q95NE8.1	RecName: Full=C-C chemokine receptor type 5; Short=C-C CKR-5; Short=CC-CKR-5; Short=CCR-5; Short=CCR5; AltName: CD_antigen=CD195 [Chlorocebus tantalus]	2.21e-11
Q0VC81.1	N/A	2.25e-11
Q95NC1.1	RecName: Full=C-C chemokine receptor type 5; Short=C-C CKR-5; Short=CC-CKR-5; Short=CCR-5; Short=CCR5; AltName: CD_antigen=CD195 [Theropithecus gelada]	2.31e-11
Q9TV49.1	RecName: Full=C-C chemokine receptor type 5; Short=C-C CKR-5; Short=CC-CKR-5; Short=CCR-5; Short=CCR5; AltName: CD_antigen=CD195 [Cercocebus galeritus]	2.36e-11
P61813.1	N/A	2.36e-11
Q86917.1	RecName: Full=G-protein coupled receptor homolog Q2/3L [Sheeppox virus KS-1]	2.39e-11
P56493.1	RecName: Full=C-C chemokine receptor type 5; Short=C-C CKR-5; Short=CC-CKR-5; Short=CCR-5; Short=CCR5; AltName: CD_antigen=CD195 [Chlorocebus aethiops]	2.40e-11
P51679.1	N/A	2.43e-11
P15823.2	RecName: Full=Alpha-1B adrenergic receptor; AltName: Full=Alpha-1B adrenoreceptor; Short=Alpha-1B adrenoceptor [Rattus norvegicus]	2.46e-11
Q59E83.1	N/A	2.52e-11
P51681.1	N/A	2.56e-11
Q62758.1	N/A	2.57e-11
O97975.1	RecName: Full=C-C chemokine receptor type 5; Short=C-C CKR-5; Short=CC-CKR-5; Short=CCR-5; Short=CCR5; AltName: CD_antigen=CD195 [Macaca arctoides]	2.68e-11
P97292.2	N/A	2.74e-11
P29276.1	N/A	2.74e-11
P61755.1	RecName: Full=C-C chemokine receptor type 5; Short=C-C CKR-5; Short=CC-CKR-5; Short=CCR-5; Short=CCR5; AltName: CD_antigen=CD195 [Lophocebus aterrimus]	2.86e-11
Q8NFJ6.1	N/A	2.98e-11
P18841.1	N/A	3.06e-11
P56440.1	N/A	3.11e-11
Q95NC5.1	RecName: Full=C-C chemokine receptor type 5; Short=C-C CKR-5; Short=CC-CKR-5; Short=CCR-5; Short=CCR5; AltName: CD_antigen=CD195 [Symphalangus syndactylus]	3.14e-11
Q95NC3.1	RecName: Full=C-C chemokine receptor type 5; Short=C-C CKR-5; Short=CC-CKR-5; Short=CCR-5; Short=CCR5; AltName: CD_antigen=CD195 [Miopithecus talapoin]	3.26e-11
O97962.1	N/A	3.32e-11
Q95NC0.1	RecName: Full=C-C chemokine receptor type 5; Short=C-C CKR-5; Short=CC-CKR-5; Short=CCR-5; Short=CCR5; AltName: CD_antigen=CD195 [Hylobates moloch]	3.44e-11
O97881.1	N/A	3.48e-11
P97639.4	N/A	3.56e-11
Q96P66.1	N/A	3.57e-11
Q9TV42.1	RecName: Full=C-C chemokine receptor type 5; Short=C-C CKR-5; Short=CC-CKR-5; Short=CCR-5; Short=CCR5; AltName: CD_antigen=CD195 [Chlorocebus pygerythrus]	3.61e-11
P56439.1	N/A	3.64e-11
O62743.2	RecName: Full=C-C chemokine receptor type 5; Short=C-C CKR-5; Short=CC-CKR-5; Short=CCR-5; Short=CCR5; AltName: CD_antigen=CD195 [Cercocebus atys]	3.74e-11
Q8MJW8.1	N/A	3.88e-11
P51676.2	N/A	3.92e-11
B2RPY5.1	N/A	3.98e-11
P29089.1	N/A	4.01e-11
O97879.1	RecName: Full=C-C chemokine receptor type 5; Short=C-C CKR-5; Short=CC-CKR-5; Short=CCR-5; Short=CCR5; AltName: CD_antigen=CD195 [Trachypithecus phayrei]	4.14e-11
O97878.1	RecName: Full=C-C chemokine receptor type 5; Short=C-C CKR-5; Short=CC-CKR-5; Short=CCR-5; Short=CCR5; AltName: CD_antigen=CD195 [Trachypithecus francoisi]	4.30e-11
Q95NC8.1	N/A	4.34e-11
O97880.1	RecName: Full=C-C chemokine receptor type 5; Short=C-C CKR-5; Short=CC-CKR-5; Short=CCR-5; Short=CCR5; AltName: CD_antigen=CD195 [Rhinopithecus bieti]	4.54e-11
Q588Y6.1	N/A	4.59e-11
O97882.1	RecName: Full=C-C chemokine receptor type 5; Short=C-C CKR-5; Short=CC-CKR-5; Short=CCR-5; Short=CCR5; AltName: CD_antigen=CD195 [Pygathrix nemaeus]	4.89e-11
P34996.1	N/A	5.02e-11
Q8SPN2.1	N/A	5.09e-11
P49652.1	N/A	5.16e-11
Q95NC7.1	RecName: Full=C-C chemokine receptor type 5; Short=C-C CKR-5; Short=CC-CKR-5; Short=CCR-5; Short=CCR5; AltName: CD_antigen=CD195 [Nasalis larvatus]	5.17e-11
P24628.1	N/A	5.18e-11
Q95ND1.1	RecName: Full=C-C chemokine receptor type 5; Short=C-C CKR-5; Short=CC-CKR-5; Short=CCR-5; Short=CCR5; AltName: CD_antigen=CD195 [Mandrillus sphinx]	5.22e-11
P79250.2	N/A	5.26e-11
Q9TTQ9.1	N/A	5.27e-11
Q5QD24.1	N/A	5.50e-11
Q8TCW9.1	N/A	5.68e-11
Q95ND2.1	RecName: Full=C-C chemokine receptor type 5; Short=C-C CKR-5; Short=CC-CKR-5; Short=CCR-5; Short=CCR5; AltName: CD_antigen=CD195 [Mandrillus leucophaeus]	5.78e-11
P43240.1	RecName: Full=Type-1 angiotensin II receptor; AltName: Full=Angiotensin II type-1 receptor; Short=AT1 [Canis lupus familiaris]	6.02e-11
Q8BMC0.1	N/A	6.15e-11
Q9P1P5.2	N/A	6.19e-11
P47898.1	N/A	6.25e-11
Q9GZQ4.2	N/A	6.57e-11
Q2YDN1.1	N/A	6.61e-11
P21463.2	N/A	6.85e-11
P35368.3	N/A	6.85e-11
P48146.2	N/A	7.38e-11
P56492.1	RecName: Full=C-C chemokine receptor type 3; Short=C-C CKR-3; Short=CC-CKR-3; Short=CCR-3; Short=CCR3; Short=CKR3; AltName: CD_antigen=CD193 [Chlorocebus aethiops]	7.51e-11
Q5IJ49.1	N/A	7.60e-11
P97288.3	N/A	7.71e-11
Q9Y5Y3.2	N/A	7.77e-11
P30555.1	N/A	7.79e-11
Q5QD15.1	N/A	8.39e-11
Q62805.1	N/A	9.24e-11
O55040.2	N/A	9.24e-11
Q56UD9.1	N/A	9.27e-11
O08726.1	N/A	1.03e-10
Q9NYM4.2	N/A	1.04e-10
Q0VDU3.2	N/A	1.09e-10
Q61121.2	N/A	1.15e-10
P51046.2	RecName: Full=Melatonin receptor type 1A-A; Short=Mel-1A-R-A; Short=Mel1a receptor A; AltName: Full=Melatonin receptor Mel1a Z1.7-4; AltName: Full=zMel1a1 [Danio rerio]	1.15e-10
P30556.1	N/A	1.16e-10
P46636.1	N/A	1.17e-10
P30966.2	N/A	1.19e-10
P35342.1	RecName: Full=Adenosine receptor A3 [Ovis aries]	1.19e-10
P29754.1	N/A	1.20e-10
Q8K458.1	N/A	1.20e-10
P25089.2	N/A	1.20e-10
P51680.2	N/A	1.21e-10
P25104.1	N/A	1.26e-10
P25095.1	N/A	1.32e-10
Q13639.2	N/A	1.35e-10
P35404.1	RecName: Full=5-hydroxytryptamine receptor 1B; Short=5-HT-1B; Short=5-HT1B; AltName: Full=Serotonin receptor 1B [Didelphis virginiana]	1.46e-10
Q0EAB5.1	N/A	1.73e-10
Q5QD16.1	N/A	1.75e-10
P79191.1	RecName: Full=N-formyl peptide receptor 3; AltName: Full=FMLP-related receptor II; Short=FMLP-R-II; AltName: Full=Formyl peptide receptor-like 2 [Macaca mulatta]	1.92e-10
P51050.1	RecName: Full=Melatonin receptor type 1B; Short=Mel-1B-R; Short=Mel1b receptor [Gallus gallus]	1.97e-10
Q8MJV3.1	RecName: Full=Neuropeptides B/W receptor type 1; AltName: Full=G-protein coupled receptor 7 [Bos taurus]	2.00e-10
Q8MJ88.1	N/A	2.14e-10
P47804.1	N/A	2.22e-10
O08892.1	N/A	2.52e-10
Q8NGA1.1	N/A	2.52e-10
A0T2N3.1	N/A	2.53e-10
P16582.1	N/A	2.56e-10
Q8SQ54.1	N/A	2.57e-10
P43657.3	N/A	2.67e-10
P28334.1	N/A	2.83e-10
P70585.2	N/A	3.04e-10
P56484.1	N/A	3.07e-10
P30730.1	N/A	3.11e-10
Q9GLN9.1	N/A	3.15e-10
P79178.1	RecName: Full=N-formyl peptide receptor 3; AltName: Full=FMLP-related receptor II; Short=FMLP-R-II; AltName: Full=Formyl peptide receptor-like 2 [Gorilla gorilla gorilla]	3.22e-10
P56479.1	N/A	3.23e-10
P30098.1	N/A	3.42e-10
P35364.1	N/A	3.52e-10
Q9DDN6.1	N/A	3.61e-10
Q96RJ0.1	N/A	3.87e-10
O77590.2	RecName: Full=Type-1 angiotensin II receptor; AltName: Full=Angiotensin II type-1 receptor; Short=AT1 [Ovis aries]	3.89e-10
B3DM66.1	N/A	3.90e-10
O08556.1	RecName: Full=C-C chemokine receptor type 5; Short=C-C CKR-5; Short=CC-CKR-5; Short=CCR-5; AltName: Full=MIP-1 alpha receptor; AltName: CD_antigen=CD195 [Rattus norvegicus]	4.18e-10
O35210.1	N/A	4.38e-10
Q6BD04.1	N/A	4.42e-10
O13076.1	N/A	4.89e-10
F7EQ49.1	N/A	5.09e-10
Q28005.1	N/A	5.59e-10
Q9WV26.1	N/A	5.82e-10
P79945.1	N/A	5.83e-10
P47800.1	RecName: Full=D(1)-like dopamine receptor [Oreochromis mossambicus]	6.32e-10
Q6IYF9.1	N/A	6.57e-10
P49144.1	N/A	6.70e-10
P28564.1	N/A	6.93e-10
Q8VFM9.1	N/A	7.10e-10
Q05394.1	N/A	8.16e-10
P20905.1	N/A	8.44e-10
Q9EP86.1	RecName: Full=Neuropeptide FF receptor 1; AltName: Full=G-protein coupled receptor 147; AltName: Full=RFamide-related peptide receptor OT7T022 [Rattus norvegicus]	8.65e-10
Q923Y7.1	N/A	8.92e-10
P83861.1	N/A	9.15e-10
Q9Z2I3.1	N/A	9.16e-10
Q99527.1	N/A	9.46e-10
P25102.1	N/A	9.50e-10
P56496.1	RecName: Full=5-hydroxytryptamine receptor 1B; Short=5-HT-1B; Short=5-HT1B; AltName: Full=Serotonin receptor 1B [Nannospalax ehrenbergi]	1.08e-09
Q8HZ64.1	N/A	1.09e-09
P34976.1	N/A	1.11e-09
P53453.1	N/A	1.14e-09
Q15760.2	N/A	1.27e-09
P79217.1	N/A	1.33e-09
P33533.1	N/A	1.36e-09
P23820.1	RecName: Full=Retinochrome; AltName: Full=Retinal photoisomerase [Todarodes pacificus]	1.46e-09
P34981.1	N/A	1.47e-09
P79243.1	RecName: Full=N-formyl peptide receptor 3; AltName: Full=FMLP-related receptor II; Short=FMLP-R-II; AltName: Full=Formyl peptide receptor-like 2 [Pan troglodytes]	1.52e-09
Q9EQQ3.2	N/A	1.54e-09
P32300.1	N/A	1.63e-09
P16235.1	N/A	1.77e-09
Q923Y9.1	RecName: Full=Trace amine-associated receptor 1; Short=TaR-1; Short=Trace amine receptor 1 [Rattus norvegicus]	1.80e-09
Q5QD29.1	N/A	1.91e-09
P32247.1	N/A	2.01e-09
P47751.2	RecName: Full=[Phe13]-bombesin receptor; AltName: Full=Bombesin receptor subtype-4; Short=BRS-4 [Bombina orientalis]	2.08e-09
Q18179.2	N/A	2.32e-09
O93603.1	N/A	2.40e-09
Q6H2Y3.1	N/A	2.47e-09
P30975.2	N/A	2.49e-09
Q9BY21.1	N/A	2.55e-09
O46639.1	N/A	2.58e-09
O18935.2	RecName: Full=Alpha-2B adrenergic receptor; AltName: Full=Alpha-2B adrenoreceptor; Short=Alpha-2B adrenoceptor; Short=Alpha-2BAR [Amblysomus hottentotus]	2.74e-09
Q9P1P4.1	PUTATIVE PSEUDOGENE: RecName: Full=Putative trace amine-associated receptor 3; Short=TaR-3; Short=Trace amine receptor 3; Short=hTaar3; AltName: Full=G-protein coupled receptor 57 [Homo sapiens]	2.76e-09
P0DMS8.1	N/A	2.76e-09
P25100.2	N/A	2.82e-09
P48145.2	N/A	3.24e-09
Q28596.1	N/A	3.68e-09
Q91559.1	N/A	3.74e-09
Q09638.3	N/A	3.90e-09
P47803.1	N/A	4.48e-09
O19012.1	RecName: Full=Alpha-2B adrenergic receptor; AltName: Full=Alpha-2B adrenoreceptor; Short=Alpha-2B adrenoceptor; Short=Alpha-2BAR [Erinaceus europaeus]	4.49e-09
P51685.1	N/A	4.65e-09
Q8NGS0.1	N/A	4.66e-09
O97665.1	RecName: Full=C-C chemokine receptor type 8; Short=C-C CKR-8; Short=CC-CKR-8; Short=CCR-8; AltName: CD_antigen=CDw198 [Macaca mulatta]	4.66e-09
B3G515.1	N/A	5.05e-09
Q9NSD7.1	N/A	5.06e-09
Q80T62.2	N/A	5.07e-09
O08790.2	N/A	5.35e-09
O97967.1	N/A	5.60e-09
P56482.1	N/A	5.63e-09
P51677.1	N/A	5.63e-09
Q64H34.1	N/A	5.66e-09
P21918.2	N/A	5.81e-09
O14581.1	N/A	6.13e-09
O19014.1	RecName: Full=Alpha-2B adrenergic receptor; AltName: Full=Alpha-2B adrenoreceptor; Short=Alpha-2B adrenoceptor; Short=Alpha-2BAR [Elephas maximus]	6.57e-09
A5PLE7.1	N/A	6.62e-09
P42290.1	N/A	6.87e-09
P49288.1	N/A	7.03e-09
P33766.1	N/A	7.29e-09
P32250.1	RecName: Full=Lysophosphatidic acid receptor 6; Short=LPA receptor 6; Short=LPA-6; AltName: Full=Oleoyl-L-alpha-lysophosphatidic acid receptor; AltName: Full=P2Y purinoceptor 5; Short=P2Y5; AltName: Full=Purinergic receptor 5 [Gallus gallus]	7.39e-09
O09027.1	RecName: Full=Atypical chemokine receptor 2; AltName: Full=C-C chemokine receptor D6; AltName: Full=CCR10-related receptor; AltName: Full=Chemokine-binding protein 2; AltName: Full=Chemokine-binding protein D6 [Rattus norvegicus]	7.56e-09
Q9Z0D9.1	N/A	8.22e-09
Q99MT6.2	N/A	8.74e-09
Q8IN35.2	N/A	8.79e-09
P56483.1	RecName: Full=C-C chemokine receptor type 3; Short=C-C CKR-3; Short=CC-CKR-3; Short=CCR-3; Short=CCR3; Short=CKR3; AltName: CD_antigen=CD193 [Macaca mulatta]	9.90e-09
Q2Y2P0.1	N/A	1.01e-08
P25021.1	N/A	1.05e-08
P47750.2	N/A	1.06e-08
P25115.1	N/A	1.26e-08
P32249.3	N/A	1.28e-08
O97969.1	N/A	1.28e-08
P32304.2	N/A	1.28e-08
Q95NC9.1	RecName: Full=C-C chemokine receptor type 5; Short=C-C CKR-5; Short=CC-CKR-5; Short=CCR-5; Short=CCR5; AltName: CD_antigen=CD195 [Alouatta seniculus]	1.29e-08
P32305.2	N/A	1.37e-08
Q93126.1	RecName: Full=Probable G-protein coupled receptor No9 [Amphibalanus amphitrite]	1.48e-08
Q28309.1	N/A	1.51e-08
Q95N02.1	RecName: Full=Cysteinyl leukotriene receptor 1; Short=CysLTR1 [Sus scrofa]	1.55e-08
O19054.1	RecName: Full=Alpha-2B adrenergic receptor; AltName: Full=Alpha-2B adrenoreceptor; Short=Alpha-2B adrenoceptor; Short=Alpha-2BAR [Procavia capensis habessinica]	1.68e-08
Q99MT7.2	N/A	1.71e-08
Q90X46.2	RecName: Full=G-protein coupled receptor 161 [Danio rerio]	1.72e-08
O77408.1	RecName: Full=Octopamine receptor 1; Short=OA1 [Lymnaea stagnalis]	1.81e-08
Q8BLD9.1	N/A	1.84e-08
Q8K418.1	N/A	1.87e-08
P41231.4	N/A	1.88e-08
Q9EQ16.1	N/A	1.99e-08
Q9Z0Z6.1	N/A	2.05e-08
Q28558.2	N/A	2.05e-08
P47900.1	N/A	2.07e-08
Q9EQQ4.1	N/A	2.13e-08
P61169.1	N/A	2.13e-08
Q9Z2B3.1	N/A	2.13e-08
P21761.1	N/A	2.18e-08
P61168.2	N/A	2.29e-08
P29274.2	N/A	2.63e-08
P34969.2	N/A	2.67e-08
P49146.1	N/A	2.68e-08
P50052.1	N/A	2.69e-08
P41143.4	N/A	2.74e-08
P14416.2	N/A	2.89e-08
Q6TLI9.1	N/A	3.05e-08
Q969V1.1	N/A	3.26e-08
Q89609.1	N/A	3.29e-08
Q9BZJ6.2	N/A	3.38e-08
Q969N4.1	N/A	3.60e-08
P35351.1	N/A	3.73e-08
P41596.2	N/A	3.87e-08
P46023.1	RecName: Full=G-protein coupled receptor GRL101; Flags: Precursor [Lymnaea stagnalis]	3.90e-08
Q58CW4.1	N/A	3.98e-08
P11617.1	N/A	3.99e-08
P30974.2	N/A	4.20e-08
P28647.3	N/A	4.28e-08
Q9GJU1.1	N/A	4.30e-08
P35374.1	N/A	4.39e-08
Q810W6.1	N/A	4.46e-08
P46094.1	N/A	4.61e-08
Q23497.1	RecName: Full=Galanin-like G-protein coupled receptor npr-9; AltName: Full=Probable neuropeptide receptor 9 [Caenorhabditis elegans]	4.84e-08
P47747.1	RecName: Full=Histamine H2 receptor; Short=H2R; Short=HH2R; AltName: Full=Gastric receptor I [Cavia porcellus]	5.06e-08
Q8NGI4.1	N/A	5.11e-08
P17124.1	N/A	5.24e-08
Q923Y8.1	N/A	5.31e-08
Q2V2K5.1	RecName: Full=Gonadotropin-releasing hormone receptor; Short=GnRH receptor; Short=GnRH-R; Short=oct-GnRHR [Octopus vulgaris]	5.41e-08
Q5IS72.1	N/A	5.48e-08
O70342.2	N/A	5.53e-08
Q61618.2	RecName: Full=Adenosine receptor A3; AltName: Full=A3AR [Mus musculus]	5.66e-08
Q6TLI7.1	N/A	5.77e-08
Q9VNM1.3	N/A	5.78e-08
O19025.2	RecName: Full=Alpha-2B adrenergic receptor; AltName: Full=Alpha-2B adrenoreceptor; Short=Alpha-2B adrenoceptor; Short=Alpha-2BAR [Macroscelides proboscideus]	5.82e-08
Q63634.2	N/A	6.07e-08
Q60475.1	RecName: Full=Alpha-2B adrenergic receptor; AltName: Full=Alpha-2B adrenoreceptor; Short=Alpha-2B adrenoceptor; Short=Alpha-2BAR [Cavia porcellus]	6.16e-08
P52703.1	N/A	6.16e-08
P20288.1	N/A	6.34e-08
P18089.4	N/A	6.64e-08
Q9BXA5.2	N/A	6.66e-08
P97520.1	N/A	6.85e-08
P30939.1	N/A	7.35e-08
O88536.1	N/A	7.62e-08
P52702.1	N/A	7.65e-08
Q8BMP4.2	N/A	7.67e-08
P35462.2	RecName: Full=D(3) dopamine receptor; AltName: Full=Dopamine D3 receptor [Homo sapiens]	8.00e-08
O77723.1	RecName: Full=Alpha-2B adrenergic receptor; AltName: Full=Alpha-2B adrenoreceptor; Short=Alpha-2B adrenoceptor; Short=Alpha-2BAR [Echinops telfairi]	8.29e-08
Q25321.1	RecName: Full=Tyramine receptor 1; AltName: Full=Tyr-Loc1 [Locusta migratoria]	8.49e-08
P49238.1	N/A	8.68e-08
Q25322.1	RecName: Full=Putative tyramine receptor 2; AltName: Full=Tyr-Loc2 [Locusta migratoria]	9.04e-08
O19032.1	RecName: Full=Alpha-2B adrenergic receptor; AltName: Full=Alpha-2B adrenoreceptor; Short=Alpha-2B adrenoceptor; Short=Alpha-2BAR [Orycteropus afer]	9.58e-08
P25023.4	RecName: Full=B2 bradykinin receptor; Short=B2R; Short=BK-2 receptor [Rattus norvegicus]	9.59e-08
B0F9W3.1	RecName: Full=G-protein coupled estrogen receptor 1; AltName: Full=G protein-coupled estrogen receptor 1; AltName: Full=G-protein coupled receptor 30 [Micropogonias undulatus]	9.82e-08
Q9GZQ6.1	N/A	9.98e-08
Q9N2D9.1	RecName: Full=5-hydroxytryptamine receptor 1F; Short=5-HT-1F; Short=5-HT1F; AltName: Full=Serotonin receptor 1F [Pan troglodytes]	1.08e-07
Q9NDM2.1	N/A	1.11e-07
P43141.1	N/A	1.12e-07
P30728.1	N/A	1.14e-07
O42385.1	RecName: Full=5-hydroxytryptamine receptor 1A-alpha; Short=5-HT-1A-alpha; Short=5-HT1A-alpha; AltName: Full=F1A; AltName: Full=Serotonin receptor 1A-alpha [Takifugu rubripes]	1.15e-07
Q8NHA8.1	N/A	1.15e-07
O77713.2	RecName: Full=Alpha-2B adrenergic receptor; AltName: Full=Alpha-2B adrenoreceptor; Short=Alpha-2B adrenoceptor; Short=Alpha-2BAR [Dugong dugon]	1.15e-07
O18982.1	RecName: Full=G-protein coupled receptor 15; AltName: Full=Brother of Bonzo; Short=BoB [Chlorocebus aethiops]	1.18e-07
P56495.1	N/A	1.20e-07
O02836.2	N/A	1.21e-07
Q27987.1	N/A	1.28e-07
O77830.2	RecName: Full=Alpha-2B adrenergic receptor; AltName: Full=Alpha-2B adrenoreceptor; Short=Alpha-2B adrenoceptor; Short=Alpha-2BAR [Oryctolagus cuniculus]	1.30e-07
Q19084.3	N/A	1.35e-07
Q920A1.2	N/A	1.36e-07
O88495.3	N/A	1.36e-07
P51675.2	N/A	1.37e-07
Q15761.2	N/A	1.39e-07
Q8NH03.2	N/A	1.44e-07
Q98998.1	N/A	1.63e-07
O97663.1	N/A	1.66e-07
Q9BDS7.1	RecName: Full=G-protein coupled receptor 15 [Macaca fascicularis]	1.88e-07
P35406.1	RecName: Full=D(1) dopamine receptor; AltName: Full=Dopamine D1 receptor [Carassius auratus]	1.90e-07
P34997.1	N/A	1.92e-07
Q9Y271.1	N/A	2.08e-07
P97295.2	N/A	2.16e-07
Q28585.1	RecName: Full=Lutropin-choriogonadotropic hormone receptor; Short=LH/CG-R; AltName: Full=Luteinizing hormone receptor; Short=LSH-R [Ovis aries]	2.19e-07
P48040.1	RecName: Full=Melatonin receptor type 1A; Short=Mel-1A-R; Short=Mel1a receptor [Ovis aries]	2.24e-07
Q9BDS8.1	RecName: Full=C-C chemokine receptor type 3; Short=C-C CKR-3; Short=CC-CKR-3; Short=CCR-3; Short=CCR3; Short=CKR3; AltName: CD_antigen=CD193 [Macaca fascicularis]	2.27e-07
O08878.1	N/A	2.51e-07
G3M4F8.1	RecName: Full=Octopamine receptor beta-2R; Short=CsOA2B2 [Chilo suppressalis]	2.53e-07
P28221.1	N/A	2.54e-07
O62729.1	N/A	2.56e-07
Q8BGE9.1	N/A	2.64e-07
P56412.1	RecName: Full=G-protein coupled receptor 15 [Macaca nemestrina]	2.76e-07
Q8NGE8.3	N/A	2.89e-07
O01670.1	RecName: Full=Octopamine receptor 2; Short=OA2 [Lymnaea stagnalis]	3.02e-07
P35411.1	N/A	3.02e-07
O77621.1	RecName: Full=Alpha-1A adrenergic receptor; AltName: Full=Alpha-1A adrenoreceptor; Short=Alpha-1A adrenoceptor; AltName: Full=Alpha-1C adrenergic receptor [Canis lupus familiaris]	3.05e-07
P35373.1	N/A	3.12e-07
P53452.1	RecName: Full=D(1)-like dopamine receptor [Takifugu rubripes]	3.36e-07
P11614.1	N/A	3.36e-07
Q95N03.1	RecName: Full=Cysteinyl leukotriene receptor 2; Short=CysLTR2 [Sus scrofa]	3.52e-07
Q9N298.1	N/A	3.53e-07
P50407.1	N/A	3.73e-07
P31387.1	RecName: Full=5-hydroxytryptamine receptor 5B; Short=5-HT-5B; Short=5-HT5B; AltName: Full=Serotonin receptor 5B [Mus musculus]	3.75e-07
Q9GK74.1	N/A	3.81e-07
Q02284.1	N/A	4.36e-07
P0C645.2	N/A	4.40e-07
O00421.2	N/A	4.77e-07
Q17232.1	N/A	5.07e-07
P19020.1	N/A	5.49e-07
Q9TUE1.1	RecName: Full=C5a anaphylatoxin chemotactic receptor 1; AltName: Full=C5a anaphylatoxin chemotactic receptor; Short=C5a-R; Short=C5aR; AltName: CD_antigen=CD88 [Oryctolagus cuniculus]	5.61e-07
P21109.2	N/A	5.75e-07
Q5QNP2.1	N/A	6.03e-07
P51686.2	N/A	6.36e-07
O77700.2	RecName: Full=Alpha-2B adrenergic receptor; AltName: Full=Alpha-2B adrenoreceptor; Short=Alpha-2B adrenoceptor; Short=Alpha-2BAR [Bos taurus]	6.47e-07
Q9Z2D5.1	RecName: Full=Neuropeptide Y receptor type 2; Short=NPY2-R; AltName: Full=NPY-Y2 receptor; Short=Y2 receptor [Cavia porcellus]	6.79e-07
Q18775.2	N/A	7.77e-07
Q64264.2	N/A	7.90e-07
P50130.1	N/A	8.07e-07
Q25188.1	RecName: Full=Octopamine receptor [Heliothis virescens]	8.80e-07
Q0EAB6.1	N/A	8.89e-07
P49145.1	N/A	9.21e-07
Q95136.2	N/A	9.40e-07
Q8ITC9.1	N/A	9.59e-07
O14843.1	N/A	9.62e-07
Q2KTE1.1	N/A	9.91e-07
P30543.2	N/A	1.00e-06
Q6XKD3.1	N/A	1.07e-06
P79928.1	RecName: Full=P2Y purinoceptor 4; Short=P2Y4; AltName: Full=P2Y purinoceptor 8; Short=P2Y8 [Xenopus laevis]	1.08e-06
P53454.1	N/A	1.16e-06
Q01717.1	N/A	1.21e-06
P35365.1	N/A	1.21e-06
Q99463.1	PUTATIVE PSEUDOGENE: RecName: Full=Putative neuropeptide Y receptor type 6; Short=NPY6-R; AltName: Full=NPY Y1-like receptor; AltName: Full=Putative pancreatic polypeptide receptor 2; Short=PP2 [Homo sapiens]	1.25e-06
Q6Y1R5.1	N/A	1.25e-06
D4A7K7.1	N/A	1.26e-06
Q9N297.1	N/A	1.33e-06
P79785.1	N/A	1.33e-06
Q4VA82.1	N/A	1.34e-06
P30940.1	RecName: Full=5-hydroxytryptamine receptor 1F; Short=5-HT-1F; Short=5-HT1F; AltName: Full=Serotonin receptor 1F [Rattus norvegicus]	1.41e-06
P33396.1	N/A	1.42e-06
F8VQN3.1	N/A	1.47e-06
Q60484.1	N/A	1.59e-06
Q8NGI6.1	N/A	1.65e-06
O54689.1	N/A	1.69e-06
P49685.1	N/A	1.70e-06
O54798.1	N/A	1.84e-06
Q9J5H4.1	N/A	1.87e-06
Q13585.3	N/A	1.95e-06
O02666.1	RecName: Full=Alpha-1D adrenergic receptor; AltName: Full=Alpha-1D adrenoreceptor; Short=Alpha-1D adrenoceptor [Oryctolagus cuniculus]	2.10e-06
O15529.1	N/A	2.13e-06
O08786.1	N/A	2.17e-06
P79240.2	N/A	2.23e-06
Q61616.2	N/A	2.24e-06
P25024.2	N/A	2.29e-06
P19327.1	N/A	2.30e-06
O77721.2	RecName: Full=Alpha-2B adrenergic receptor; AltName: Full=Alpha-2B adrenoreceptor; Short=Alpha-2B adrenoceptor; Short=Alpha-2BAR [Equus caballus]	2.39e-06
Q8ITC7.3	N/A	2.42e-06
Q13304.2	N/A	2.42e-06
Q95LH1.1	N/A	2.43e-06
P21730.2	N/A	2.44e-06
O97664.1	N/A	2.48e-06
Q08520.1	RecName: Full=G-protein coupled receptor homolog K2 [Swinepox virus (STRAIN KASZA)]	2.76e-06
Q15743.1	N/A	2.81e-06
P58406.1	N/A	2.85e-06
P07700.1	N/A	2.88e-06
Q99679.1	N/A	2.89e-06
Q9QYN8.1	N/A	3.11e-06
P70612.1	N/A	3.14e-06
P42288.1	RecName: Full=D(1A) dopamine receptor; AltName: Full=Dopamine D1 receptor [Didelphis virginiana]	3.15e-06
P28286.3	N/A	3.23e-06
Q6IYF8.1	N/A	3.37e-06
O02213.4	N/A	3.48e-06
Q7SZP9.2	RecName: Full=Apelin receptor A; AltName: Full=Angiotensin II receptor-like 1a; AltName: Full=Angiotensin receptor-like 1a; AltName: Full=G-protein coupled receptor APJ A [Danio rerio]	3.49e-06
P21728.1	N/A	3.66e-06
Q8K087.1	N/A	3.73e-06
P0C623.2	RecName: Full=Olfactory receptor 4Q2; AltName: Full=olfactory receptor OR14-21 [Homo sapiens]	3.80e-06
O77680.1	N/A	4.00e-06
P79960.2	N/A	4.10e-06
O19091.1	RecName: Full=Alpha-2B adrenergic receptor; AltName: Full=Alpha-2B adrenoreceptor; Short=Alpha-2B adrenoceptor; Short=Alpha-2BAR [Talpa europaea]	4.12e-06
P55919.1	RecName: Full=C-X-C chemokine receptor type 1; Short=CXC-R1; Short=CXCR-1; AltName: Full=High affinity interleukin-8 receptor A; Short=IL-8R A; AltName: Full=IL-8 receptor type 1; AltName: CD_antigen=CD181 [Gorilla gorilla gorilla]	4.12e-06
Q2TAD5.1	RecName: Full=Apelin receptor B; AltName: Full=Angiotensin receptor-like 1b; AltName: Full=Angiotensin receptor-related protein B; AltName: Full=G-protein coupled receptor APJ-B; Short=APJb [Xenopus laevis]	4.15e-06
Q9JI35.2	N/A	4.22e-06
Q6XXX9.1	N/A	4.35e-06
Q29J90.2	RecName: Full=G-protein coupled receptor moody [Drosophila pseudoobscura pseudoobscura]	4.72e-06
P79748.1	RecName: Full=5-hydroxytryptamine receptor 1D; Short=5-HT-1D; Short=5-HT1D; Short=5HT1D; AltName: Full=F1D; AltName: Full=Serotonin receptor 1D [Takifugu rubripes]	4.84e-06
Q9I919.1	N/A	4.92e-06
Q6XXY0.1	N/A	4.97e-06
Q2WED0.1	N/A	4.98e-06
Q9R1C8.1	N/A	5.01e-06
P08908.3	N/A	5.28e-06
Q9JJI5.2	RecName: Full=Neuromedin-U receptor 1; Short=NMU-R1; AltName: Full=G-protein coupled receptor 66; AltName: Full=G-protein coupled receptor FM-3 [Rattus norvegicus]	5.50e-06
A6QLE7.1	N/A	5.86e-06
Q93127.1	RecName: Full=Probable G-protein coupled receptor No18 [Amphibalanus amphitrite]	5.89e-06
Q9Y2T5.2	N/A	6.08e-06
P51684.2	N/A	6.15e-06
Q9N296.1	N/A	6.37e-06
Q60613.3	N/A	6.59e-06
P23269.1	RecName: Full=Olfactory receptor 1496; AltName: Full=Olfactory receptor-like protein I3 [Rattus norvegicus]	6.63e-06
O46685.1	N/A	6.77e-06
Q9W534.2	N/A	6.77e-06
Q9N0Z0.1	RecName: Full=C-X-C chemokine receptor type 6; Short=CXC-R6; Short=CXCR-6; AltName: Full=G-protein coupled receptor STRL33; AltName: Full=G-protein coupled receptor bonzo; AltName: CD_antigen=CD186 [Cercocebus atys]	7.06e-06
P18901.2	RecName: Full=D(1A) dopamine receptor; AltName: Full=Dopamine D1 receptor [Rattus norvegicus]	7.15e-06
Q9Z2J6.1	N/A	7.42e-06
Q9VCZ3.1	N/A	7.75e-06
Q9TU92.1	RecName: Full=Olfactory receptor 1A1 [Gorilla gorilla gorilla]	7.85e-06
O08890.1	N/A	7.91e-06
A5A4K9.1	N/A	8.19e-06
P79175.2	RecName: Full=C5a anaphylatoxin chemotactic receptor 1; AltName: Full=C5a anaphylatoxin chemotactic receptor; Short=C5a-R; Short=C5aR; AltName: CD_antigen=CD88 [Gorilla gorilla gorilla]	8.54e-06
Q07FZ4.1	N/A	8.72e-06
Q8NGN0.1	N/A	8.96e-06
P46616.1	RecName: Full=Adenosine receptor A2a [Cavia porcellus]	9.00e-06
Q1RMI1.1	N/A	9.67e-06
P32302.1	N/A	9.76e-06
P79188.1	RecName: Full=C5a anaphylatoxin chemotactic receptor 1; AltName: Full=C5a anaphylatoxin chemotactic receptor; Short=C5a-R; Short=C5aR; AltName: CD_antigen=CD88 [Macaca mulatta]	1.05e-05
Q9XSD7.1	RecName: Full=C-C chemokine receptor-like 2 [Macaca mulatta]	1.05e-05
P32303.2	N/A	1.05e-05
Q5IS65.1	N/A	1.09e-05
Q6NS65.1	N/A	1.15e-05
P19328.2	N/A	1.18e-05
Q09QM4.1	N/A	1.28e-05
O42329.2	RecName: Full=Gonadotropin-releasing hormone II receptor; Short=GnRH II receptor; Short=GnRH-II-R; AltName: Full=Type II GnRH receptor [Clarias gariepinus]	1.28e-05
P50406.1	N/A	1.29e-05
Q6VMN6.2	N/A	1.29e-05
Q25414.1	RecName: Full=5-hydroxytryptamine receptor; Short=5-HT receptor; AltName: Full=Serotonin receptor [Lymnaea stagnalis]	1.30e-05
P79113.1	N/A	1.32e-05
Q9Y5N1.2	N/A	1.36e-05
Q7TMA4.1	N/A	1.36e-05
P30993.2	N/A	1.38e-05
P46628.1	N/A	1.44e-05
Q90WY6.1	N/A	1.54e-05
Q2AC31.1	N/A	1.57e-05
O73810.1	N/A	1.60e-05
P30551.1	N/A	1.74e-05
P25106.3	N/A	1.79e-05
P30411.2	N/A	1.95e-05
Q9TTM9.1	N/A	1.95e-05
P41595.1	N/A	1.95e-05
Q64121.1	N/A	2.01e-05
Q9NS75.1	N/A	2.04e-05
O08725.1	N/A	2.17e-05
O76099.1	N/A	2.22e-05
P42291.1	RecName: Full=D(1C) dopamine receptor [Xenopus laevis]	2.23e-05
P32229.1	RecName: Full=G-protein coupled receptor homolog C3 [Swinepox virus (STRAIN KASZA)]	2.25e-05
P58180.1	N/A	2.33e-05
P61793.1	N/A	2.41e-05
Q8K5E0.1	N/A	2.49e-05
O18983.1	RecName: Full=C-X-C chemokine receptor type 6; Short=CXC-R6; Short=CXCR-6; AltName: Full=G-protein coupled receptor bonzo; AltName: CD_antigen=CD186 [Chlorocebus aethiops]	2.64e-05
P0C5J4.1	N/A	2.67e-05
Q92633.3	N/A	2.69e-05
Q9Z0U9.1	N/A	2.74e-05
Q9U7D5.2	N/A	2.78e-05
P31388.2	RecName: Full=5-hydroxytryptamine receptor 6; Short=5-HT-6; Short=5-HT6; AltName: Full=ST-B17; AltName: Full=Serotonin receptor 6 [Rattus norvegicus]	2.94e-05
Q9N2B6.1	RecName: Full=5-hydroxytryptamine receptor 1E; Short=5-HT-1E; Short=5-HT1E; AltName: Full=Serotonin receptor 1E [Pan troglodytes]	3.12e-05
Q9BDS6.1	N/A	3.14e-05
Q96P68.1	N/A	3.18e-05
Q9TV16.1	N/A	3.22e-05
Q4EW11.1	N/A	3.26e-05
P28566.1	N/A	3.40e-05
Q63931.1	RecName: Full=Cholecystokinin receptor type A; Short=CCK-A receptor; Short=CCK-AR; AltName: Full=Cholecystokinin-1 receptor; Short=CCK1-R [Cavia porcellus]	3.58e-05
P30545.2	RecName: Full=Alpha-2B adrenergic receptor; AltName: Full=Alpha-2B adrenoreceptor; Short=Alpha-2B adrenoceptor; Short=Alpha-2BAR [Mus musculus]	3.77e-05
Q9TUP7.1	N/A	3.99e-05
Q8UUG8.1	RecName: Full=5-hydroxytryptamine receptor 2B; Short=5-HT-2B; Short=5-HT2B; AltName: Full=Serotonin receptor 2B [Tetraodon fluviatilis]	4.04e-05
P32299.4	N/A	4.07e-05
Q9XT45.1	N/A	4.42e-05
Q8NGN7.1	PUTATIVE PSEUDOGENE: RecName: Full=Putative olfactory receptor 10D4 [Homo sapiens]	4.47e-05
Q28838.3	N/A	4.48e-05
P47749.1	N/A	4.95e-05
Q99P50.3	N/A	4.99e-05
Q764M9.1	N/A	5.00e-05
