sp|P47804|RGR_HUMAN	sp|P47804|RGR_HUMAN RPE-retinal G protein-coupled receptor OS=Homo sapiens OX=9606 GN=RGR PE=1 SV=1	1.49e-90
sp|P47803|RGR_BOVIN	sp|P47803|RGR_BOVIN RPE-retinal G protein-coupled receptor OS=Bos taurus OX=9913 GN=RGR PE=2 SV=1	2.83e-90
sp|Q9Z2B3|RGR_MOUSE	sp|Q9Z2B3|RGR_MOUSE RPE-retinal G protein-coupled receptor OS=Mus musculus OX=10090 GN=Rgr PE=2 SV=1	1.01e-87
sp|O14718|OPSX_HUMAN	sp|O14718|OPSX_HUMAN Visual pigment-like receptor peropsin OS=Homo sapiens OX=9606 GN=RRH PE=1 SV=1	2.02e-37
sp|O35214|OPSX_MOUSE	sp|O35214|OPSX_MOUSE Visual pigment-like receptor peropsin OS=Mus musculus OX=10090 GN=Rrh PE=1 SV=1	6.47e-36
sp|O15973|OPSD1_MIZYE	sp|O15973|OPSD1_MIZYE Rhodopsin, GQ-coupled OS=Mizuhopecten yessoensis OX=6573 GN=SCOP1 PE=1 SV=1	2.18e-25
sp|Q17094|OPSD_ALLSU	sp|Q17094|OPSD_ALLSU Rhodopsin (Fragment) OS=Alloteuthis subulata OX=54069 GN=RHO PE=3 SV=1	2.25e-25
sp|P09241|OPSD_ENTDO	sp|P09241|OPSD_ENTDO Rhodopsin OS=Enteroctopus dofleini OX=267067 GN=RHO PE=2 SV=1	2.26e-24
sp|Q6XL69|OPN4_RUTRU	sp|Q6XL69|OPN4_RUTRU Melanopsin OS=Rutilus rutilus OX=48668 GN=opn4 PE=2 SV=1	2.36e-23
sp|P24603|OPSD_LOLFO	sp|P24603|OPSD_LOLFO Rhodopsin OS=Loligo forbesii OX=6618 GN=RHO PE=2 SV=1	3.23e-23
sp|Q4R1I4|OPN4_BRABE	sp|Q4R1I4|OPN4_BRABE Melanopsin OS=Branchiostoma belcheri OX=7741 GN=OPN4 PE=1 SV=1	6.69e-23
sp|Q5XXP2|OPN4_PHOSU	sp|Q5XXP2|OPN4_PHOSU Melanopsin OS=Phodopus sungorus OX=10044 GN=OPN4 PE=2 SV=1	1.37e-22
sp|Q5YKK9|OPN4_FELCA	sp|Q5YKK9|OPN4_FELCA Melanopsin OS=Felis catus OX=9685 GN=OPN4 PE=2 SV=1	3.93e-22
sp|Q94741|OPS1_SCHGR	sp|Q94741|OPS1_SCHGR Opsin-1 OS=Schistocerca gregaria OX=7010 GN=Lo1 PE=2 SV=1	2.48e-21
sp|O57422|OPN4B_XENLA	sp|O57422|OPN4B_XENLA Melanopsin-B OS=Xenopus laevis OX=8355 GN=opn4b PE=2 SV=1	2.79e-21
sp|Q9H1Y3|OPN3_HUMAN	sp|Q9H1Y3|OPN3_HUMAN Opsin-3 OS=Homo sapiens OX=9606 GN=OPN3 PE=1 SV=1	3.97e-21
sp|Q1JPS6|OPN4L_DANRE	sp|Q1JPS6|OPN4L_DANRE Melanopsin-like OS=Danio rerio OX=7955 GN=opn4l PE=2 SV=1	3.97e-21
sp|O15974|OPSD2_MIZYE	sp|O15974|OPSD2_MIZYE Rhodopsin, G0-coupled OS=Mizuhopecten yessoensis OX=6573 GN=SCOP2 PE=1 SV=1	6.64e-21
sp|O16005|OPSD_SEPOF	sp|O16005|OPSD_SEPOF Rhodopsin OS=Sepia officinalis OX=6610 GN=RHO PE=2 SV=1	6.99e-21
sp|P31356|OPSD_TODPA	sp|P31356|OPSD_TODPA Rhodopsin OS=Todarodes pacificus OX=6637 GN=RHO PE=1 SV=2	7.94e-21
sp|Q804Q2|OPN4B_GADMO	sp|Q804Q2|OPN4B_GADMO Melanopsin-B OS=Gadus morhua OX=8049 GN=opn4b PE=2 SV=1	1.64e-20
sp|O42266|OPSP_ICTPU	sp|O42266|OPSP_ICTPU Parapinopsin OS=Ictalurus punctatus OX=7998 PE=2 SV=1	3.07e-20
sp|Q9WUK7|OPN3_MOUSE	sp|Q9WUK7|OPN3_MOUSE Opsin-3 OS=Mus musculus OX=10090 GN=Opn3 PE=1 SV=1	4.10e-20
sp|Q2KNE5|OPN4A_DANRE	sp|Q2KNE5|OPN4A_DANRE Melanopsin-A OS=Danio rerio OX=7955 GN=opn4a PE=2 SV=3	5.08e-20
sp|Q4U4D2|OPN4_PODSI	sp|Q4U4D2|OPN4_PODSI Melanopsin OS=Podarcis siculus OX=65484 GN=OPN4 PE=2 SV=2	9.45e-20
sp|Q17296|OPSD_CATBO	sp|Q17296|OPSD_CATBO Rhodopsin OS=Cataglyphis bombycinus OX=72790 PE=2 SV=1	1.09e-19
sp|Q17292|OPSD_CAMAT	sp|Q17292|OPSD_CAMAT Rhodopsin OS=Camponotus atriceps OX=104420 PE=2 SV=1	2.03e-19
sp|Q804X9|OPN4A_GADMO	sp|Q804X9|OPN4A_GADMO Melanopsin-A OS=Gadus morhua OX=8049 GN=opn4a PE=2 SV=1	2.12e-19
sp|P35361|OPSO_LIMPO	sp|P35361|OPSO_LIMPO Ocellar opsin OS=Limulus polyphemus OX=6850 PE=1 SV=1	3.55e-19
sp|O02465|OPS2_MANSE	sp|O02465|OPS2_MANSE Opsin-2 OS=Manduca sexta OX=7130 GN=OP2 PE=2 SV=2	4.07e-19
sp|Q9UHM6|OPN4_HUMAN	sp|Q9UHM6|OPN4_HUMAN Melanopsin OS=Homo sapiens OX=9606 GN=OPN4 PE=1 SV=1	5.13e-19
sp|Q8R456|OPN4_RAT	sp|Q8R456|OPN4_RAT Melanopsin OS=Rattus norvegicus OX=10116 GN=Opn4 PE=2 SV=1	1.05e-18
sp|P02699|OPSD_BOVIN	sp|P02699|OPSD_BOVIN Rhodopsin OS=Bos taurus OX=9913 GN=RHO PE=1 SV=1	1.50e-18
sp|P35360|OPSL_LIMPO	sp|P35360|OPSL_LIMPO Lateral eye opsin OS=Limulus polyphemus OX=6850 PE=1 SV=1	1.93e-18
sp|Q25158|OPSC2_HEMSA	sp|Q25158|OPSC2_HEMSA Compound eye opsin BCRH2 OS=Hemigrapsus sanguineus OX=40176 PE=2 SV=1	3.13e-18
sp|Q9QXZ9|OPN4_MOUSE	sp|Q9QXZ9|OPN4_MOUSE Melanopsin OS=Mus musculus OX=10090 GN=Opn4 PE=1 SV=1	3.16e-18
sp|P79911|OPSD_SARTI	sp|P79911|OPSD_SARTI Rhodopsin (Fragment) OS=Sargocentron tiere OX=47713 GN=rho PE=2 SV=1	3.25e-18
sp|P79903|OPSD_SARSP	sp|P79903|OPSD_SARSP Rhodopsin (Fragment) OS=Sargocentron spiniferum OX=47712 GN=rho PE=2 SV=1	5.36e-18
sp|Q17053|OPSD_APIME	sp|Q17053|OPSD_APIME Rhodopsin, long-wavelength OS=Apis mellifera OX=7460 PE=1 SV=1	6.06e-18
sp|O62798|OPSD_TURTR	sp|O62798|OPSD_TURTR Rhodopsin OS=Tursiops truncatus OX=9739 GN=RHO PE=1 SV=1	7.26e-18
sp|Q6VZZ7|OPN5_MOUSE	sp|Q6VZZ7|OPN5_MOUSE Opsin-5 OS=Mus musculus OX=10090 GN=Opn5 PE=1 SV=1	9.56e-18
sp|P49912|OPSD_RABIT	sp|P49912|OPSD_RABIT Rhodopsin OS=Oryctolagus cuniculus OX=9986 GN=RHO PE=2 SV=1	1.22e-17
sp|O62793|OPSD_MESBI	sp|O62793|OPSD_MESBI Rhodopsin OS=Mesoplodon bidens OX=48745 GN=RHO PE=2 SV=1	1.50e-17
sp|O12948|OPSR_XENLA	sp|O12948|OPSR_XENLA Red-sensitive opsin OS=Xenopus laevis OX=8355 GN=opn1lw1 PE=2 SV=1	1.72e-17
sp|P35362|OPSD_SPHSP	sp|P35362|OPSD_SPHSP Rhodopsin OS=Sphodromantis sp. OX=27433 PE=2 SV=1	1.80e-17
sp|Q769E8|OPSD_OTOCR	sp|Q769E8|OPSD_OTOCR Rhodopsin OS=Otolemur crassicaudatus OX=9463 GN=RHO PE=2 SV=1	2.74e-17
sp|Q6W3E1|OPSD_CALPD	sp|Q6W3E1|OPSD_CALPD Rhodopsin OS=Caluromys philander OX=70610 GN=RHO PE=2 SV=1	2.94e-17
sp|P51489|OPSD_RAT	sp|P51489|OPSD_RAT Rhodopsin OS=Rattus norvegicus OX=10116 GN=Rho PE=2 SV=1	3.18e-17
sp|P52202|OPSD_ALLMI	sp|P52202|OPSD_ALLMI Rhodopsin OS=Alligator mississippiensis OX=8496 GN=RHO PE=1 SV=1	3.32e-17
sp|Q95KU1|OPSD_FELCA	sp|Q95KU1|OPSD_FELCA Rhodopsin OS=Felis catus OX=9685 GN=RHO PE=3 SV=1	4.43e-17
sp|P08099|OPS2_DROME	sp|P08099|OPS2_DROME Opsin Rh2 OS=Drosophila melanogaster OX=7227 GN=Rh2 PE=1 SV=1	4.90e-17
sp|O61303|OPSUV_APIME	sp|O61303|OPSUV_APIME Opsin, ultraviolet-sensitive OS=Apis mellifera OX=7460 GN=UVOP PE=1 SV=1	5.23e-17
sp|Q25157|OPSC1_HEMSA	sp|Q25157|OPSC1_HEMSA Compound eye opsin BCRH1 OS=Hemigrapsus sanguineus OX=40176 PE=2 SV=1	5.95e-17
sp|O62791|OPSD_DELDE	sp|O62791|OPSD_DELDE Rhodopsin OS=Delphinus delphis OX=9728 GN=RHO PE=2 SV=1	9.01e-17
sp|P56516|OPSD_RANTE	sp|P56516|OPSD_RANTE Rhodopsin OS=Rana temporaria OX=8407 GN=RHO PE=2 SV=1	9.75e-17
sp|P28681|OPSD_CRIGR	sp|P28681|OPSD_CRIGR Rhodopsin OS=Cricetulus griseus OX=10029 GN=RHO PE=3 SV=1	1.03e-16
sp|Q6U736|OPN5_HUMAN	sp|Q6U736|OPN5_HUMAN Opsin-5 OS=Homo sapiens OX=9606 GN=OPN5 PE=1 SV=3	1.21e-16
sp|P51476|OPSP_COLLI	sp|P51476|OPSP_COLLI Pinopsin OS=Columba livia OX=8932 PE=1 SV=1	1.48e-16
sp|P28679|OPS2_DROPS	sp|P28679|OPS2_DROPS Opsin Rh2 OS=Drosophila pseudoobscura pseudoobscura OX=46245 GN=Rh2 PE=1 SV=3	1.48e-16
sp|P15409|OPSD_MOUSE	sp|P15409|OPSD_MOUSE Rhodopsin OS=Mus musculus OX=10090 GN=Rho PE=1 SV=2	1.58e-16
sp|P35356|OPSD_PROCL	sp|P35356|OPSD_PROCL Rhodopsin OS=Procambarus clarkii OX=6728 GN=RHO PE=1 SV=1	1.71e-16
sp|O62792|OPSD_GLOME	sp|O62792|OPSD_GLOME Rhodopsin OS=Globicephala melas OX=9731 GN=RHO PE=2 SV=1	1.73e-16
sp|P32313|OPSR_CARAU	sp|P32313|OPSR_CARAU Red-sensitive opsin OS=Carassius auratus OX=7957 PE=1 SV=1	2.46e-16
sp|P79808|OPSD_NEOAR	sp|P79808|OPSD_NEOAR Rhodopsin (Fragment) OS=Neoniphon argenteus OX=47704 GN=rho PE=2 SV=1	2.57e-16
sp|O18766|OPSD_PIG	sp|O18766|OPSD_PIG Rhodopsin OS=Sus scrofa OX=9823 GN=RHO PE=1 SV=1	2.89e-16
sp|P22328|OPSD_CHICK	sp|P22328|OPSD_CHICK Rhodopsin OS=Gallus gallus OX=9031 GN=RHO PE=3 SV=1	2.90e-16
sp|P79812|OPSD_NEOSA	sp|P79812|OPSD_NEOSA Rhodopsin OS=Neoniphon sammara OX=47706 GN=rho PE=2 SV=1	3.66e-16
sp|O62794|OPSD_PHOVI	sp|O62794|OPSD_PHOVI Rhodopsin OS=Phoca vitulina OX=9720 GN=RHO PE=2 SV=1	4.26e-16
sp|O62795|OPSD_PAGGO	sp|O62795|OPSD_PAGGO Rhodopsin OS=Pagophilus groenlandicus OX=39089 GN=RHO PE=2 SV=1	4.30e-16
sp|O02464|OPS1_MANSE	sp|O02464|OPS1_MANSE Opsin-1 OS=Manduca sexta OX=7130 GN=OP1 PE=1 SV=2	4.32e-16
sp|Q95YI3|OPSCE_BOMMO	sp|Q95YI3|OPSCE_BOMMO Ceropsin OS=Bombyx mori OX=7091 GN=Bcop PE=1 SV=1	4.92e-16
sp|Q90309|OPSUV_CARAU	sp|Q90309|OPSUV_CARAU Ultraviolet-sensitive opsin OS=Carassius auratus OX=7957 PE=2 SV=1	6.19e-16
sp|Q28886|OPSD_MACFA	sp|Q28886|OPSD_MACFA Rhodopsin OS=Macaca fascicularis OX=9541 GN=RHO PE=2 SV=1	6.33e-16
sp|Q9W6A8|OP1S2_DANRE	sp|Q9W6A8|OP1S2_DANRE Opsin-1, short-wave-sensitive 2 OS=Danio rerio OX=7955 GN=opn1sw2 PE=1 SV=1	6.96e-16
sp|P79809|OPSD_NEOAU	sp|P79809|OPSD_NEOAU Rhodopsin (Fragment) OS=Neoniphon aurolineatus OX=47705 GN=rho PE=2 SV=1	7.54e-16
sp|P79807|OPSD_MYRVI	sp|P79807|OPSD_MYRVI Rhodopsin (Fragment) OS=Myripristis violacea OX=47701 GN=rho PE=2 SV=1	8.44e-16
sp|O35599|OPSG_MOUSE	sp|O35599|OPSG_MOUSE Medium-wave-sensitive opsin 1 OS=Mus musculus OX=10090 GN=Opn1mw PE=1 SV=1	8.83e-16
sp|P22330|OPSG1_ASTFA	sp|P22330|OPSG1_ASTFA Green-sensitive opsin-1 OS=Astyanax fasciatus OX=223369 GN=G103 PE=1 SV=1	9.82e-16
sp|O93441|OPSD_GALML	sp|O93441|OPSD_GALML Rhodopsin OS=Galeus melastomus OX=77914 GN=rho PE=2 SV=1	1.04e-15
sp|Q68J47|OPSD_LOXAF	sp|Q68J47|OPSD_LOXAF Rhodopsin OS=Loxodonta africana OX=9785 GN=RHO PE=1 SV=1	1.05e-15
sp|Q8AYM7|OPSG3_DANRE	sp|Q8AYM7|OPSG3_DANRE Green-sensitive opsin-3 OS=Danio rerio OX=7955 GN=opn1mw3 PE=1 SV=1	1.38e-15
sp|P79798|OPSD_MYRBE	sp|P79798|OPSD_MYRBE Rhodopsin (Fragment) OS=Myripristis berndti OX=47700 GN=rho PE=2 SV=1	1.38e-15
sp|P51475|OPSP_CHICK	sp|P51475|OPSP_CHICK Pinopsin OS=Gallus gallus OX=9031 PE=1 SV=1	1.40e-15
sp|P17646|OPS4_DROVI	sp|P17646|OPS4_DROVI Opsin Rh4 OS=Drosophila virilis OX=7244 GN=Rh4 PE=3 SV=2	1.61e-15
sp|O42451|OPSD_PROJE	sp|O42451|OPSD_PROJE Rhodopsin (Fragment) OS=Procottus jeittelesii OX=61631 GN=rho PE=3 SV=1	1.67e-15
sp|P56515|OPSD_RHIMB	sp|P56515|OPSD_RHIMB Rhodopsin OS=Rhinella marina OX=8386 GN=RHO PE=2 SV=1	2.23e-15
sp|P22329|OPSR_CHICK	sp|P22329|OPSR_CHICK Red-sensitive opsin OS=Gallus gallus OX=9031 PE=1 SV=1	2.31e-15
sp|P02700|OPSD_SHEEP	sp|P02700|OPSD_SHEEP Rhodopsin OS=Ovis aries OX=9940 GN=RHO PE=1 SV=2	2.51e-15
sp|Q8AYN0|OPSR2_DANRE	sp|Q8AYN0|OPSR2_DANRE Red-sensitive opsin-2 OS=Danio rerio OX=7955 GN=opn1lw2 PE=1 SV=1	3.02e-15
sp|P41592|OPSR_ANOCA	sp|P41592|OPSR_ANOCA Red-sensitive opsin OS=Anolis carolinensis OX=28377 PE=1 SV=1	3.04e-15
sp|O18913|OPSR_FELCA	sp|O18913|OPSR_FELCA Long-wave-sensitive opsin 1 OS=Felis catus OX=9685 GN=OPN1LW PE=1 SV=2	3.06e-15
sp|P22331|OPSG2_ASTFA	sp|P22331|OPSG2_ASTFA Green-sensitive opsin-2 OS=Astyanax fasciatus OX=223369 GN=G101 PE=1 SV=1	3.13e-15
sp|Q9W6A7|OPSR1_DANRE	sp|Q9W6A7|OPSR1_DANRE Red-sensitive opsin-1 OS=Danio rerio OX=7955 GN=opn1lw1 PE=1 SV=1	3.38e-15
sp|P41590|OPSD_ASTFA	sp|P41590|OPSD_ASTFA Rhodopsin OS=Astyanax fasciatus OX=223369 GN=rho PE=1 SV=1	3.49e-15
sp|P28678|OPS1_DROPS	sp|P28678|OPS1_DROPS Opsin Rh1 OS=Drosophila pseudoobscura pseudoobscura OX=46245 GN=ninaE PE=1 SV=4	3.50e-15
sp|O18912|OPSR_HORSE	sp|O18912|OPSR_HORSE Long-wave-sensitive opsin 1 OS=Equus caballus OX=9796 GN=OPN1LW PE=1 SV=2	3.97e-15
sp|P23820|REIS_TODPA	sp|P23820|REIS_TODPA Retinochrome OS=Todarodes pacificus OX=6637 PE=1 SV=1	4.06e-15
sp|P51470|OPSD_LITCT	sp|P51470|OPSD_LITCT Rhodopsin OS=Lithobates catesbeianus OX=8400 GN=RHO PE=2 SV=1	4.13e-15
sp|P29404|OPS4_DROPS	sp|P29404|OPS4_DROPS Opsin Rh4 OS=Drosophila pseudoobscura pseudoobscura OX=46245 GN=Rh4 PE=1 SV=2	4.49e-15
sp|P22332|OPSR_ASTFA	sp|P22332|OPSR_ASTFA Red-sensitive opsin OS=Astyanax fasciatus OX=223369 GN=R007 PE=1 SV=2	4.59e-15
sp|P79902|OPSD_SARPU	sp|P79902|OPSD_SARPU Rhodopsin (Fragment) OS=Sargocentron punctatissimum OX=47711 GN=rho PE=2 SV=1	4.74e-15
sp|O35478|OPSG_SCICA	sp|O35478|OPSG_SCICA Medium-wave-sensitive opsin 1 OS=Sciurus carolinensis OX=30640 GN=OPN1MW PE=1 SV=2	5.44e-15
sp|Q8HY69|OPSD_SMICR	sp|Q8HY69|OPSD_SMICR Rhodopsin OS=Sminthopsis crassicaudata OX=9301 GN=RHO PE=2 SV=2	6.51e-15
sp|O42327|OPSD_COMDY	sp|O42327|OPSD_COMDY Rhodopsin (Fragment) OS=Comephorus dybowskii OX=61641 GN=rho PE=3 SV=1	7.48e-15
sp|P31355|OPSD_LITPI	sp|P31355|OPSD_LITPI Rhodopsin OS=Lithobates pipiens OX=8404 GN=RHO PE=1 SV=1	8.15e-15
sp|O18481|OPSD_ORCAU	sp|O18481|OPSD_ORCAU Rhodopsin (Fragment) OS=Orconectes australis OX=61490 GN=RHO PE=3 SV=1	8.35e-15
sp|P08255|OPS4_DROME	sp|P08255|OPS4_DROME Opsin Rh4 OS=Drosophila melanogaster OX=7227 GN=Rh4 PE=1 SV=2	8.72e-15
sp|O35476|OPSG_RAT	sp|O35476|OPSG_RAT Medium-wave-sensitive opsin 1 OS=Rattus norvegicus OX=10116 GN=Opn1mw PE=1 SV=2	9.27e-15
sp|P79863|OPSD_LEUER	sp|P79863|OPSD_LEUER Rhodopsin OS=Leucoraja erinacea OX=7782 GN=rho PE=2 SV=1	9.59e-15
sp|P34989|OPSL_CALJA	sp|P34989|OPSL_CALJA Opsin, longwave 563 nm (Fragment) OS=Callithrix jacchus OX=9483 PE=1 SV=1	9.70e-15
sp|Q9BGI7|OPSR_BOVIN	sp|Q9BGI7|OPSR_BOVIN Long-wave-sensitive opsin 1 OS=Bos taurus OX=9913 GN=OPN1LW PE=1 SV=1	1.31e-14
sp|O18914|OPSR_CANLF	sp|O18914|OPSR_CANLF Long-wave-sensitive opsin 1 OS=Canis lupus familiaris OX=9615 GN=OPN1LW PE=2 SV=2	1.41e-14
sp|P04000|OPSR_HUMAN	sp|P04000|OPSR_HUMAN Long-wave-sensitive opsin 1 OS=Homo sapiens OX=9606 GN=OPN1LW PE=1 SV=1	1.54e-14
sp|O42328|OPSD_COTGR	sp|O42328|OPSD_COTGR Rhodopsin (Fragment) OS=Cottocomephorus grewingkii OX=57734 GN=rho PE=3 SV=1	1.54e-14
sp|P06002|OPS1_DROME	sp|P06002|OPS1_DROME Opsin Rh1 OS=Drosophila melanogaster OX=7227 GN=ninaE PE=1 SV=1	1.62e-14
sp|O18910|OPSG_RABIT	sp|O18910|OPSG_RABIT Medium-wave-sensitive opsin 1 OS=Oryctolagus cuniculus OX=9986 GN=OPN1MW PE=1 SV=2	1.83e-14
sp|Q9R024|OPSG_CAVPO	sp|Q9R024|OPSG_CAVPO Medium-wave-sensitive opsin 1 OS=Cavia porcellus OX=10141 GN=OPN1MW PE=2 SV=1	2.05e-14
sp|Q9YGZ3|OPSD_SALPV	sp|Q9YGZ3|OPSD_SALPV Rhodopsin OS=Salaria pavo OX=152553 GN=rho PE=2 SV=1	2.22e-14
sp|P87367|OPSR_ORYLA	sp|P87367|OPSR_ORYLA Red-sensitive opsin OS=Oryzias latipes OX=8090 PE=1 SV=1	2.27e-14
sp|O42330|OPSD_COTIN	sp|O42330|OPSD_COTIN Rhodopsin (Fragment) OS=Cottocomephorus inermis OX=61627 GN=rho PE=3 SV=1	2.56e-14
sp|P51472|OPSB_ASTFA	sp|P51472|OPSB_ASTFA Blue-sensitive opsin OS=Astyanax fasciatus OX=223369 GN=B23 PE=2 SV=1	2.68e-14
sp|O16017|OPSD_LACLU	sp|O16017|OPSD_LACLU Rhodopsin (Fragment) OS=Lacunicambarus ludovicianus OX=2315848 GN=RHO PE=3 SV=1	2.90e-14
sp|Q95170|OPSR_CAPHI	sp|Q95170|OPSR_CAPHI Long-wave-sensitive opsin 1 OS=Capra hircus OX=9925 GN=OPN1LW PE=1 SV=1	3.18e-14
sp|Q9YGZ4|OPSD_DICLA	sp|Q9YGZ4|OPSD_DICLA Rhodopsin OS=Dicentrarchus labrax OX=13489 GN=rho PE=1 SV=1	3.40e-14
sp|Q26495|OPS2_SCHGR	sp|Q26495|OPS2_SCHGR Opsin-2 OS=Schistocerca gregaria OX=7010 GN=Lo2 PE=2 SV=1	3.46e-14
sp|P28683|OPSG_CHICK	sp|P28683|OPSG_CHICK Green-sensitive opsin OS=Gallus gallus OX=9031 GN=PRA1 PE=1 SV=1	3.54e-14
sp|Q9YGZ5|OPSD_SOLSO	sp|Q9YGZ5|OPSD_SOLSO Rhodopsin OS=Solea solea OX=90069 GN=rho PE=2 SV=1	3.70e-14
sp|Q9YH05|OPSD_DIPAN	sp|Q9YH05|OPSD_DIPAN Rhodopsin OS=Diplodus annularis OX=48913 GN=rho PE=2 SV=1	4.07e-14
sp|P29371|NK3R_HUMAN	sp|P29371|NK3R_HUMAN Neuromedin-K receptor OS=Homo sapiens OX=9606 GN=TACR3 PE=1 SV=1	4.34e-14
sp|P79901|OPSD_SARMI	sp|P79901|OPSD_SARMI Rhodopsin (Fragment) OS=Sargocentron microstoma OX=47710 GN=rho PE=2 SV=1	4.59e-14
sp|Q9W6A6|OPSG4_DANRE	sp|Q9W6A6|OPSG4_DANRE Green-sensitive opsin-4 OS=Danio rerio OX=7955 GN=opn1mw4 PE=1 SV=2	4.89e-14
sp|P79914|OPSD_SARXA	sp|P79914|OPSD_SARXA Rhodopsin (Fragment) OS=Sargocentron xantherythrum OX=47708 GN=rho PE=2 SV=1	5.20e-14
sp|Q9YH00|OPSD_LITMO	sp|Q9YH00|OPSD_LITMO Rhodopsin OS=Lithognathus mormyrus OX=50591 GN=rho PE=2 SV=1	5.47e-14
sp|P35359|OPSD_DANRE	sp|P35359|OPSD_DANRE Rhodopsin OS=Danio rerio OX=7955 GN=rho PE=1 SV=2	5.77e-14
sp|P79898|OPSD_SARDI	sp|P79898|OPSD_SARDI Rhodopsin OS=Sargocentron diadema OX=47709 GN=rho PE=2 SV=1	5.88e-14
sp|Q90214|OPSD1_ANGAN	sp|Q90214|OPSD1_ANGAN Rhodopsin, deep-sea form OS=Anguilla anguilla OX=7936 PE=1 SV=1	5.98e-14
sp|P41591|OPSD_ANOCA	sp|P41591|OPSD_ANOCA Rhodopsin OS=Anolis carolinensis OX=28377 GN=RHO PE=3 SV=1	6.09e-14
sp|O93459|OPSD_SCYCA	sp|O93459|OPSD_SCYCA Rhodopsin OS=Scyliorhinus canicula OX=7830 GN=rho PE=2 SV=1	6.29e-14
sp|O13018|OPSO_SALSA	sp|O13018|OPSO_SALSA Vertebrate ancient opsin OS=Salmo salar OX=8030 PE=1 SV=1	8.41e-14
sp|P47937|NK3R_MOUSE	sp|P47937|NK3R_MOUSE Neuromedin-K receptor OS=Mus musculus OX=10090 GN=Tacr3 PE=2 SV=2	9.76e-14
sp|Q9YH03|OPSD_SARSL	sp|Q9YH03|OPSD_SARSL Rhodopsin OS=Sarpa salpa OX=87759 GN=rho PE=2 SV=1	9.87e-14
sp|P16177|NK3R_RAT	sp|P16177|NK3R_RAT Neuromedin-K receptor OS=Rattus norvegicus OX=10116 GN=Tacr3 PE=2 SV=1	1.20e-13
sp|Q9YGZ8|OPSD_CHELB	sp|Q9YGZ8|OPSD_CHELB Rhodopsin OS=Chelon labrosus OX=48171 GN=rho PE=2 SV=1	1.20e-13
sp|O57605|OPSUV_MELUD	sp|O57605|OPSUV_MELUD Ultraviolet-sensitive opsin OS=Melopsittacus undulatus OX=13146 PE=1 SV=1	1.21e-13
sp|O18315|OPSD_CAMMA	sp|O18315|OPSD_CAMMA Rhodopsin (Fragment) OS=Cambarus maculatus OX=61489 GN=RHO PE=3 SV=1	1.23e-13
sp|O42294|OPSD_ABYKO	sp|O42294|OPSD_ABYKO Rhodopsin (Fragment) OS=Abyssocottus korotneffi OX=61637 GN=rho PE=3 SV=1	1.31e-13
sp|Q9YGZ6|OPSD_CHEAU	sp|Q9YGZ6|OPSD_CHEAU Rhodopsin OS=Chelon auratus OX=48191 GN=rho PE=2 SV=1	1.32e-13
sp|Q9YGZ2|OPSD_GOBNI	sp|Q9YGZ2|OPSD_GOBNI Rhodopsin OS=Gobius niger OX=85417 GN=rho PE=2 SV=1	1.33e-13
sp|Q90215|OPSD2_ANGAN	sp|Q90215|OPSD2_ANGAN Rhodopsin, freshwater form OS=Anguilla anguilla OX=7936 PE=1 SV=1	1.35e-13
sp|P08100|OPSD_HUMAN	sp|P08100|OPSD_HUMAN Rhodopsin OS=Homo sapiens OX=9606 GN=RHO PE=1 SV=1	1.39e-13
sp|O18485|OPSD_PROOR	sp|O18485|OPSD_PROOR Rhodopsin (Fragment) OS=Procambarus orcinus OX=61504 GN=RHO PE=3 SV=1	1.42e-13
sp|Q9YH04|OPSD_DIPVU	sp|Q9YH04|OPSD_DIPVU Rhodopsin OS=Diplodus vulgaris OX=87756 GN=rho PE=2 SV=1	1.43e-13
sp|P87369|OPSD_ORYLA	sp|P87369|OPSD_ORYLA Rhodopsin OS=Oryzias latipes OX=8090 GN=rho PE=1 SV=1	1.45e-13
sp|O42268|OPSD_ICTPU	sp|O42268|OPSD_ICTPU Rhodopsin (Fragment) OS=Ictalurus punctatus OX=7998 GN=rho PE=2 SV=1	1.54e-13
sp|Q90245|OPSD_AMBTI	sp|Q90245|OPSD_AMBTI Rhodopsin OS=Ambystoma tigrinum OX=8305 GN=RHO PE=2 SV=1	1.55e-13
sp|P32309|OPSD_CARAU	sp|P32309|OPSD_CARAU Rhodopsin OS=Carassius auratus OX=7957 GN=rho PE=1 SV=1	1.58e-13
sp|P91657|OPS5_DROME	sp|P91657|OPS5_DROME Opsin Rh5 OS=Drosophila melanogaster OX=7227 GN=Rh5 PE=2 SV=1	1.74e-13
sp|Q9YH02|OPSD_SPAAU	sp|Q9YH02|OPSD_SPAAU Rhodopsin OS=Sparus aurata OX=8175 GN=rho PE=2 SV=1	1.88e-13
sp|P32308|OPSD_CANLF	sp|P32308|OPSD_CANLF Rhodopsin OS=Canis lupus familiaris OX=9615 GN=RHO PE=1 SV=1	2.29e-13
sp|O42301|OPSD_BATNI	sp|O42301|OPSD_BATNI Rhodopsin (Fragment) OS=Batrachocottus nikolskii OX=79686 GN=rho PE=3 SV=1	2.44e-13
sp|O97512|NK3R_RABIT	sp|O97512|NK3R_RABIT Neuromedin-K receptor OS=Oryctolagus cuniculus OX=9986 GN=TACR3 PE=2 SV=2	2.60e-13
sp|Q9DGG4|OPSD_TETNG	sp|Q9DGG4|OPSD_TETNG Rhodopsin OS=Tetraodon nigroviridis OX=99883 GN=rho PE=3 SV=1	2.62e-13
sp|P51488|OPSD_CYPCA	sp|P51488|OPSD_CYPCA Rhodopsin OS=Cyprinus carpio OX=7962 GN=rho PE=2 SV=1	2.74e-13
sp|P79848|OPSD_POERE	sp|P79848|OPSD_POERE Rhodopsin OS=Poecilia reticulata OX=8081 GN=rho PE=2 SV=1	2.90e-13
sp|Q9YGZ9|OPSD_MUGCE	sp|Q9YGZ9|OPSD_MUGCE Rhodopsin OS=Mugil cephalus OX=48193 GN=rho PE=1 SV=1	3.08e-13
sp|Q9YGZ0|OPSD_SARPI	sp|Q9YGZ0|OPSD_SARPI Rhodopsin OS=Sardina pilchardus OX=27697 GN=rho PE=2 SV=1	3.35e-13
sp|O62796|OPSD_TRIMA	sp|O62796|OPSD_TRIMA Rhodopsin OS=Trichechus manatus OX=9778 GN=RHO PE=2 SV=1	3.35e-13
sp|P79756|OPSD_GAMAF	sp|P79756|OPSD_GAMAF Rhodopsin OS=Gambusia affinis OX=33528 GN=rho PE=1 SV=1	3.57e-13
sp|O16020|OPSD_PROML	sp|O16020|OPSD_PROML Rhodopsin (Fragment) OS=Procambarus milleri OX=60967 GN=RHO PE=3 SV=1	3.75e-13
sp|O42452|OPSD_PARKN	sp|O42452|OPSD_PARKN Rhodopsin (Fragment) OS=Paracottus knerii OX=61626 GN=rho PE=3 SV=1	3.95e-13
sp|O01668|OPS6_DROME	sp|O01668|OPS6_DROME Opsin Rh6 OS=Drosophila melanogaster OX=7227 GN=Rh6 PE=2 SV=1	4.01e-13
sp|P51471|OPSB_ANOCA	sp|P51471|OPSB_ANOCA Blue-sensitive opsin OS=Anolis carolinensis OX=28377 PE=1 SV=1	4.10e-13
sp|Q9YGY9|OPSD_ZOSOP	sp|Q9YGY9|OPSD_ZOSOP Rhodopsin OS=Zosterisessor ophiocephalus OX=85428 GN=rho PE=2 SV=1	4.27e-13
sp|P29403|OPSD_XENLA	sp|P29403|OPSD_XENLA Rhodopsin OS=Xenopus laevis OX=8355 GN=rho PE=1 SV=1	4.44e-13
sp|P90680|OPSB_APIME	sp|P90680|OPSB_APIME Opsin, blue-sensitive OS=Apis mellifera OX=7460 GN=BLOP PE=1 SV=2	4.52e-13
sp|Q7T3Q7|OPSO_RUTRU	sp|Q7T3Q7|OPSO_RUTRU Opsin-VA OS=Rutilus rutilus OX=48668 PE=2 SV=1	4.71e-13
sp|Q9YGZ7|OPSD_LIZSA	sp|Q9YGZ7|OPSD_LIZSA Rhodopsin OS=Liza saliens OX=48192 GN=rho PE=2 SV=1	4.81e-13
sp|P51473|OPSV_XENLA	sp|P51473|OPSV_XENLA Violet-sensitive opsin OS=Xenopus laevis OX=8355 PE=1 SV=1	5.31e-13
sp|P04001|OPSG_HUMAN	sp|P04001|OPSG_HUMAN Medium-wave-sensitive opsin 1 OS=Homo sapiens OX=9606 GN=OPN1MW PE=1 SV=1	5.87e-13
sp|P0DN78|OPSG3_HUMAN	sp|P0DN78|OPSG3_HUMAN Medium-wave-sensitive opsin 3 OS=Homo sapiens OX=9606 GN=OPN1MW3 PE=3 SV=1	5.87e-13
sp|P0DN77|OPSG2_HUMAN	sp|P0DN77|OPSG2_HUMAN Medium-wave-sensitive opsin 2 OS=Homo sapiens OX=9606 GN=OPN1MW2 PE=3 SV=1	5.87e-13
sp|P32312|OPSG2_CARAU	sp|P32312|OPSG2_CARAU Green-sensitive opsin-2 OS=Carassius auratus OX=7957 PE=1 SV=1	5.90e-13
sp|O42307|OPSD_COTBO	sp|O42307|OPSD_COTBO Rhodopsin (Fragment) OS=Cottinella boulengeri OX=61639 GN=rho PE=3 SV=1	7.69e-13
sp|P35357|OPSB_GEKGE	sp|P35357|OPSB_GEKGE Blue-sensitive opsin P467 OS=Gekko gecko OX=36310 PE=1 SV=1	9.15e-13
sp|O16018|OPSD_CAMSC	sp|O16018|OPSD_CAMSC Rhodopsin (Fragment) OS=Cambarellus shufeldtii OX=60963 GN=RHO PE=3 SV=1	9.35e-13
sp|Q9W6A5|OPSG1_DANRE	sp|Q9W6A5|OPSG1_DANRE Green-sensitive opsin-1 OS=Danio rerio OX=7955 GN=opn1mw1 PE=1 SV=2	9.47e-13
sp|P56514|OPSD_BUFBU	sp|P56514|OPSD_BUFBU Rhodopsin OS=Bufo bufo OX=8384 GN=RHO PE=2 SV=1	1.05e-12
sp|O13227|OPSB_CONCO	sp|O13227|OPSB_CONCO Blue-sensitive opsin OS=Conger conger OX=82655 PE=1 SV=1	1.06e-12
sp|O42466|OPSD_TAUBU	sp|O42466|OPSD_TAUBU Rhodopsin (Fragment) OS=Taurulus bubalis OX=61643 GN=rho PE=3 SV=1	1.10e-12
sp|P32311|OPSG1_CARAU	sp|P32311|OPSG1_CARAU Green-sensitive opsin-1 OS=Carassius auratus OX=7957 PE=1 SV=1	1.14e-12
sp|O42604|OPSD_ZEUFA	sp|O42604|OPSD_ZEUFA Rhodopsin OS=Zeus faber OX=64108 GN=rho PE=1 SV=1	1.38e-12
sp|Q9YH01|OPSD_MULSU	sp|Q9YH01|OPSD_MULSU Rhodopsin OS=Mullus surmuletus OX=87757 GN=rho PE=2 SV=1	1.47e-12
sp|Q9W6A9|OP1S1_DANRE	sp|Q9W6A9|OP1S1_DANRE Opsin-1, short-wave-sensitive 1 OS=Danio rerio OX=7955 GN=opn1sw1 PE=1 SV=2	1.50e-12
sp|O18486|OPSD_PROSE	sp|O18486|OPSD_PROSE Rhodopsin (Fragment) OS=Procambarus seminolae OX=61505 GN=RHO PE=3 SV=1	1.54e-12
sp|O42300|OPSD_BATMU	sp|O42300|OPSD_BATMU Rhodopsin (Fragment) OS=Batrachocottus multiradiatus OX=61628 GN=rho PE=3 SV=1	1.60e-12
sp|O16019|OPSD_ORCVI	sp|O16019|OPSD_ORCVI Rhodopsin (Fragment) OS=Orconectes virilis OX=60966 GN=RHO PE=3 SV=1	1.65e-12
sp|Q9YGZ1|OPSD_ATHBO	sp|Q9YGZ1|OPSD_ATHBO Rhodopsin OS=Atherina boyeri OX=87785 GN=rho PE=2 SV=1	1.73e-12
sp|O18312|OPSD_CAMHU	sp|O18312|OPSD_CAMHU Rhodopsin (Fragment) OS=Cambarus hubrichti OX=61487 GN=RHO PE=3 SV=1	2.87e-12
sp|P22269|OPS1_CALVI	sp|P22269|OPS1_CALVI Opsin Rh1 OS=Calliphora vicina OX=7373 GN=NINAE PE=1 SV=1	3.16e-12
sp|P22671|OPSD_LETCA	sp|P22671|OPSD_LETCA Rhodopsin OS=Lethenteron camtschaticum OX=980415 GN=RHO PE=2 SV=1	3.62e-12
sp|P35358|OPSG_GEKGE	sp|P35358|OPSG_GEKGE Green-sensitive opsin P521 OS=Gekko gecko OX=36310 PE=1 SV=1	5.36e-12
sp|P87366|OPSG_ORYLA	sp|P87366|OPSG_ORYLA Green-sensitive opsin OS=Oryzias latipes OX=8090 PE=2 SV=1	5.72e-12
sp|P32310|OPSB_CARAU	sp|P32310|OPSB_CARAU Blue-sensitive opsin OS=Carassius auratus OX=7957 PE=1 SV=1	1.16e-11
sp|O42431|OPSD_LIMPA	sp|O42431|OPSD_LIMPA Rhodopsin (Fragment) OS=Limnocottus pallidus OX=61634 GN=rho PE=3 SV=1	1.69e-11
sp|Q90373|OPSD_LEOKE	sp|Q90373|OPSD_LEOKE Rhodopsin (Fragment) OS=Leocottus kesslerii OX=8099 GN=rho PE=3 SV=1	2.12e-11
sp|Q98980|OPSD_PETMA	sp|Q98980|OPSD_PETMA Rhodopsin OS=Petromyzon marinus OX=7757 GN=RHO PE=3 SV=1	2.40e-11
sp|P51144|NK2R_MESAU	sp|P51144|NK2R_MESAU Substance-K receptor OS=Mesocricetus auratus OX=10036 GN=TACR2 PE=2 SV=1	7.56e-11
sp|P21452|NK2R_HUMAN	sp|P21452|NK2R_HUMAN Substance-K receptor OS=Homo sapiens OX=9606 GN=TACR2 PE=1 SV=3	7.87e-11
sp|O42490|OPSP_PETMA	sp|O42490|OPSP_PETMA Pineal opsin OS=Petromyzon marinus OX=7757 PE=1 SV=1	8.21e-11
sp|O18911|OPSG_ODOVI	sp|O18911|OPSG_ODOVI Medium-wave-sensitive opsin 1 (Fragment) OS=Odocoileus virginianus virginianus OX=9875 GN=OPN1MW PE=1 SV=1	1.12e-10
sp|Q8AYM8|OPSG2_DANRE	sp|Q8AYM8|OPSG2_DANRE Green-sensitive opsin-2 OS=Danio rerio OX=7955 GN=opn1mw2 PE=1 SV=1	1.16e-10
sp|P30549|NK2R_MOUSE	sp|P30549|NK2R_MOUSE Substance-K receptor OS=Mus musculus OX=10090 GN=Tacr2 PE=2 SV=1	1.56e-10
sp|P28680|OPS3_DROPS	sp|P28680|OPS3_DROPS Opsin Rh3 OS=Drosophila pseudoobscura pseudoobscura OX=46245 GN=Rh3 PE=1 SV=3	1.64e-10
sp|A0T2N3|APJB_DANRE	sp|A0T2N3|APJB_DANRE Apelin receptor B OS=Danio rerio OX=7955 GN=aplnrb PE=1 SV=1	2.08e-10
sp|O42427|OPSD_LIMBE	sp|O42427|OPSD_LIMBE Rhodopsin (Fragment) OS=Limnocottus bergianus OX=61633 GN=rho PE=3 SV=1	2.55e-10
sp|P87365|OPSB_ORYLA	sp|P87365|OPSB_ORYLA Blue-sensitive opsin OS=Oryzias latipes OX=8090 PE=2 SV=1	2.65e-10
sp|P04950|OPS3_DROME	sp|P04950|OPS3_DROME Opsin Rh3 OS=Drosophila melanogaster OX=7227 GN=Rh3 PE=1 SV=1	3.73e-10
sp|O13092|OPSB_SAIBB	sp|O13092|OPSB_SAIBB Short-wave-sensitive opsin 1 OS=Saimiri boliviensis boliviensis OX=39432 GN=OPN1SW PE=1 SV=1	3.79e-10
sp|Q5QD24|TAAR3_RAT	sp|Q5QD24|TAAR3_RAT Trace amine-associated receptor 3 OS=Rattus norvegicus OX=10116 GN=Taar3 PE=3 SV=1	4.08e-10
sp|P16610|NK2R_RAT	sp|P16610|NK2R_RAT Substance-K receptor OS=Rattus norvegicus OX=10116 GN=Tacr2 PE=2 SV=1	4.33e-10
sp|P30975|TLR2_DROME	sp|P30975|TLR2_DROME Tachykinin-like peptides receptor 99D OS=Drosophila melanogaster OX=7227 GN=TkR99D PE=2 SV=2	4.57e-10
sp|Q5QD16|TAAR3_MOUSE	sp|Q5QD16|TAAR3_MOUSE Trace amine-associated receptor 3 OS=Mus musculus OX=10090 GN=Taar3 PE=2 SV=1	6.40e-10
sp|P60015|OPSB_PANTR	sp|P60015|OPSB_PANTR Short-wave-sensitive opsin 1 OS=Pan troglodytes OX=9598 GN=OPN1SW PE=3 SV=1	7.30e-10
sp|P60573|OPSB_PANPA	sp|P60573|OPSB_PANPA Short-wave-sensitive opsin 1 OS=Pan paniscus OX=9597 GN=OPN1SW PE=3 SV=1	7.30e-10
sp|P03999|OPSB_HUMAN	sp|P03999|OPSB_HUMAN Short-wave-sensitive opsin 1 OS=Homo sapiens OX=9606 GN=OPN1SW PE=1 SV=1	7.30e-10
sp|P30098|NK3R_CAVPO	sp|P30098|NK3R_CAVPO Neuromedin-K receptor OS=Cavia porcellus OX=10141 GN=TACR3 PE=2 SV=1	7.33e-10
sp|P87368|OPSV_ORYLA	sp|P87368|OPSV_ORYLA Putative violet-sensitive opsin OS=Oryzias latipes OX=8090 PE=1 SV=1	7.35e-10
sp|Q64077|NK2R_CAVPO	sp|Q64077|NK2R_CAVPO Substance-K receptor OS=Cavia porcellus OX=10141 GN=TACR2 PE=2 SV=1	8.26e-10
sp|P79218|NK2R_RABIT	sp|P79218|NK2R_RABIT Substance-K receptor OS=Oryctolagus cuniculus OX=9986 GN=TACR2 PE=2 SV=1	8.82e-10
sp|P51474|OPSG3_ASTFA	sp|P51474|OPSG3_ASTFA Green-sensitive opsin-3 OS=Astyanax fasciatus OX=223369 GN=RH11 PE=2 SV=1	1.12e-09
sp|P51491|OPSB_MOUSE	sp|P51491|OPSB_MOUSE Short-wave-sensitive opsin 1 OS=Mus musculus OX=10090 GN=Opn1sw PE=1 SV=1	2.16e-09
sp|Q63652|OPSB_RAT	sp|Q63652|OPSB_RAT Short-wave-sensitive opsin 1 OS=Rattus norvegicus OX=10116 GN=Opn1sw PE=1 SV=2	2.22e-09
sp|P51490|OPSB_BOVIN	sp|P51490|OPSB_BOVIN Short-wave-sensitive opsin 1 OS=Bos taurus OX=9913 GN=OPN1SW PE=1 SV=1	2.33e-09
sp|Q8MJV2|NPBW2_BOVIN	sp|Q8MJV2|NPBW2_BOVIN Neuropeptides B/W receptor type 2 OS=Bos taurus OX=9913 GN=NPBWR2 PE=2 SV=1	2.87e-09
sp|Q2TAD5|APJB_XENLA	sp|Q2TAD5|APJB_XENLA Apelin receptor B OS=Xenopus laevis OX=8355 GN=aplnr-b PE=2 SV=1	3.31e-09
sp|Q5DUB2|NK2R_CANLF	sp|Q5DUB2|NK2R_CANLF Substance-K receptor OS=Canis lupus familiaris OX=9615 GN=TACR2 PE=2 SV=1	4.41e-09
sp|P49288|MTR1C_CHICK	sp|P49288|MTR1C_CHICK Melatonin receptor type 1C OS=Gallus gallus OX=9031 PE=2 SV=1	4.43e-09
sp|P05363|NK2R_BOVIN	sp|P05363|NK2R_BOVIN Substance-K receptor OS=Bos taurus OX=9913 GN=TACR2 PE=2 SV=1	6.60e-09
sp|A1ZAX0|CCH1R_DROME	sp|A1ZAX0|CCH1R_DROME Neuropeptide CCHamide-1 receptor OS=Drosophila melanogaster OX=7227 GN=CCHa1-R PE=2 SV=2	9.11e-09
sp|P51049|MR1BB_DANRE	sp|P51049|MR1BB_DANRE Melatonin receptor type 1B-B OS=Danio rerio OX=7955 GN=mtnr1bb PE=2 SV=2	9.30e-09
sp|Q17232|OAR_BOMMO	sp|Q17232|OAR_BOMMO Octopamine receptor OS=Bombyx mori OX=7091 PE=2 SV=1	1.03e-08
sp|P79960|APJA_XENLA	sp|P79960|APJA_XENLA Apelin receptor A OS=Xenopus laevis OX=8355 GN=aplnr-a PE=1 SV=2	1.06e-08
sp|Q25188|OAR_HELVI	sp|Q25188|OAR_HELVI Octopamine receptor OS=Heliothis virescens OX=7102 PE=2 SV=1	1.09e-08
sp|O96107|OPS3_MANSE	sp|O96107|OPS3_MANSE Opsin-3 OS=Manduca sexta OX=7130 GN=OP3 PE=2 SV=1	1.76e-08
sp|Q61184|MTR1A_MOUSE	sp|Q61184|MTR1A_MOUSE Melatonin receptor type 1A OS=Mus musculus OX=10090 GN=Mtnr1a PE=2 SV=1	1.77e-08
sp|P49287|MTR1B_RAT	sp|P49287|MTR1B_RAT Melatonin receptor type 1B OS=Rattus norvegicus OX=10116 GN=Mtnr1b PE=2 SV=2	2.41e-08
sp|P49219|MTR1C_XENLA	sp|P49219|MTR1C_XENLA Melatonin receptor type 1C OS=Xenopus laevis OX=8355 GN=mtnr1c PE=2 SV=1	2.80e-08
sp|Q4VA82|APJ_XENTR	sp|Q4VA82|APJ_XENTR Apelin receptor OS=Xenopus tropicalis OX=8364 GN=aplnr PE=2 SV=1	3.17e-08
sp|Q7SZP9|APJA_DANRE	sp|Q7SZP9|APJA_DANRE Apelin receptor A OS=Danio rerio OX=7955 GN=aplnra PE=1 SV=2	3.62e-08
sp|Q93127|GPR18_AMPAM	sp|Q93127|GPR18_AMPAM Probable G-protein coupled receptor No18 OS=Amphibalanus amphitrite OX=1232801 PE=3 SV=1	4.33e-08
sp|Q25322|OAR2_LOCMI	sp|Q25322|OAR2_LOCMI Putative tyramine receptor 2 OS=Locusta migratoria OX=7004 GN=GCR2 PE=2 SV=1	4.57e-08
sp|Q25321|OAR1_LOCMI	sp|Q25321|OAR1_LOCMI Tyramine receptor 1 OS=Locusta migratoria OX=7004 GN=GCR1 PE=1 SV=1	4.65e-08
sp|P28684|OPSV_CHICK	sp|P28684|OPSV_CHICK Violet-sensitive opsin OS=Gallus gallus OX=9031 PE=1 SV=1	5.23e-08
sp|O18793|CCR2_MACMU	sp|O18793|CCR2_MACMU C-C chemokine receptor type 2 OS=Macaca mulatta OX=9544 GN=CCR2 PE=2 SV=2	6.17e-08
sp|Q9Y5Y3|GPR45_HUMAN	sp|Q9Y5Y3|GPR45_HUMAN Probable G-protein coupled receptor 45 OS=Homo sapiens OX=9606 GN=GPR45 PE=1 SV=2	7.78e-08
sp|P0C7U4|C3AR_DANRE	sp|P0C7U4|C3AR_DANRE C3a anaphylatoxin chemotactic receptor OS=Danio rerio OX=7955 GN=c3ar1 PE=3 SV=1	8.22e-08
sp|P30547|NK1R_CAVPO	sp|P30547|NK1R_CAVPO Substance-P receptor OS=Cavia porcellus OX=10141 GN=TACR1 PE=2 SV=1	8.23e-08
sp|P35403|OPSD_POMMI	sp|P35403|OPSD_POMMI Rhodopsin OS=Pomatoschistus minutus OX=13225 GN=rho PE=2 SV=1	1.04e-07
sp|P49286|MTR1B_HUMAN	sp|P49286|MTR1B_HUMAN Melatonin receptor type 1B OS=Homo sapiens OX=9606 GN=MTNR1B PE=1 SV=1	1.06e-07
sp|Q8CIQ6|MTR1B_MOUSE	sp|Q8CIQ6|MTR1B_MOUSE Melatonin receptor type 1B OS=Mus musculus OX=10090 GN=Mtnr1b PE=2 SV=1	1.17e-07
sp|Q5DUB1|NK1R_MERUN	sp|Q5DUB1|NK1R_MERUN Substance-P receptor OS=Meriones unguiculatus OX=10047 GN=TACR1 PE=2 SV=1	1.50e-07
sp|P48039|MTR1A_HUMAN	sp|P48039|MTR1A_HUMAN Melatonin receptor type 1A OS=Homo sapiens OX=9606 GN=MTNR1A PE=1 SV=1	1.51e-07
sp|P51046|MR1AA_DANRE	sp|P51046|MR1AA_DANRE Melatonin receptor type 1A-A OS=Danio rerio OX=7955 GN=mtnr1aa PE=2 SV=2	1.97e-07
sp|P48040|MTR1A_SHEEP	sp|P48040|MTR1A_SHEEP Melatonin receptor type 1A OS=Ovis aries OX=9940 GN=MTNR1A PE=2 SV=1	2.11e-07
sp|P97717|ADA1B_MOUSE	sp|P97717|ADA1B_MOUSE Alpha-1B adrenergic receptor OS=Mus musculus OX=10090 GN=Adra1b PE=1 SV=2	2.16e-07
sp|Q91559|5HT7R_XENLA	sp|Q91559|5HT7R_XENLA 5-hydroxytryptamine receptor 7 OS=Xenopus laevis OX=8355 GN=htr7 PE=2 SV=1	2.37e-07
sp|P32303|AGTRA_XENLA	sp|P32303|AGTRA_XENLA Type-1 angiotensin II receptor A OS=Xenopus laevis OX=8355 GN=agtr1-a PE=2 SV=2	2.38e-07
sp|Q9JHG3|APJ_RAT	sp|Q9JHG3|APJ_RAT Apelin receptor OS=Rattus norvegicus OX=10116 GN=Aplnr PE=2 SV=1	2.90e-07
sp|Q9NS75|CLTR2_HUMAN	sp|Q9NS75|CLTR2_HUMAN Cysteinyl leukotriene receptor 2 OS=Homo sapiens OX=9606 GN=CYSLTR2 PE=1 SV=1	2.96e-07
sp|Q18179|NPR11_CAEEL	sp|Q18179|NPR11_CAEEL Putative neuropeptide Y receptor 11 OS=Caenorhabditis elegans OX=6239 GN=npr-11 PE=3 SV=2	3.22e-07
sp|P49285|MTR1A_CHICK	sp|P49285|MTR1A_CHICK Melatonin receptor type 1A OS=Gallus gallus OX=9031 PE=2 SV=1	3.40e-07
sp|P51678|CCR3_MOUSE	sp|P51678|CCR3_MOUSE Probable C-C chemokine receptor type 3 OS=Mus musculus OX=10090 GN=Ccr3 PE=2 SV=2	3.43e-07
sp|O88495|MTR1L_MOUSE	sp|O88495|MTR1L_MOUSE Melatonin-related receptor OS=Mus musculus OX=10090 GN=Gpr50 PE=1 SV=3	3.49e-07
sp|P30548|NK1R_MOUSE	sp|P30548|NK1R_MOUSE Substance-P receptor OS=Mus musculus OX=10090 GN=Tacr1 PE=2 SV=2	3.75e-07
sp|P25103|NK1R_HUMAN	sp|P25103|NK1R_HUMAN Substance-P receptor OS=Homo sapiens OX=9606 GN=TACR1 PE=1 SV=1	3.93e-07
sp|Q5DUB3|NK1R_CANLF	sp|Q5DUB3|NK1R_CANLF Substance-P receptor OS=Canis lupus familiaris OX=9615 GN=TACR1 PE=2 SV=1	4.34e-07
sp|P14600|NK1R_RAT	sp|P14600|NK1R_RAT Substance-P receptor OS=Rattus norvegicus OX=10116 GN=Tacr1 PE=2 SV=1	4.38e-07
sp|P49217|MTR1A_PHOSU	sp|P49217|MTR1A_PHOSU Melatonin receptor type 1A OS=Phodopus sungorus OX=10044 GN=MTNR1A PE=2 SV=2	4.77e-07
sp|Q9Z2I3|CCR3_CAVPO	sp|Q9Z2I3|CCR3_CAVPO C-C chemokine receptor type 3 OS=Cavia porcellus OX=10141 GN=CCR3 PE=3 SV=1	5.20e-07
sp|Q2HJ17|CCR5_BOVIN	sp|Q2HJ17|CCR5_BOVIN C-C chemokine receptor type 5 OS=Bos taurus OX=9913 GN=CCR5 PE=2 SV=1	5.31e-07
sp|P22270|OAR_DROME	sp|P22270|OAR_DROME Tyramine/octopamine receptor OS=Drosophila melanogaster OX=7227 GN=Oct-TyrR PE=2 SV=2	5.42e-07
sp|P15823|ADA1B_RAT	sp|P15823|ADA1B_RAT Alpha-1B adrenergic receptor OS=Rattus norvegicus OX=10116 GN=Adra1b PE=1 SV=2	5.45e-07
sp|Q28558|MTR1L_SHEEP	sp|Q28558|MTR1L_SHEEP Melatonin-related receptor OS=Ovis aries OX=9940 GN=GPR50 PE=2 SV=2	5.52e-07
sp|Q9P1P4|TAAR3_HUMAN	sp|Q9P1P4|TAAR3_HUMAN Putative trace amine-associated receptor 3 OS=Homo sapiens OX=9606 GN=TAAR3P PE=5 SV=1	5.67e-07
sp|P28682|OPSB_CHICK	sp|P28682|OPSB_CHICK Blue-sensitive opsin OS=Gallus gallus OX=9031 PE=1 SV=1	6.00e-07
sp|P18841|ADA1B_MESAU	sp|P18841|ADA1B_MESAU Alpha-1B adrenergic receptor OS=Mesocricetus auratus OX=10036 GN=ADRA1B PE=1 SV=1	6.35e-07
sp|Q64H34|CCR3_CANLF	sp|Q64H34|CCR3_CANLF C-C chemokine receptor type 3 OS=Canis lupus familiaris OX=9615 GN=CCR3 PE=2 SV=1	8.44e-07
sp|Q9P1P5|TAAR2_HUMAN	sp|Q9P1P5|TAAR2_HUMAN Trace amine-associated receptor 2 OS=Homo sapiens OX=9606 GN=TAAR2 PE=2 SV=2	8.57e-07
sp|Q13585|MTR1L_HUMAN	sp|Q13585|MTR1L_HUMAN Melatonin-related receptor OS=Homo sapiens OX=9606 GN=GPR50 PE=1 SV=3	1.02e-06
sp|P35368|ADA1B_HUMAN	sp|P35368|ADA1B_HUMAN Alpha-1B adrenergic receptor OS=Homo sapiens OX=9606 GN=ADRA1B PE=1 SV=3	1.05e-06
sp|Q9WV08|APJ_MOUSE	sp|Q9WV08|APJ_MOUSE Apelin receptor OS=Mus musculus OX=10090 GN=Aplnr PE=1 SV=1	1.17e-06
sp|P29754|AGTRA_MOUSE	sp|P29754|AGTRA_MOUSE Type-1A angiotensin II receptor OS=Mus musculus OX=10090 GN=Agtr1a PE=1 SV=1	1.51e-06
sp|P51680|CCR4_MOUSE	sp|P51680|CCR4_MOUSE C-C chemokine receptor type 4 OS=Mus musculus OX=10090 GN=Ccr4 PE=2 SV=2	1.66e-06
sp|P25095|AGTRA_RAT	sp|P25095|AGTRA_RAT Type-1A angiotensin II receptor OS=Rattus norvegicus OX=10116 GN=Agtr1 PE=1 SV=1	1.78e-06
sp|P49681|NPBW1_MOUSE	sp|P49681|NPBW1_MOUSE Neuropeptides B/W receptor type 1 OS=Mus musculus OX=10090 GN=Npbwr1 PE=3 SV=2	1.95e-06
sp|P30974|TLR1_DROME	sp|P30974|TLR1_DROME Tachykinin-like peptides receptor 86C OS=Drosophila melanogaster OX=7227 GN=TkR86C PE=2 SV=2	2.35e-06
sp|P29089|AGTRB_RAT	sp|P29089|AGTRB_RAT Type-1B angiotensin II receptor OS=Rattus norvegicus OX=10116 GN=Agtr1b PE=2 SV=1	2.51e-06
sp|P29755|AGTRB_MOUSE	sp|P29755|AGTRB_MOUSE Type-1B angiotensin II receptor OS=Mus musculus OX=10090 GN=Agtr1b PE=3 SV=1	2.77e-06
sp|O55193|CCR2_RAT	sp|O55193|CCR2_RAT C-C chemokine receptor type 2 OS=Rattus norvegicus OX=10116 GN=Ccr2 PE=2 SV=1	2.91e-06
sp|Q5QD12|TAA7A_MOUSE	sp|Q5QD12|TAA7A_MOUSE Trace amine-associated receptor 7a OS=Mus musculus OX=10090 GN=Taar7a PE=2 SV=1	3.32e-06
sp|Q9WV26|AGTR1_CAVPO	sp|Q9WV26|AGTR1_CAVPO Type-1 angiotensin II receptor OS=Cavia porcellus OX=10141 GN=AGTR1 PE=2 SV=1	3.67e-06
sp|O35210|AGTR1_MERUN	sp|O35210|AGTR1_MERUN Type-1 angiotensin II receptor OS=Meriones unguiculatus OX=10047 GN=AGTR1 PE=2 SV=1	3.81e-06
sp|Q25414|5HTR_LYMST	sp|Q25414|5HTR_LYMST 5-hydroxytryptamine receptor OS=Lymnaea stagnalis OX=6523 PE=2 SV=1	3.98e-06
sp|Q56UD9|NPBW1_RAT	sp|Q56UD9|NPBW1_RAT Neuropeptides B/W receptor type 1 OS=Rattus norvegicus OX=10116 GN=Npbwr1 PE=2 SV=1	4.15e-06
sp|P34976|AGTR1_RABIT	sp|P34976|AGTR1_RABIT Type-1 angiotensin II receptor OS=Oryctolagus cuniculus OX=9986 GN=AGTR1 PE=2 SV=1	4.44e-06
sp|Q98907|P2RY3_CHICK	sp|Q98907|P2RY3_CHICK P2Y purinoceptor 3 OS=Gallus gallus OX=9031 GN=P2RY3 PE=2 SV=1	4.53e-06
sp|Q96P65|QRFPR_HUMAN	sp|Q96P65|QRFPR_HUMAN Pyroglutamylated RF-amide peptide receptor OS=Homo sapiens OX=9606 GN=QRFPR PE=1 SV=2	4.61e-06
sp|O93361|P2RY3_MELGA	sp|O93361|P2RY3_MELGA P2Y purinoceptor 3 OS=Meleagris gallopavo OX=9103 GN=P2RY3 PE=3 SV=1	4.83e-06
sp|P25104|AGTR1_BOVIN	sp|P25104|AGTR1_BOVIN Type-1 angiotensin II receptor OS=Bos taurus OX=9913 GN=AGTR1 PE=2 SV=1	6.05e-06
sp|Q5QD25|TAAR2_RAT	sp|Q5QD25|TAAR2_RAT Trace amine-associated receptor 2 OS=Rattus norvegicus OX=10116 GN=Taar2 PE=2 SV=1	6.19e-06
sp|O54799|NMBR_MOUSE	sp|O54799|NMBR_MOUSE Neuromedin-B receptor OS=Mus musculus OX=10090 GN=Nmbr PE=1 SV=1	6.21e-06
sp|O77590|AGTR1_SHEEP	sp|O77590|AGTR1_SHEEP Type-1 angiotensin II receptor OS=Ovis aries OX=9940 GN=AGTR1 PE=2 SV=2	6.33e-06
sp|O97666|APJ_MACMU	sp|O97666|APJ_MACMU Apelin receptor OS=Macaca mulatta OX=9544 GN=APLNR PE=3 SV=1	6.37e-06
sp|O54814|CCR3_RAT	sp|O54814|CCR3_RAT C-C chemokine receptor type 3 OS=Rattus norvegicus OX=10116 GN=Ccr3 PE=2 SV=1	6.44e-06
sp|Q9EQD2|NPFF2_RAT	sp|Q9EQD2|NPFF2_RAT Neuropeptide FF receptor 2 OS=Rattus norvegicus OX=10116 GN=Npffr2 PE=2 SV=1	7.42e-06
sp|E7EM37|DOPR2_CAEEL	sp|E7EM37|DOPR2_CAEEL Dopamine receptor 2 OS=Caenorhabditis elegans OX=6239 GN=dop-2 PE=1 SV=1	8.07e-06
sp|P30555|AGTR1_PIG	sp|P30555|AGTR1_PIG Type-1 angiotensin II receptor OS=Sus scrofa OX=9823 GN=AGTR1 PE=2 SV=1	8.23e-06
sp|Q9GLN9|AGTR1_PANTR	sp|Q9GLN9|AGTR1_PANTR Type-1 angiotensin II receptor OS=Pan troglodytes OX=9598 GN=AGTR1 PE=3 SV=1	1.01e-05
sp|P30556|AGTR1_HUMAN	sp|P30556|AGTR1_HUMAN Type-1 angiotensin II receptor OS=Homo sapiens OX=9606 GN=AGTR1 PE=1 SV=1	1.01e-05
sp|Q1RMU8|NPY1R_BOVIN	sp|Q1RMU8|NPY1R_BOVIN Neuropeptide Y receptor type 1 OS=Bos taurus OX=9913 GN=NPY1R PE=2 SV=1	1.12e-05
sp|P48145|NPBW1_HUMAN	sp|P48145|NPBW1_HUMAN Neuropeptides B/W receptor type 1 OS=Homo sapiens OX=9606 GN=NPBWR1 PE=1 SV=2	1.15e-05
sp|Q95LH1|GPR1_MACFA	sp|Q95LH1|GPR1_MACFA G-protein coupled receptor 1 OS=Macaca fascicularis OX=9541 GN=GPR1 PE=2 SV=1	1.15e-05
sp|Q98982|NK1R_LITCT	sp|Q98982|NK1R_LITCT Substance-P receptor OS=Lithobates catesbeianus OX=8400 GN=TACR1 PE=2 SV=1	1.28e-05
sp|Q6H2Y3|BRS3_MACMU	sp|Q6H2Y3|BRS3_MACMU Bombesin receptor subtype-3 OS=Macaca mulatta OX=9544 GN=BRS3 PE=2 SV=1	1.28e-05
sp|P25929|NPY1R_HUMAN	sp|P25929|NPY1R_HUMAN Neuropeptide Y receptor type 1 OS=Homo sapiens OX=9606 GN=NPY1R PE=1 SV=1	1.32e-05
sp|P32247|BRS3_HUMAN	sp|P32247|BRS3_HUMAN Bombesin receptor subtype-3 OS=Homo sapiens OX=9606 GN=BRS3 PE=1 SV=1	1.49e-05
sp|Q5QD21|TAA7C_RAT	sp|Q5QD21|TAA7C_RAT Trace amine-associated receptor 7c OS=Rattus norvegicus OX=10116 GN=Taar7c PE=3 SV=1	1.55e-05
sp|Q9WVD0|NPY1R_CAVPO	sp|Q9WVD0|NPY1R_CAVPO Neuropeptide Y receptor type 1 OS=Cavia porcellus OX=10141 GN=NPY1R PE=3 SV=1	1.80e-05
sp|Q8MJW8|CCR4_CANLF	sp|Q8MJW8|CCR4_CANLF C-C chemokine receptor type 4 OS=Canis lupus familiaris OX=9615 GN=CCR4 PE=2 SV=1	1.97e-05
sp|O93603|TRFR_CHICK	sp|O93603|TRFR_CHICK Thyrotropin-releasing hormone receptor OS=Gallus gallus OX=9031 GN=TRHR PE=2 SV=1	1.97e-05
sp|O02835|NPY1R_PIG	sp|O02835|NPY1R_PIG Neuropeptide Y receptor type 1 OS=Sus scrofa OX=9823 GN=NPY1R PE=2 SV=2	2.00e-05
sp|P24053|NMBR_RAT	sp|P24053|NMBR_RAT Neuromedin-B receptor OS=Rattus norvegicus OX=10116 GN=Nmbr PE=2 SV=1	2.04e-05
sp|Q5W8W0|TAAR6_PANTR	sp|Q5W8W0|TAAR6_PANTR Trace amine-associated receptor 6 OS=Pan troglodytes OX=9598 GN=TAAR6 PE=3 SV=1	2.24e-05
sp|P47751|BRS4_BOMOR	sp|P47751|BRS4_BOMOR [Phe13]-bombesin receptor OS=Bombina orientalis OX=8346 GN=BB4 PE=2 SV=2	2.39e-05
sp|Q98998|5HT1A_XENLA	sp|Q98998|5HT1A_XENLA 5-hydroxytryptamine receptor 1A OS=Xenopus laevis OX=8355 GN=htr1a PE=2 SV=1	2.59e-05
sp|P29275|AA2BR_HUMAN	sp|P29275|AA2BR_HUMAN Adenosine receptor A2b OS=Homo sapiens OX=9606 GN=ADORA2B PE=1 SV=1	2.60e-05
sp|Q9N297|5HT1A_GORGO	sp|Q9N297|5HT1A_GORGO 5-hydroxytryptamine receptor 1A OS=Gorilla gorilla gorilla OX=9595 GN=HTR1A PE=3 SV=1	2.91e-05
sp|P41596|DOPR1_DROME	sp|P41596|DOPR1_DROME Dopamine receptor 1 OS=Drosophila melanogaster OX=7227 GN=Dop1R1 PE=2 SV=2	2.93e-05
sp|C3ZQF9|QRFPR_BRAFL	sp|C3ZQF9|QRFPR_BRAFL QRFP-like peptide receptor OS=Branchiostoma floridae OX=7739 GN=QRFPR PE=3 SV=1	2.93e-05
sp|P79928|P2RY4_XENLA	sp|P79928|P2RY4_XENLA P2Y purinoceptor 4 OS=Xenopus laevis OX=8355 GN=p2ry4 PE=2 SV=1	3.04e-05
sp|Q9N296|5HT1A_PONPY	sp|Q9N296|5HT1A_PONPY 5-hydroxytryptamine receptor 1A OS=Pongo pygmaeus OX=9600 GN=HTR1A PE=3 SV=1	3.10e-05
sp|O97664|GPR1_MACMU	sp|O97664|GPR1_MACMU G-protein coupled receptor 1 OS=Macaca mulatta OX=9544 GN=GPR1 PE=3 SV=1	3.14e-05
sp|P34992|NPY1R_XENLA	sp|P34992|NPY1R_XENLA Neuropeptide Y receptor type 1 OS=Xenopus laevis OX=8355 GN=npy1r PE=2 SV=1	3.24e-05
sp|Q96RI8|TAAR6_HUMAN	sp|Q96RI8|TAAR6_HUMAN Trace amine-associated receptor 6 OS=Homo sapiens OX=9606 GN=TAAR6 PE=2 SV=1	3.33e-05
sp|Q64264|5HT1A_MOUSE	sp|Q64264|5HT1A_MOUSE 5-hydroxytryptamine receptor 1A OS=Mus musculus OX=10090 GN=Htr1a PE=2 SV=2	3.36e-05
sp|O55040|NMUR1_MOUSE	sp|O55040|NMUR1_MOUSE Neuromedin-U receptor 1 OS=Mus musculus OX=10090 GN=Nmur1 PE=2 SV=2	3.42e-05
sp|P19327|5HT1A_RAT	sp|P19327|5HT1A_RAT 5-hydroxytryptamine receptor 1A OS=Rattus norvegicus OX=10116 GN=Htr1a PE=1 SV=1	3.46e-05
sp|Q5QD13|TAAR6_MOUSE	sp|Q5QD13|TAAR6_MOUSE Trace amine-associated receptor 6 OS=Mus musculus OX=10090 GN=Taar6 PE=2 SV=1	3.68e-05
sp|Q9N298|5HT1A_PANTR	sp|Q9N298|5HT1A_PANTR 5-hydroxytryptamine receptor 1A OS=Pan troglodytes OX=9598 GN=HTR1A PE=3 SV=1	3.71e-05
sp|Q91175|ADA1A_ORYLA	sp|Q91175|ADA1A_ORYLA Alpha-1A adrenergic receptor OS=Oryzias latipes OX=8090 GN=adra1a PE=3 SV=1	3.96e-05
sp|O02813|NPY1R_CANLF	sp|O02813|NPY1R_CANLF Neuropeptide Y receptor type 1 OS=Canis lupus familiaris OX=9615 GN=NPY1R PE=2 SV=2	4.07e-05
sp|P25100|ADA1D_HUMAN	sp|P25100|ADA1D_HUMAN Alpha-1D adrenergic receptor OS=Homo sapiens OX=9606 GN=ADRA1D PE=1 SV=2	4.08e-05
sp|Q60484|5HT1D_CAVPO	sp|Q60484|5HT1D_CAVPO 5-hydroxytryptamine receptor 1D OS=Cavia porcellus OX=10141 GN=HTR1D PE=3 SV=1	4.29e-05
sp|P28221|5HT1D_HUMAN	sp|P28221|5HT1D_HUMAN 5-hydroxytryptamine receptor 1D OS=Homo sapiens OX=9606 GN=HTR1D PE=1 SV=1	4.34e-05
sp|P79945|PSP24_XENLA	sp|P79945|PSP24_XENLA High-affinity lysophosphatidic acid receptor OS=Xenopus laevis OX=8355 PE=2 SV=1	4.42e-05
